trap,arm,env,method_a,method_b,estimand,delta_mean_bootstrap,ci95_lo,ci95_hi,n_boot_valid,bootstrap_seed_clusters_per_rep,seed_delta_mean,seed_delta_sd,seed_deltas_json,ci_excludes_zero,p_boot_two_sided
trapA,mask,test_rev,mask,erm,mean_seed_specific_paired_auc_delta,0.00758879065684454,-0.01108153670805795,0.027775479724306763,10000,5,0.00770204330692732,0.018326499689843113,"[0.0036504212945233094, -0.0012475184578752962, -0.012709094289604206, 0.012743601149328376, 0.036072806838264415]",False,0.449
trapA,mask,clean,mask,erm,mean_seed_specific_paired_auc_delta,0.019891922887450467,0.009946924502203604,0.030078553243634024,10000,5,0.01980198902117347,0.005506219721428299,"[0.018250516860340738, 0.016673201682469663, 0.014333963071219813, 0.021155628430883255, 0.02859663506095389]",True,0.0001
trapA,balanced,test_rev,balanced,erm,mean_seed_specific_paired_auc_delta,0.1601551800804292,0.14689573392883434,0.1750993082628859,10000,5,0.1601618090519558,0.015064530394848563,"[0.14751292608196098, 0.1544283906412124, 0.14842470806268793, 0.16736195433943657, 0.18308106613448105]",True,0.0001
trapA,balanced,clean,balanced,erm,mean_seed_specific_paired_auc_delta,0.04884999078546491,0.04028886137873629,0.05864523932121448,10000,5,0.048756861766592996,0.008765543625750449,"[0.04058244813573819, 0.04643277251015898, 0.04292168674698793, 0.05110679404006557, 0.0627406074000143]",True,0.0001
trapA,mte,test_rev,mte,erm,mean_seed_specific_paired_auc_delta,-0.08515395458326001,-0.10400268627913759,-0.06516479713503352,10000,5,-0.08529330880954522,0.016682555553766108,"[-0.08342708732286475, -0.10089305528066161, -0.09653873604788554, -0.08743192392310573, -0.058175741473208475]",True,0.0001
trapA,mte,clean,mte,erm,mean_seed_specific_paired_auc_delta,-0.009816577889891057,-0.020489848487922905,0.0006143366258016599,10000,5,-0.00976242247094885,0.005751717555536283,"[-0.0065142225707565116, -0.017555428815855145, -0.013246774078562673, -0.008635132244956045, -0.0028605546446138774]",False,0.069
trapA,mte_balanced,test_rev,mte_balanced,erm,mean_seed_specific_paired_auc_delta,0.22449929789162928,0.2006253460180826,0.24991777575196902,10000,5,0.22434651370070827,0.025030600808016838,"[0.2123647548831865, 0.2158386862671008, 0.19807354361216556, 0.2318133182654275, 0.26364226547566094]",True,0.0001
trapA,mte_balanced,clean,mte_balanced,erm,mean_seed_specific_paired_auc_delta,0.07404152453417298,0.05987589056003353,0.08883015444362076,10000,5,0.0740117273829044,0.011588367574058277,"[0.06180491195551441, 0.06676409781136394, 0.0712287017894061, 0.07878110073429812, 0.09147982462393944]",True,0.0001
trapA,mte_protect,test_rev,mte_protect,erm,mean_seed_specific_paired_auc_delta,-0.032417107042771655,-0.05157677723190191,-0.011579678330939383,10000,5,-0.03263043815103388,0.01855079640854452,"[-0.035456960934507675, -0.04215772711733279, -0.05134618037437555, -0.032009281188761673, -0.002182041140191715]",True,0.0018
trapA,mte_protect,clean,mte_protect,erm,mean_seed_specific_paired_auc_delta,0.0008165196821261306,-0.009945920108406083,0.011874223940962707,10000,5,0.0008644043630141596,0.007277811582226603,"[0.0005124046481783662, -0.0050973123262278985, -0.002633314322378233, -0.0018402010408498093, 0.013380444856348372]",False,0.8838
trapA,mte_aug,test_rev,mte_aug,erm,mean_seed_specific_paired_auc_delta,0.02570492832494923,0.00737190417375193,0.04516087513962458,10000,5,0.025864073130167652,0.017658554373504134,"[0.008569513596323297, 0.01819097828238314, 0.014328469210884709, 0.03740727827937318, 0.05082412628187394]",True,0.0038
trapA,mte_aug,clean,mte_aug,erm,mean_seed_specific_paired_auc_delta,0.02746993285487315,0.017526283371387587,0.0375548191185042,10000,5,0.027474691666072616,0.005214283085355726,"[0.02226955157909738, 0.023472588579168785, 0.025856384116347164, 0.0313992657018608, 0.034375668353888944]",True,0.0001
trapB,mask,test_rev,mask,erm,mean_seed_specific_paired_auc_delta,0.4151112808786289,0.3897843510789477,0.44006201802182116,10000,5,0.4152398313052232,0.018971803337230385,"[0.39804508611426953, 0.407005977404784, 0.43304917895442374, 0.3999436684365905, 0.43815524561604813]",True,0.0001
trapB,mask,clean,mask,erm,mean_seed_specific_paired_auc_delta,0.18543706391514653,0.16520598679044937,0.20624468233532947,10000,5,0.18549048264062162,0.01840514881488858,"[0.1605296927354387, 0.2118949169458899, 0.1897724032223569, 0.18249180152562927, 0.18276359877379333]",True,0.0001
trapB,balanced,test_rev,balanced,erm,mean_seed_specific_paired_auc_delta,0.22363541691163027,0.20665306638355124,0.24171131808978882,10000,5,0.22352042442964298,0.01691886843658181,"[0.24847435349099217, 0.23178351988817153, 0.20765960120643434, 0.20975161953244809, 0.21993302803016868]",True,0.0001
trapB,balanced,clean,balanced,erm,mean_seed_specific_paired_auc_delta,0.05879816539022131,0.04529560432537068,0.07333941613883481,10000,5,0.058773258715334696,0.01462914336696171,"[0.06633189562985664, 0.08071932701219076, 0.04499358380266627, 0.05228309688457977, 0.04953839024738005]",True,0.0001
trapB,mte,test_rev,mte,erm,mean_seed_specific_paired_auc_delta,0.4052459400000779,0.37474711733192917,0.43621284345645545,10000,5,0.4052855501716026,0.028599239735897133,"[0.3950094407527565, 0.37380165030617246, 0.42463974530831106, 0.388656492212683, 0.4443204222780902]",True,0.0001
trapB,mte,clean,mte,erm,mean_seed_specific_paired_auc_delta,0.1782436374843849,0.15940762069165687,0.19596290996773955,10000,5,0.17821344549796816,0.013411840982235359,"[0.15565070934626068, 0.18687620303700003, 0.18652420332216435, 0.17597312326227987, 0.18604298852213585]",True,0.0001
trapB,mte_balanced,test_rev,mte_balanced,erm,mean_seed_specific_paired_auc_delta,0.43368932802127164,0.40550089968660313,0.4632134271956834,10000,5,0.4337466569433868,0.024789084659240703,"[0.41068839256840634, 0.4122114311346638, 0.46364988270777496, 0.4259187782309804, 0.4562648000751087]",True,0.0001
trapB,mte_balanced,clean,mte_balanced,erm,mean_seed_specific_paired_auc_delta,0.1828715963727372,0.1606747667123225,0.20414240556727167,10000,5,0.1828856847508376,0.01948529533852381,"[0.1546036215869394, 0.19731589078206302, 0.20291224067869096, 0.18652420332216435, 0.17307246738433024]",True,0.0001
trapB,mte_protect,test_rev,mte_protect,erm,mean_seed_specific_paired_auc_delta,0.39046234265508095,0.36236984141610035,0.418021690151291,10000,5,0.3903049809750577,0.02344672662408314,"[0.3829190181617133, 0.36063675530194766, 0.4158951910187667, 0.37954955612814395, 0.4125243842647167]",True,0.0001
trapB,mte_protect,clean,mte_protect,erm,mean_seed_specific_paired_auc_delta,0.1652118413800174,0.14616259411982013,0.18400021241858236,10000,5,0.16517608897126962,0.01410722284446682,"[0.14268018820845496, 0.1791455763883938, 0.1747923647251728, 0.1636887787837742, 0.16557353675055242]",True,0.0001
trapB,mte_aug,test_rev,mte_aug,erm,mean_seed_specific_paired_auc_delta,0.418683996543952,0.3945071965600269,0.4434628191364955,10000,5,0.41868442653946863,0.01692793432225206,"[0.4020926132629536, 0.4094365800481948, 0.4357615616621985, 0.407976132107948, 0.43815524561604835]",True,0.0001
trapB,mte_aug,clean,mte_aug,erm,mean_seed_specific_paired_auc_delta,0.1880111948405775,0.16827872068947372,0.20817337594619378,10000,5,0.18794200470521136,0.017128325167924136,"[0.1644284237541882, 0.2122201825051686, 0.1919289584372995, 0.18698313965922875, 0.18414931917017174]",True,0.0001
