overlap,tertile,n_mel,mask_minus_erm,artifact_to_lesion_ratio_median
0.0,large,36,0.24843819723337798,0.011733632295516518
0.0,medium,21,0.21485845197185396,0.030752149607002538
0.0,small,16,0.15008090614886727,0.10574535491052316
0.5,large,36,0.08668005354752344,0.011733632295516518
0.5,medium,21,-0.12911143838978892,0.030752149607002538
0.5,small,16,-0.3256472491909385,0.10574535491052316
1.0,large,36,0.06392235609103071,0.011733632295516518
1.0,medium,21,-0.1582392407134675,0.030752149607002538
1.0,small,16,-0.36387540453074435,0.10574535491052316
