transform,k,overlap,clean_trained_clean_auc,trap_clean_auc,trap_rev_auc,trap_gap_clean_minus_rev
none,64,0.0,0.8118979621472482,0.7973280410474853,0.6649240847411136,0.1324039563063717
none,64,0.5,0.8118979621472482,0.7931168013940656,0.5727608629007536,0.22035593849331203
none,64,1.0,0.8118979621472482,0.7922616454491181,0.5151427142326992,0.27711893121641895
i2e,64,0.0,0.8475724865675976,0.8484599125482033,0.8436355422172741,0.004824370330929195
i2e,64,0.5,0.8475724865675976,0.8499443341884892,0.8328896203430305,0.017054713845458758
i2e,64,1.0,0.8475724865675976,0.846943220872259,0.8183035642254385,0.028639656646820555
random64,64,0.0,0.8108330509705214,0.7956499991932491,0.6683931135743905,0.12725688561885862
random64,64,0.5,0.8108330509705214,0.7915032996111461,0.5807154266905464,0.21078787292059964
random64,64,1.0,0.8108330509705214,0.7895509624538134,0.5236942736821725,0.2658566887716409
pca64,64,0.0,0.6431095406360425,0.5689368636752344,0.194830340287526,0.37410652338770845
pca64,64,0.5,0.6431095406360425,0.5704858253868371,0.1468286622456718,0.4236571631411653
pca64,64,1.0,0.6431095406360425,0.5486390112461074,0.13682495119157104,0.41181406005453636
