trap,fold,erm_rev,erm_rev_inpainted_at_test,erm_clean,i2e_energy_remaining_k64,pixel_share_of_gap
trapA,0,0.4754910714285714,0.6029464285714285,0.7482836119577599,0.1713149423746334,0.46722449556577794
trapA,1,0.33194686411149826,0.5214067944250871,0.7565653190778483,0.1755736484654633,0.4461886385239734
trapA,2,0.3833590190297508,0.5670564191905656,0.7483098591549295,0.1782480406819612,0.5033483416500871
trapA,3,0.34057649667405765,0.5304575690385003,0.7264306298888431,0.17585011215956148,0.49210584005522484
trapA,4,0.4128484848484848,0.581959595959596,0.7866418764302059,0.1754328710240992,0.4524186754493199
trapB,0,0.39542410714285714,0.5724107142857143,0.7769465225824328,0.1713149423746334,0.46389569781618184
trapB,1,0.32367160278745644,0.47486933797909403,0.7208820581356499,0.1755736484654633,0.3806489309529834
trapB,2,0.35947132136156523,0.5393158670597694,0.772225352112676,0.1782480406819612,0.4357184480329154
trapB,3,0.35315460592622455,0.5402741382785728,0.7714422944970495,0.17585011215956148,0.4473464973154834
trapB,4,0.3636565656565657,0.5414545454545454,0.7584096109839816,0.1754328710240992,0.4504030606033972
