trap,fold,env,n,n_mel,n_art
drain,0,train_corr,14423,1090,2314
drain,0,test_corr,4806,363,771
drain,0,test_rev,1788,422,1272
drain,0,clean_test,4381,381,0
drain,0,clean_val,4380,381,0
drain,0,val_groups,5935,708,1555
drain,1,train_corr,14423,1090,2314
drain,1,test_corr,4805,362,770
drain,1,test_rev,1786,423,1269
drain,1,clean_test,4380,381,0
drain,1,clean_val,4382,381,0
drain,1,val_groups,5939,709,1557
drain,2,train_corr,14420,1090,2314
drain,2,test_corr,4808,363,770
drain,2,test_rev,1787,422,1270
drain,2,clean_test,4382,381,0
drain,2,clean_val,4383,382,0
drain,2,val_groups,5939,709,1556
drain,3,train_corr,14424,1091,2315
drain,3,test_corr,4807,363,772
drain,3,test_rev,1788,423,1271
drain,3,clean_test,4383,382,0
drain,3,clean_val,4380,381,0
drain,3,val_groups,5935,708,1555
drain,4,train_corr,14424,1090,2314
drain,4,test_corr,4806,363,771
drain,4,test_rev,1786,423,1268
drain,4,clean_test,4380,381,0
drain,4,clean_val,4381,381,0
drain,4,val_groups,5939,709,1558
