overlap,method_a,method_b,env,estimand,delta_mean_bootstrap,ci95_lo,ci95_hi,n_boot_valid,bootstrap_seed_clusters_per_rep,seed_delta_mean,seed_delta_sd,seed_deltas_json,ci_excludes_zero,p_boot_two_sided,estimator
0.0,mask,erm,test_rev,mean_seed_specific_paired_auc_delta,0.37400841990370853,0.24763125225121252,0.5090865133801388,10000,3,0.37407867494824015,0.06562597047058241,"[0.3209937888198757, 0.4474534161490683, 0.3537888198757764]",True,0.0001,crossed cluster x image (Poisson) bootstrap
0.25,mask,erm,test_rev,mean_seed_specific_paired_auc_delta,0.39656569162099914,0.2849083742833743,0.509044991000636,10000,3,0.3967701863354038,0.04885447543542554,"[0.36968944099378886, 0.45316770186335403, 0.36745341614906835]",True,0.0001,crossed cluster x image (Poisson) bootstrap
0.5,mask,erm,test_rev,mean_seed_specific_paired_auc_delta,0.37191898083624536,0.2527744134131281,0.4922220906834607,10000,3,0.37134575569358175,0.044972604314395995,"[0.3267080745341615, 0.4166459627329192, 0.3706832298136645]",True,0.0001,crossed cluster x image (Poisson) bootstrap
0.75,mask,erm,test_rev,mean_seed_specific_paired_auc_delta,0.30798157948726157,0.19242811135054338,0.42760412795738884,10000,3,0.3074120082815735,0.03885346786749613,"[0.31055900621118016, 0.34459627329192544, 0.2670807453416149]",True,0.0001,crossed cluster x image (Poisson) bootstrap
1.0,mask,erm,test_rev,mean_seed_specific_paired_auc_delta,0.21561853683791624,0.11834542768678163,0.31670158530623643,10000,3,0.21631469979296067,0.02834295180584634,"[0.1836024844720497, 0.23354037267080743, 0.23180124223602483]",True,0.0001,crossed cluster x image (Poisson) bootstrap
0.0,inpaint,erm,test_rev,mean_seed_specific_paired_auc_delta,0.30301576945989916,0.20089552101952401,0.4139205336573758,10000,3,0.3031055900621118,0.060280583092459414,"[0.2516770186335403, 0.3694409937888199, 0.2881987577639752]",True,0.0001,crossed cluster x image (Poisson) bootstrap
0.25,inpaint,erm,test_rev,mean_seed_specific_paired_auc_delta,0.41214824915115605,0.3031549881072393,0.5292735535074246,10000,3,0.4116770186335404,0.06277460026052659,"[0.3945341614906832, 0.48124223602484467, 0.3592546583850932]",True,0.0001,crossed cluster x image (Poisson) bootstrap
0.5,inpaint,erm,test_rev,mean_seed_specific_paired_auc_delta,0.4872444967033982,0.37152690095398433,0.6033987048092553,10000,3,0.48695652173913045,0.062455199791684714,"[0.4452173913043478, 0.5587577639751553, 0.4568944099378882]",True,0.0001,crossed cluster x image (Poisson) bootstrap
0.75,inpaint,erm,test_rev,mean_seed_specific_paired_auc_delta,0.5155876987133277,0.4097543351803851,0.6207545575916107,10000,3,0.515776397515528,0.0518540922291324,"[0.5018633540372671, 0.573167701863354, 0.4722981366459627]",True,0.0001,crossed cluster x image (Poisson) bootstrap
1.0,inpaint,erm,test_rev,mean_seed_specific_paired_auc_delta,0.5705023362754943,0.45935733486943164,0.6752846071324299,10000,3,0.5703519668737059,0.06939657167935392,"[0.5445962732919254, 0.648944099378882, 0.5175155279503105]",True,0.0001,crossed cluster x image (Poisson) bootstrap
0.0,balanced,erm,test_rev,mean_seed_specific_paired_auc_delta,0.28763356605848456,0.185476403823178,0.4016737155388471,10000,3,0.2876190476190476,0.060170575702485636,"[0.24720496894409938, 0.3567701863354037, 0.2588819875776397]",True,0.0001,crossed cluster x image (Poisson) bootstrap
0.25,balanced,erm,test_rev,mean_seed_specific_paired_auc_delta,0.3717465634297481,0.2733822546017668,0.4716162652280729,10000,3,0.3713457556935818,0.03167320238450014,"[0.36347826086956525, 0.4062111801242236, 0.3443478260869566]",True,0.0001,crossed cluster x image (Poisson) bootstrap
0.5,balanced,erm,test_rev,mean_seed_specific_paired_auc_delta,0.43262603085306967,0.32884925045141766,0.5398445562660459,10000,3,0.4322153209109731,0.044607402430326404,"[0.40223602484472043, 0.48347826086956525, 0.41093167701863353]",True,0.0001,crossed cluster x image (Poisson) bootstrap
0.75,balanced,erm,test_rev,mean_seed_specific_paired_auc_delta,0.4622550549608264,0.3655641922548683,0.565090675352772,10000,3,0.4616149068322981,0.049272160934332565,"[0.44149068322981366, 0.5177639751552795, 0.4255900621118012]",True,0.0001,crossed cluster x image (Poisson) bootstrap
1.0,balanced,erm,test_rev,mean_seed_specific_paired_auc_delta,0.5336972965819585,0.43033639147688063,0.6364128625134264,10000,3,0.5329192546583851,0.059656825002800506,"[0.5011180124223602, 0.6017391304347827, 0.4959006211180125]",True,0.0001,crossed cluster x image (Poisson) bootstrap
0.0,dfr,erm,test_rev,mean_seed_specific_paired_auc_delta,0.2933576480797918,0.18561745889111617,0.41611988687314616,10000,3,0.29358178053830225,0.06835429359653858,"[0.23503105590062112, 0.368695652173913, 0.2770186335403727]",True,0.0001,crossed cluster x image (Poisson) bootstrap
0.25,dfr,erm,test_rev,mean_seed_specific_paired_auc_delta,0.40373978681133904,0.2818579786456048,0.5304565799187893,10000,3,0.40273291925465843,0.06770494038252242,"[0.3771428571428571, 0.4795031055900621, 0.35155279503105596]",True,0.0001,crossed cluster x image (Poisson) bootstrap
0.5,dfr,erm,test_rev,mean_seed_specific_paired_auc_delta,0.4770812366361322,0.3512048850290794,0.6036757392473119,10000,3,0.47743271221532085,0.07197783237627527,"[0.4168944099378882, 0.5570186335403726, 0.4583850931677018]",True,0.0001,crossed cluster x image (Poisson) bootstrap
0.75,dfr,erm,test_rev,mean_seed_specific_paired_auc_delta,0.5014612211136192,0.38701387227935896,0.6123261408247163,10000,3,0.5014492753623189,0.0599650546143819,"[0.4760248447204969, 0.5699378881987578, 0.4583850931677019]",True,0.0001,crossed cluster x image (Poisson) bootstrap
1.0,dfr,erm,test_rev,mean_seed_specific_paired_auc_delta,0.5747943938168434,0.45259785993598944,0.6951773277709957,10000,3,0.5747412008281574,0.07205925545120484,"[0.5359006211180124, 0.657888198757764, 0.5304347826086957]",True,0.0001,crossed cluster x image (Poisson) bootstrap
0.0,leace,erm,test_rev,mean_seed_specific_paired_auc_delta,0.3183822377883728,0.2115689553974199,0.4332476943346508,10000,3,0.31850931677018635,0.06582725791590194,"[0.2650931677018633, 0.39204968944099383, 0.2983850931677019]",True,0.0001,crossed cluster x image (Poisson) bootstrap
0.25,leace,erm,test_rev,mean_seed_specific_paired_auc_delta,0.4368373085243236,0.3204062316735159,0.5593356117640579,10000,3,0.43635610766045546,0.06887247505944971,"[0.41714285714285715, 0.5127950310559006, 0.37913043478260877]",True,0.0001,crossed cluster x image (Poisson) bootstrap
0.5,leace,erm,test_rev,mean_seed_specific_paired_auc_delta,0.5055193806159135,0.38936704362872326,0.6246344833824331,10000,3,0.5069979296066253,0.07067627964534694,"[0.4640993788819876, 0.5885714285714285, 0.46832298136645956]",True,0.0001,crossed cluster x image (Poisson) bootstrap
0.75,leace,erm,test_rev,mean_seed_specific_paired_auc_delta,0.5295670222775664,0.4235427922205283,0.634943991665506,10000,3,0.5296894409937888,0.05340921520791535,"[0.5125465838509317, 0.5895652173913043, 0.48695652173913045]",True,0.0001,crossed cluster x image (Poisson) bootstrap
1.0,leace,erm,test_rev,mean_seed_specific_paired_auc_delta,0.6077954757751095,0.4986147586168878,0.7106920958694543,10000,3,0.6075362318840579,0.0757337557786172,"[0.5788819875776396, 0.693416149068323, 0.5503105590062112]",True,0.0001,crossed cluster x image (Poisson) bootstrap
0.0,umte_protect,erm,test_rev,mean_seed_specific_paired_auc_delta,0.3619644263142059,0.23721990740740745,0.48949734685028806,10000,3,0.36091097308488607,0.06508289394687625,"[0.30658385093167695, 0.43304347826086953, 0.34310559006211183]",True,0.0001,crossed cluster x image (Poisson) bootstrap
0.25,umte_protect,erm,test_rev,mean_seed_specific_paired_auc_delta,0.43212624935137967,0.30877057702380517,0.5570929423625034,10000,3,0.43254658385093175,0.06477376475306564,"[0.4047204968944099, 0.5065838509316771, 0.38633540372670816]",True,0.0001,crossed cluster x image (Poisson) bootstrap
0.5,umte_protect,erm,test_rev,mean_seed_specific_paired_auc_delta,0.4204280580804697,0.28977568790115904,0.5485641019659078,10000,3,0.4211180124223602,0.0591706111226842,"[0.3677018633540372, 0.4847204968944099, 0.41093167701863353]",True,0.0001,crossed cluster x image (Poisson) bootstrap
0.75,umte_protect,erm,test_rev,mean_seed_specific_paired_auc_delta,0.4264430320868269,0.28402182773936024,0.5718528949790808,10000,3,0.4253416149068323,0.10828536585483584,"[0.3552795031055901, 0.5500621118012422, 0.3706832298136646]",True,0.0001,crossed cluster x image (Poisson) bootstrap
1.0,umte_protect,erm,test_rev,mean_seed_specific_paired_auc_delta,0.3307979753999302,0.18421930856667346,0.48466571243797224,10000,3,0.33060041407867496,0.12414564841858029,"[0.2285714285714286, 0.4688198757763975, 0.2944099378881988]",True,0.0001,crossed cluster x image (Poisson) bootstrap
0.0,umte_protect_balanced,erm,test_rev,mean_seed_specific_paired_auc_delta,0.35461649647221255,0.23029400725304242,0.48832761419114074,10000,3,0.3546997929606625,0.06389747842186146,"[0.3028571428571428, 0.4260869565217391, 0.33515527950310553]",True,0.0001,crossed cluster x image (Poisson) bootstrap
0.25,umte_protect_balanced,erm,test_rev,mean_seed_specific_paired_auc_delta,0.4518480354868103,0.33127211004634133,0.5766775937272803,10000,3,0.4520082815734989,0.0686619859923192,"[0.42434782608695654, 0.5301863354037266, 0.40149068322981374]",True,0.0001,crossed cluster x image (Poisson) bootstrap
0.5,umte_protect_balanced,erm,test_rev,mean_seed_specific_paired_auc_delta,0.5117449500682207,0.3764198294829483,0.6428507389162562,10000,3,0.5113871635610766,0.07550887848995168,"[0.4648447204968944, 0.5985093167701864, 0.47080745341614905]",True,0.0001,crossed cluster x image (Poisson) bootstrap
0.75,umte_protect_balanced,erm,test_rev,mean_seed_specific_paired_auc_delta,0.535714585882159,0.42073935002195867,0.6470292024522343,10000,3,0.5353209109730849,0.05547516956467079,"[0.5113043478260869, 0.5987577639751552, 0.4959006211180124]",True,0.0001,crossed cluster x image (Poisson) bootstrap
1.0,umte_protect_balanced,erm,test_rev,mean_seed_specific_paired_auc_delta,0.5708403723127472,0.4500259630747382,0.6857374016134159,10000,3,0.5701035196687371,0.07059588456839692,"[0.5222360248447204, 0.6511801242236025, 0.5368944099378882]",True,0.0001,crossed cluster x image (Poisson) bootstrap
0.0,i2e,erm,test_rev,mean_seed_specific_paired_auc_delta,0.018175494195239943,-0.04359257636600645,0.08385220549360516,10000,3,0.018053830227743244,0.049192755714050324,"[-0.037018633540372714, 0.05763975155279499, 0.03354037267080745]",False,0.5884,crossed cluster x image (Poisson) bootstrap
0.25,i2e,erm,test_rev,mean_seed_specific_paired_auc_delta,-0.04370790312878015,-0.10036425796425798,0.012625362680316013,10000,3,-0.04389233954451344,0.0345174751530727,"[-0.0603726708074534, -0.0042236024844720665, -0.06708074534161484]",False,0.1262,crossed cluster x image (Poisson) bootstrap
0.5,i2e,erm,test_rev,mean_seed_specific_paired_auc_delta,-0.03345379879425635,-0.09249164435066484,0.027421749755620676,10000,3,-0.0337888198757764,0.04476464349636854,"[-0.05863354037267082, 0.017888198757763984, -0.06062111801242237]",False,0.2696,crossed cluster x image (Poisson) bootstrap
0.75,i2e,erm,test_rev,mean_seed_specific_paired_auc_delta,-0.03474653956244129,-0.07742018801283394,0.011019178770799868,10000,3,-0.03428571428571431,0.02639159597493564,"[-0.05465838509316773, -0.004472049689441038, -0.04372670807453416]",False,0.1182,crossed cluster x image (Poisson) bootstrap
1.0,i2e,erm,test_rev,mean_seed_specific_paired_auc_delta,-0.05149669612569221,-0.09314113965744399,-0.015000917983955267,10000,3,-0.05159420289855073,0.013953652654831505,"[-0.040000000000000036, -0.047701863354037255, -0.0670807453416149]",True,0.0042,crossed cluster x image (Poisson) bootstrap
0.0,i2e_balanced,erm,test_rev,mean_seed_specific_paired_auc_delta,0.24129477060374646,0.1454136506260158,0.35120255975452186,10000,3,0.24124223602484465,0.06329165117367834,"[0.19354037267080737, 0.31304347826086953, 0.21714285714285708]",True,0.0001,crossed cluster x image (Poisson) bootstrap
0.25,i2e_balanced,erm,test_rev,mean_seed_specific_paired_auc_delta,0.3145508112971568,0.21844085983023753,0.4153863011002099,10000,3,0.31378881987577645,0.03019630231898333,"[0.30434782608695654, 0.3475776397515528, 0.28944099378881993]",True,0.0001,crossed cluster x image (Poisson) bootstrap
0.5,i2e_balanced,erm,test_rev,mean_seed_specific_paired_auc_delta,0.35224510442918044,0.25323550827994934,0.45645047301836095,10000,3,0.3523809523809523,0.042374149980889064,"[0.33018633540372666, 0.40124223602484466, 0.32571428571428573]",True,0.0001,crossed cluster x image (Poisson) bootstrap
0.75,i2e_balanced,erm,test_rev,mean_seed_specific_paired_auc_delta,0.40539338048103557,0.29945417062643537,0.5125130899641666,10000,3,0.40505175983436853,0.04520123479929093,"[0.3724223602484472, 0.45664596273291924, 0.38608695652173913]",True,0.0001,crossed cluster x image (Poisson) bootstrap
1.0,i2e_balanced,erm,test_rev,mean_seed_specific_paired_auc_delta,0.4572329173000875,0.35009077229260716,0.5737658465003725,10000,3,0.4575569358178054,0.06763257418853258,"[0.41838509316770184, 0.5356521739130435, 0.41863354037267086]",True,0.0001,crossed cluster x image (Poisson) bootstrap
0.0,i2e_rank1,erm,test_rev,mean_seed_specific_paired_auc_delta,0.04815390424711093,0.026817376518282667,0.0725516895564436,10000,3,0.0481159420289855,0.00949423800401758,"[0.03925465838509312, 0.058136645962732936, 0.04695652173913045]",True,0.0001,crossed cluster x image (Poisson) bootstrap
0.25,i2e_rank1,erm,test_rev,mean_seed_specific_paired_auc_delta,0.0592837500029799,0.03982732807184794,0.08132995847509919,10000,3,0.05929606625258802,0.004341314259902626,"[0.058136645962732936, 0.06409937888198758, 0.05565217391304356]",True,0.0001,crossed cluster x image (Poisson) bootstrap
0.5,i2e_rank1,erm,test_rev,mean_seed_specific_paired_auc_delta,0.04519983446539911,0.026205165678212003,0.0665847192165865,10000,3,0.04513457556935815,0.0038515994879448514,"[0.04074534161490678, 0.04795031055900617, 0.04670807453416148]",True,0.0001,crossed cluster x image (Poisson) bootstrap
0.75,i2e_rank1,erm,test_rev,mean_seed_specific_paired_auc_delta,0.05044259534760021,0.03225806451612904,0.07055358850227403,10000,3,0.05043478260869564,0.004067256035713038,"[0.051428571428571435, 0.04596273291925462, 0.05391304347826087]",True,0.0001,crossed cluster x image (Poisson) bootstrap
1.0,i2e_rank1,erm,test_rev,mean_seed_specific_paired_auc_delta,0.038994389569461524,0.02212365514410367,0.05869282289716198,10000,3,0.03900621118012421,0.0030122622740328077,"[0.03950310559006209, 0.041739130434782584, 0.03577639751552797]",True,0.0001,crossed cluster x image (Poisson) bootstrap
0.0,insert_aug,erm,test_rev,mean_seed_specific_paired_auc_delta,0.09909977882384939,0.06607030036648559,0.13731512202315116,10000,3,0.09937888198757765,0.013779303974024392,"[0.08347826086956522, 0.10683229813664596, 0.10782608695652174]",True,0.0001,crossed cluster x image (Poisson) bootstrap
0.25,insert_aug,erm,test_rev,mean_seed_specific_paired_auc_delta,0.16038386949131103,0.11648849115846945,0.20755712134899126,10000,3,0.15999999999999998,0.00544887259613945,"[0.15527950310559002, 0.16596273291925462, 0.15875776397515529]",True,0.0001,crossed cluster x image (Poisson) bootstrap
0.5,insert_aug,erm,test_rev,mean_seed_specific_paired_auc_delta,0.16341743691014013,0.1171872505587484,0.21401419276419276,10000,3,0.1639751552795031,0.006100884053569563,"[0.15726708074534157, 0.16546583850931673, 0.16919254658385097]",True,0.0001,crossed cluster x image (Poisson) bootstrap
0.75,insert_aug,erm,test_rev,mean_seed_specific_paired_auc_delta,0.17165678829643194,0.12689395913912452,0.21865825424753516,10000,3,0.17151138716356104,0.007794804216672544,"[0.16844720496894405, 0.1657142857142857, 0.1803726708074534]",True,0.0001,crossed cluster x image (Poisson) bootstrap
1.0,insert_aug,erm,test_rev,mean_seed_specific_paired_auc_delta,0.21744985756230553,0.1644207760331144,0.27714285714285714,10000,3,0.21763975155279502,0.01220429723310822,"[0.20596273291925465, 0.2303105590062112, 0.21664596273291925]",True,0.0001,crossed cluster x image (Poisson) bootstrap
0.0,mte,erm,test_rev,mean_seed_specific_paired_auc_delta,0.371822337634931,0.24324286973540704,0.5049388227513227,10000,3,0.37084886128364386,0.06562597047058241,"[0.31776397515527943, 0.444223602484472, 0.3505590062111801]",True,0.0001,crossed cluster x image (Poisson) bootstrap
0.25,mte,erm,test_rev,mean_seed_specific_paired_auc_delta,0.29240294695297137,0.17784680489956342,0.41377589323535957,10000,3,0.29134575569358184,0.030491602008386198,"[0.2715527950310559, 0.3264596273291926, 0.27602484472049693]",True,0.0001,crossed cluster x image (Poisson) bootstrap
0.5,mte,erm,test_rev,mean_seed_specific_paired_auc_delta,0.13223057598950513,0.003567832934609277,0.260533440860215,10000,3,0.1324223602484472,0.014639423465993786,"[0.11950310559006205, 0.1483229813664596, 0.1294409937888199]",True,0.0444,crossed cluster x image (Poisson) bootstrap
0.75,mte,erm,test_rev,mean_seed_specific_paired_auc_delta,0.03708913708969779,-0.08465491441141675,0.16100286852467083,10000,3,0.03652173913043475,0.014480444343749375,"[0.05217391304347824, 0.023602484472049656, 0.033788819875776366]",False,0.5566,crossed cluster x image (Poisson) bootstrap
1.0,mte,erm,test_rev,mean_seed_specific_paired_auc_delta,-0.08222533596731253,-0.1551356857589874,-0.016406266612796903,10000,3,-0.08231884057971015,0.00797098760448262,"[-0.08298136645962734, -0.07403726708074534, -0.08993788819875775]",True,0.0158,crossed cluster x image (Poisson) bootstrap
0.0,mte_balanced,erm,test_rev,mean_seed_specific_paired_auc_delta,0.36274426992190817,0.23437176098673299,0.49737268595192224,10000,3,0.36265010351966875,0.06128157346399073,"[0.3195031055900621, 0.43279503105590056, 0.3356521739130435]",True,0.0001,crossed cluster x image (Poisson) bootstrap
0.25,mte_balanced,erm,test_rev,mean_seed_specific_paired_auc_delta,0.41063933369070366,0.29150017956149193,0.5327232136055665,10000,3,0.4110144927536232,0.05261061445873887,"[0.3873291925465838, 0.47130434782608693, 0.37440993788819876]",True,0.0001,crossed cluster x image (Poisson) bootstrap
0.5,mte_balanced,erm,test_rev,mean_seed_specific_paired_auc_delta,0.4610221958754135,0.32550155594984814,0.5965923929465595,10000,3,0.4622774327122153,0.07510437507449841,"[0.4141614906832298, 0.5488198757763975, 0.4238509316770186]",True,0.0001,crossed cluster x image (Poisson) bootstrap
0.75,mte_balanced,erm,test_rev,mean_seed_specific_paired_auc_delta,0.45915734008920417,0.34703610588972433,0.5672225885008315,10000,3,0.4587991718426501,0.01579611099413384,"[0.448944099378882, 0.47701863354037266, 0.4504347826086957]",True,0.0001,crossed cluster x image (Poisson) bootstrap
1.0,mte_balanced,erm,test_rev,mean_seed_specific_paired_auc_delta,0.5085527177378222,0.38331209912167924,0.6280455294479684,10000,3,0.5076604554865425,0.06626154183802097,"[0.4777639751552795, 0.5836024844720498, 0.4616149068322981]",True,0.0001,crossed cluster x image (Poisson) bootstrap
0.0,ui2e,erm,test_rev,mean_seed_specific_paired_auc_delta,0.2286719416729602,0.13587463160201002,0.334609742992844,10000,3,0.22857142857142856,0.05663343001818951,"[0.18285714285714283, 0.2919254658385093, 0.21093167701863358]",True,0.0001,crossed cluster x image (Poisson) bootstrap
0.25,ui2e,erm,test_rev,mean_seed_specific_paired_auc_delta,0.3096670451047363,0.20265016233766234,0.42241073404554963,10000,3,0.3089855072463768,0.05950418616134387,"[0.2981366459627329, 0.3731677018633541, 0.2556521739130435]",True,0.0001,crossed cluster x image (Poisson) bootstrap
0.5,ui2e,erm,test_rev,mean_seed_specific_paired_auc_delta,0.3575738851079301,0.2512799329501916,0.4690272309180993,10000,3,0.3580124223602484,0.05508640991556721,"[0.32546583850931676, 0.4216149068322981, 0.32695652173913037]",True,0.0001,crossed cluster x image (Poisson) bootstrap
0.75,ui2e,erm,test_rev,mean_seed_specific_paired_auc_delta,0.39104030397319034,0.2831839163513205,0.4997846679464326,10000,3,0.39155279503105583,0.04502038854160772,"[0.3890683229813664, 0.43776397515527943, 0.3478260869565218]",True,0.0001,crossed cluster x image (Poisson) bootstrap
1.0,ui2e,erm,test_rev,mean_seed_specific_paired_auc_delta,0.4499855387308773,0.3305299138523334,0.5665001549423532,10000,3,0.4500207039337474,0.06891100244510319,"[0.43006211180124226, 0.5267080745341615, 0.39329192546583847]",True,0.0001,crossed cluster x image (Poisson) bootstrap
0.0,ui2e_balanced,erm,test_rev,mean_seed_specific_paired_auc_delta,0.287839476516203,0.1850898756241627,0.4040182838368321,10000,3,0.28745341614906833,0.06215501602238693,"[0.2360248447204969, 0.3565217391304347, 0.2698136645962733]",True,0.0001,crossed cluster x image (Poisson) bootstrap
0.25,ui2e_balanced,erm,test_rev,mean_seed_specific_paired_auc_delta,0.3822074512540355,0.2716046760439283,0.4976217306134797,10000,3,0.38293995859213253,0.059648202005764414,"[0.3652173913043478, 0.4494409937888199, 0.33416149068322987]",True,0.0001,crossed cluster x image (Poisson) bootstrap
0.5,ui2e_balanced,erm,test_rev,mean_seed_specific_paired_auc_delta,0.4564705505245538,0.3395890519823157,0.577008413688788,10000,3,0.45697722567287774,0.06383320600483641,"[0.4196273291925465, 0.5306832298136646, 0.4206211180124223]",True,0.0001,crossed cluster x image (Poisson) bootstrap
0.75,ui2e_balanced,erm,test_rev,mean_seed_specific_paired_auc_delta,0.47774557135061096,0.36669280500321344,0.5894661692566664,10000,3,0.47734989648033127,0.05142457051280019,"[0.4504347826086956, 0.5366459627329192, 0.44496894409937887]",True,0.0001,crossed cluster x image (Poisson) bootstrap
1.0,ui2e_balanced,erm,test_rev,mean_seed_specific_paired_auc_delta,0.5679339167386559,0.44940182487468666,0.6830401777149591,10000,3,0.5678674948240165,0.07283204847425048,"[0.5361490683229813, 0.6511801242236025, 0.5162732919254659]",True,0.0001,crossed cluster x image (Poisson) bootstrap
0.0,umte,erm,test_rev,mean_seed_specific_paired_auc_delta,0.3594012118909348,0.23164430843878364,0.4937677030354996,10000,3,0.3594202898550724,0.06562597047058241,"[0.306335403726708, 0.43279503105590056, 0.3391304347826086]",True,0.0001,crossed cluster x image (Poisson) bootstrap
0.25,umte,erm,test_rev,mean_seed_specific_paired_auc_delta,0.3867528204817675,0.2688670992883933,0.5092358046822333,10000,3,0.38674948240165635,0.06049336571051447,"[0.3622360248447205, 0.4556521739130435, 0.34236024844720503]",True,0.0001,crossed cluster x image (Poisson) bootstrap
0.5,umte,erm,test_rev,mean_seed_specific_paired_auc_delta,0.2804078583050917,0.13268627976190475,0.42278339083894634,10000,3,0.2804140786749482,0.0399021474560388,"[0.24670807453416144, 0.324472049689441, 0.2700621118012422]",True,0.0006,crossed cluster x image (Poisson) bootstrap
0.75,umte,erm,test_rev,mean_seed_specific_paired_auc_delta,0.2207163839491233,0.08306790681473498,0.35145456772648076,10000,3,0.22111801242236026,0.025852838835932514,"[0.22211180124223606, 0.24645962732919247, 0.19478260869565217]",True,0.0012,crossed cluster x image (Poisson) bootstrap
1.0,umte,erm,test_rev,mean_seed_specific_paired_auc_delta,0.026886808607088905,-0.06515224432777626,0.11858105053554051,10000,3,0.026501035196687377,0.004663489267180484,"[0.022360248447204967, 0.0315527950310559, 0.02559006211180126]",False,0.5466,crossed cluster x image (Poisson) bootstrap
0.0,umte_balanced,erm,test_rev,mean_seed_specific_paired_auc_delta,0.35016979488489436,0.22162582985950283,0.4851333333333333,10000,3,0.35022774327122147,0.05924584662182148,"[0.31677018633540366, 0.41863354037267075, 0.31527950310559005]",True,0.0001,crossed cluster x image (Poisson) bootstrap
0.25,umte_balanced,erm,test_rev,mean_seed_specific_paired_auc_delta,0.42569989572770867,0.2974669926178547,0.5572514411213538,10000,3,0.4260041407867495,0.07490645461348426,"[0.4173913043478261, 0.5048447204968944, 0.35577639751552803]",True,0.0001,crossed cluster x image (Poisson) bootstrap
0.5,umte_balanced,erm,test_rev,mean_seed_specific_paired_auc_delta,0.4598863505113874,0.31257173659030985,0.6063055222088833,10000,3,0.4608695652173913,0.08711290286169178,"[0.42981366459627324, 0.5592546583850931, 0.39354037267080744]",True,0.0001,crossed cluster x image (Poisson) bootstrap
0.75,umte_balanced,erm,test_rev,mean_seed_specific_paired_auc_delta,0.5012809125710544,0.38471074075563244,0.6156663232989964,10000,3,0.5018633540372671,0.05373069313479919,"[0.4966459627329193, 0.5580124223602484, 0.4509316770186335]",True,0.0001,crossed cluster x image (Poisson) bootstrap
1.0,umte_balanced,erm,test_rev,mean_seed_specific_paired_auc_delta,0.5139100165237999,0.38225361871195207,0.6379667532879655,10000,3,0.5150310559006211,0.07873424811063391,"[0.5038509316770186, 0.5987577639751553, 0.44248447204968944]",True,0.0001,crossed cluster x image (Poisson) bootstrap
