disease,trap,arm,env,method_a,method_b,estimand,delta_mean_bootstrap,ci95_lo,ci95_hi,n_boot_valid,bootstrap_seed_clusters_per_rep,seed_delta_mean,seed_delta_sd,seed_deltas_json,ci_excludes_zero,p_boot_two_sided,estimator
Atelectasis,trapA,prevcal,test_rev,prevcal,erm,mean_seed_specific_paired_auc_delta,0.5725453942258073,0.5332690055644023,0.6114282884643597,10000,5,0.5725783977974752,0.022169420576752193,"[0.5857633293043245, 0.5387309461455816, 0.5762426974214343, 0.5967067049422509, 0.5654483111737846]",True,0.0001,crossed cluster x image (Poisson) bootstrap
Atelectasis,trapA,prevcal,clean,prevcal,erm,mean_seed_specific_paired_auc_delta,-0.014559780897386196,-0.06414252153413318,0.032485763153549355,10000,5,-0.014553727250062298,0.01737590435378526,"[-0.018123770741571787, 0.014584891548242385, -0.013958142884844427, -0.026361533560486428, -0.028910080611651234]",False,0.563,crossed cluster x image (Poisson) bootstrap
Atelectasis,trapA,mask,test_rev,mask,erm,mean_seed_specific_paired_auc_delta,0.18317979857246328,0.14627121199989054,0.22031561320913656,10000,5,0.1829736603545528,0.018339969507783195,"[0.17861939296266455, 0.2124064094816009, 0.18583383695944128, 0.1634497549019608, 0.17455890746709646]",True,0.0001,crossed cluster x image (Poisson) bootstrap
Atelectasis,trapA,mask,clean,mask,erm,mean_seed_specific_paired_auc_delta,0.00028078791375999785,-0.028752766173881294,0.02937980653316246,10000,5,0.0004543062134685583,0.008344049819424229,"[0.012001717499099729, 0.005114407601318649, -0.00019737388847329562, -0.008327793013656826, -0.006319427130945465]",False,0.9914,crossed cluster x image (Poisson) bootstrap
Atelectasis,trapA,inpaint,test_rev,inpaint,erm,mean_seed_specific_paired_auc_delta,0.14603046546787726,0.12293131473296384,0.16767752816640263,10000,5,0.14590258192318023,0.015365243410304489,"[0.15480207493956483, 0.14384401020682247, 0.12284909683051304, 0.16395967633628794, 0.14405805130271288]",True,0.0001,crossed cluster x image (Poisson) bootstrap
Atelectasis,trapA,inpaint,clean,inpaint,erm,mean_seed_specific_paired_auc_delta,0.03649735957038464,0.020832192973065728,0.05210862388517856,10000,5,0.03629532674035296,0.004579790891365148,"[0.03998725726474417, 0.03023629463420041, 0.03249051220255417, 0.03925316490761521, 0.03950940469265085]",True,0.0001,crossed cluster x image (Poisson) bootstrap
Atelectasis,trapA,balanced,test_rev,balanced,erm,mean_seed_specific_paired_auc_delta,0.3365812331382175,0.28471005498041047,0.3863936528904661,10000,5,0.33673238987375764,0.049381073398856834,"[0.3053338201719043, 0.3621953062046737, 0.36150072186408805, 0.3878508595218909, 0.2667812416062315]",True,0.0001,crossed cluster x image (Poisson) bootstrap
Atelectasis,trapA,balanced,clean,balanced,erm,mean_seed_specific_paired_auc_delta,0.08266660157387992,0.05207924919098841,0.11319961641679041,10000,5,0.08262486495470793,0.01869959598428349,"[0.07801462644394586, 0.08749203579046516, 0.10244397351727197, 0.09207318762292593, 0.053100501398930744]",True,0.0001,crossed cluster x image (Poisson) bootstrap
Atelectasis,trapA,dfr,test_rev,dfr,erm,mean_seed_specific_paired_auc_delta,0.36353270751309974,0.3193774226593408,0.41059267842877056,10000,5,0.36388916868117105,0.03629909518515273,"[0.33562902900886377, 0.4199213503894709, 0.3604389101531023, 0.37436207359656193, 0.3290944802578566]",True,0.0001,crossed cluster x image (Poisson) bootstrap
Atelectasis,trapA,dfr,clean,dfr,erm,mean_seed_specific_paired_auc_delta,0.05510769792007281,0.021254705266572443,0.08878710882183154,10000,5,0.05508462838305774,0.011088325233474392,"[0.03730020222166819, 0.05839843208953155, 0.05441979002188435, 0.06762998975040868, 0.05767472783179595]",True,0.0028,crossed cluster x image (Poisson) bootstrap
Atelectasis,trapA,leace_paired,test_rev,leace_paired,erm,mean_seed_specific_paired_auc_delta,0.10309385888848538,0.08434935935972472,0.12171224813187034,10000,5,0.1029953162771958,0.008636289953275547,"[0.11371247985495564, 0.10781375906526997, 0.09357792774644103, 0.10507739054525916, 0.09479502417405317]",True,0.0001,crossed cluster x image (Poisson) bootstrap
Atelectasis,trapA,leace_paired,clean,leace_paired,erm,mean_seed_specific_paired_auc_delta,0.026529899893525447,0.012192032714153266,0.04125871687168095,10000,5,0.026636471924430104,0.008957718468665369,"[0.039505941992853066, 0.032538989999723045, 0.019463835563312104, 0.021780381728025766, 0.019893210338236544]",True,0.0002,crossed cluster x image (Poisson) bootstrap
Atelectasis,trapA,leace_unpaired,test_rev,leace_unpaired,erm,mean_seed_specific_paired_auc_delta,0.4320260273219778,0.3870451137948565,0.47417592196271074,10000,5,0.43207174993284986,0.025737266267970023,"[0.45524862342197153, 0.426928048616707, 0.4248002283105023, 0.45811719379532634, 0.3952646555197421]",True,0.0001,crossed cluster x image (Poisson) bootstrap
Atelectasis,trapA,leace_unpaired,clean,leace_unpaired,erm,mean_seed_specific_paired_auc_delta,0.06868582980785974,0.02907887617852439,0.10782989964571017,10000,5,0.06881700324108704,0.019608882110630832,"[0.08792833596498517, 0.05923294274079616, 0.08595805978004933, 0.07017161140197792, 0.04079406631762661]",True,0.001,crossed cluster x image (Poisson) bootstrap
Atelectasis,trapA,mte,test_rev,mte,erm,mean_seed_specific_paired_auc_delta,0.18397637675529727,0.1437598097760252,0.22458929323853885,10000,5,0.1838558454203599,0.015900320446633285,"[0.1754507453666398, 0.20527800161160353, 0.19003072119258663, 0.18564917405318293, 0.16287058487778672]",True,0.0001,crossed cluster x image (Poisson) bootstrap
Atelectasis,trapA,mte,clean,mte,erm,mean_seed_specific_paired_auc_delta,0.012624720137054518,-0.014410579247136648,0.04012085282266858,10000,5,0.012709493337765632,0.005065777495139694,"[0.014882683730851332, 0.014183218371700113, 0.01470954874096242, 0.016042688163107055, 0.0037293276822072396]",False,0.3744,crossed cluster x image (Poisson) bootstrap
Atelectasis,trapA,mte_balanced,test_rev,mte_balanced,erm,mean_seed_specific_paired_auc_delta,0.31012325184487893,0.25691413729237605,0.359897146140693,10000,5,0.3104846561912436,0.04056223208457049,"[0.3135051537738383, 0.3233363550899812, 0.32454295930701044, 0.34919126040827286, 0.2418475523771152]",True,0.0001,crossed cluster x image (Poisson) bootstrap
Atelectasis,trapA,mte_balanced,clean,mte_balanced,erm,mean_seed_specific_paired_auc_delta,0.025254142291774122,-0.01379655404283367,0.06261214096136336,10000,5,0.02521676500734098,0.022483839025051872,"[0.0486682456577745, 0.027989002465442336, 0.027808942075957854, 0.033640128535416536, -0.012022493697886327]",False,0.1936,crossed cluster x image (Poisson) bootstrap
Atelectasis,trapA,i2e,test_rev,i2e,erm,mean_seed_specific_paired_auc_delta,0.08160179094155187,0.05153332003493348,0.11067289658521412,10000,5,0.08132428485092666,0.01634277892909246,"[0.08226312785388123, 0.08317175329035725, 0.054658121810368, 0.0990884367445608, 0.08743998455546603]",True,0.0001,crossed cluster x image (Poisson) bootstrap
Atelectasis,trapA,i2e,clean,i2e,erm,mean_seed_specific_paired_auc_delta,0.00736377234665116,-0.01481379010038214,0.028931497147886117,10000,5,0.00743580154574921,0.01381521766132195,"[0.0160323000637137, -0.016305853347738153, 0.007503670461785683, 0.017445081581207278, 0.012503808969777541]",False,0.5112,crossed cluster x image (Poisson) bootstrap
Atelectasis,trapA,i2e_balanced,test_rev,i2e_balanced,erm,mean_seed_specific_paired_auc_delta,0.29569288206862726,0.2519544820174281,0.33859449689455345,10000,5,0.2955500436475961,0.03158832916456412,"[0.295259199570239, 0.3116207527531561, 0.24583459239860322, 0.33103134233145315, 0.2940043311845286]",True,0.0001,crossed cluster x image (Poisson) bootstrap
Atelectasis,trapA,i2e_balanced,clean,i2e_balanced,erm,mean_seed_specific_paired_auc_delta,0.039545626944510706,0.008212589766391795,0.0706056762414942,10000,5,0.03958835424804015,0.014126009108783318,"[0.05405966924291539, 0.034803595667470044, 0.04935386021773458, 0.018002576248649538, 0.04172206986343119]",True,0.0158,crossed cluster x image (Poisson) bootstrap
Atelectasis,trapA,i2e_rank1,test_rev,i2e_rank1,erm,mean_seed_specific_paired_auc_delta,0.005361116596357146,-0.0002618337712519672,0.0133894784340826,10000,5,0.005395094681708301,0.004884829128612403,"[0.010103998791297308, 0.011014722669889898, 0.0038191646521622546, 0.0003462429492344654, 0.0016913443459575794]",False,0.0654,crossed cluster x image (Poisson) bootstrap
Atelectasis,trapA,i2e_rank1,clean,i2e_rank1,erm,mean_seed_specific_paired_auc_delta,-0.000616435551635133,-0.007858133143378954,0.00636248609651633,10000,5,-0.0006676085210115979,0.006369754351311276,"[-0.011651984819524008, 0.004231419152885163, 0.0031510568159783814, -2.7701598382168235e-05, 0.0009591678439846429]",False,0.863,crossed cluster x image (Poisson) bootstrap
Atelectasis,trapA,insert_aug,test_rev,insert_aug,erm,mean_seed_specific_paired_auc_delta,-0.0022518922099154614,-0.013945717684912753,0.00860368432856034,10000,5,-0.002184058554928836,0.010940858666524394,"[-0.020822841122750513, 0.006268046602202537, 0.005231416196615601, -0.0015528471662638044, -4.4067284448001676e-05]",False,0.7018,crossed cluster x image (Poisson) bootstrap
Atelectasis,trapA,insert_aug,clean,insert_aug,erm,mean_seed_specific_paired_auc_delta,-0.005497976413607933,-0.013589715796409904,0.0025861238396424403,10000,5,-0.0055209285575777535,0.006763934296723502,"[-0.015256655309011324, -0.00012465719272003462, -0.0018906340895868956, -0.00994487381921938, -0.00038782237735113245]",False,0.1658,crossed cluster x image (Poisson) bootstrap
Atelectasis,trapB,prevcal,test_rev,prevcal,erm,mean_seed_specific_paired_auc_delta,0.576036660213727,0.5488309491177619,0.6107084237706089,10000,5,0.5758947784982396,0.03629448379633695,"[0.5687681239686557, 0.5503899582207908, 0.6382597865880502, 0.5719008546134642, 0.550155169100237]",True,0.0001,crossed cluster x image (Poisson) bootstrap
Atelectasis,trapB,prevcal,clean,prevcal,erm,mean_seed_specific_paired_auc_delta,0.07545795077453683,0.053772252255649765,0.0971870416662963,10000,5,0.07548986567092959,0.007349974022064978,"[0.08403023000572629, 0.06448854146783745, 0.07273349518037797, 0.0774226355220462, 0.07877442617866004]",True,0.0001,crossed cluster x image (Poisson) bootstrap
Atelectasis,trapB,mask,test_rev,mask,erm,mean_seed_specific_paired_auc_delta,0.2783675123285562,0.26122390096055875,0.29551684280999635,10000,5,0.27831954420615246,0.010223355818766815,"[0.2876135958048486, 0.2718297078295545, 0.287641997714593, 0.28029158347273936, 0.2642208362090267]",True,0.0001,crossed cluster x image (Poisson) bootstrap
Atelectasis,trapB,mask,clean,mask,erm,mean_seed_specific_paired_auc_delta,0.04669032738352673,0.027778459386235393,0.06580006964866685,10000,5,0.04671230793090284,0.013249734419916667,"[0.045698800462874556, 0.061969871397213216, 0.05603705382706625, 0.042128820504867326, 0.027726993462492855]",True,0.0001,crossed cluster x image (Poisson) bootstrap
Atelectasis,trapB,inpaint,test_rev,inpaint,erm,mean_seed_specific_paired_auc_delta,0.06287067428186716,0.055727198201994066,0.0701396423577841,10000,5,0.06281124942841157,0.003858774917089667,"[0.05801989459104562, 0.0629414721845897, 0.06877333098544211, 0.06247213062606333, 0.06184941875491706]",True,0.0001,crossed cluster x image (Poisson) bootstrap
Atelectasis,trapB,inpaint,clean,inpaint,erm,mean_seed_specific_paired_auc_delta,0.009520208915527456,0.0023952122107972805,0.01644266590175523,10000,5,0.009529863165680497,0.003025131626324461,"[0.009548279728955889, 0.00913782150696707, 0.010504524360565037, 0.013431788628555097, 0.0050269016033593905]",True,0.0094,crossed cluster x image (Poisson) bootstrap
Atelectasis,trapB,balanced,test_rev,balanced,erm,mean_seed_specific_paired_auc_delta,0.5121229784498446,0.49434029370774746,0.5300763030386978,10000,5,0.5122576962074931,0.01349473550809592,"[0.5122625245321495, 0.4932107601581798, 0.5308705090663629, 0.5155640098573562, 0.5093806774234166]",True,0.0001,crossed cluster x image (Poisson) bootstrap
Atelectasis,trapB,balanced,clean,balanced,erm,mean_seed_specific_paired_auc_delta,0.12790910406511802,0.1092959251547447,0.1463181356929113,10000,5,0.12791145733918685,0.0053603932530017955,"[0.13639217288604688, 0.1262276466167208, 0.12214580549723231, 0.12918510808360373, 0.12560655361233053]",True,0.0001,crossed cluster x image (Poisson) bootstrap
Atelectasis,trapB,dfr,test_rev,dfr,erm,mean_seed_specific_paired_auc_delta,0.5146257356592487,0.4946549021248371,0.5349063819948573,10000,5,0.5143256392559836,0.018066937292962007,"[0.5358538608136012, 0.5302033008699505, 0.494881975864057, 0.5103801879638387, 0.5003088707684704]",True,0.0001,crossed cluster x image (Poisson) bootstrap
Atelectasis,trapB,dfr,clean,dfr,erm,mean_seed_specific_paired_auc_delta,0.1041459561135315,0.07539864093737088,0.13357415321821717,10000,5,0.10405171848158046,0.027783281339622674,"[0.13030464127218933, 0.1346105381513648, 0.07579571483107461, 0.07840572210822683, 0.10114197604504671]",True,0.0001,crossed cluster x image (Poisson) bootstrap
Atelectasis,trapB,leace_paired,test_rev,leace_paired,erm,mean_seed_specific_paired_auc_delta,0.0432320851637952,0.03745297915564173,0.04920702919279438,10000,5,0.04323551715617359,0.0027342446418586,"[0.04206796198309706, 0.04162725901689632, 0.047824082357964426, 0.04360521534801334, 0.04105306707489678]",True,0.0001,crossed cluster x image (Poisson) bootstrap
Atelectasis,trapB,leace_paired,clean,leace_paired,erm,mean_seed_specific_paired_auc_delta,0.009115624797645841,0.003525382570444068,0.01503633870396439,10000,5,0.009076308694407342,0.002983754327784341,"[0.005421329213590398, 0.006700422909906467, 0.010829237449895057, 0.012695871707386952, 0.009734682191257837]",True,0.0004,crossed cluster x image (Poisson) bootstrap
Atelectasis,trapB,leace_unpaired,test_rev,leace_unpaired,erm,mean_seed_specific_paired_auc_delta,0.5555511544137371,0.5385943638043813,0.572229058748057,10000,5,0.5554196050809124,0.011000458713466353,"[0.5615698966265159, 0.5457637604885887, 0.5701498768777212, 0.5558488052736666, 0.5437656861380692]",True,0.0001,crossed cluster x image (Poisson) bootstrap
Atelectasis,trapB,leace_unpaired,clean,leace_unpaired,erm,mean_seed_specific_paired_auc_delta,0.12674542724855722,0.10510387535705201,0.14862671842596423,10000,5,0.12661230673792706,0.006947120278280463,"[0.13403306332315323, 0.13363378924890246, 0.12153962468982626, 0.12501416658713493, 0.11884088984061847]",True,0.0001,crossed cluster x image (Poisson) bootstrap
Atelectasis,trapB,mte,test_rev,mte,erm,mean_seed_specific_paired_auc_delta,0.2482646074028001,0.23224668977637056,0.26460466679480943,10000,5,0.2481758873466652,0.008054089300511796,"[0.2565099543960003, 0.23788942568498303, 0.2537537857378863, 0.2511860164144104, 0.2415402545000459]",True,0.0001,crossed cluster x image (Poisson) bootstrap
Atelectasis,trapB,mte,clean,mte,erm,mean_seed_specific_paired_auc_delta,0.028785582662740377,0.013260425073725286,0.04447768635800531,10000,5,0.028750268419545734,0.004735456446858525,"[0.029437795261500255, 0.03222078402366868, 0.03219655170356939, 0.029213739501813385, 0.020682471607176955]",True,0.0002,crossed cluster x image (Poisson) bootstrap
Atelectasis,trapB,mte_balanced,test_rev,mte_balanced,erm,mean_seed_specific_paired_auc_delta,0.44981664965177887,0.4277777060642871,0.4705321335086594,10000,5,0.44992402489143374,0.01938122711056786,"[0.4610678455352671, 0.4411592902173409, 0.4688551758220223, 0.4581907320781583, 0.42034708080438]",True,0.0001,crossed cluster x image (Poisson) bootstrap
Atelectasis,trapB,mte_balanced,clean,mte_balanced,erm,mean_seed_specific_paired_auc_delta,0.07061296664989941,0.04519485491869417,0.09412137578207778,10000,5,0.07073309851593819,0.019206414630858835,"[0.07209898119870206, 0.07477161970318769, 0.08490259352929952, 0.08402240110230963, 0.037869897046192036]",True,0.0001,crossed cluster x image (Poisson) bootstrap
Atelectasis,trapB,i2e,test_rev,i2e,erm,mean_seed_specific_paired_auc_delta,0.06019776109300239,0.04783325147975491,0.07586097144355804,10000,5,0.060338721175611856,0.015379009108158639,"[0.05568502092747385, 0.05385357111412173, 0.08696475417673752, 0.057765697498833146, 0.047424562160893025]",True,0.0001,crossed cluster x image (Poisson) bootstrap
Atelectasis,trapB,i2e,clean,i2e,erm,mean_seed_specific_paired_auc_delta,-0.0018397923767253105,-0.010436739263430667,0.006257963692900994,10000,5,-0.0018590290370299912,0.004413446471547345,"[-0.0010151478096965816, -0.0022196805210917825, -0.00813050260068715, -0.0022043955191830555, 0.004274581265508615]",False,0.682,crossed cluster x image (Poisson) bootstrap
Atelectasis,trapB,i2e_balanced,test_rev,i2e_balanced,erm,mean_seed_specific_paired_auc_delta,0.44006911934894727,0.4231090941330503,0.4568930055795196,10000,5,0.4402264768283019,0.012462037636699251,"[0.43228464015253715, 0.4411784615064184, 0.45680235205681896, 0.4463083197714215, 0.42455861065431366]",True,0.0001,crossed cluster x image (Poisson) bootstrap
Atelectasis,trapB,i2e_balanced,clean,i2e_balanced,erm,mean_seed_specific_paired_auc_delta,0.08664914638685471,0.06645000913083862,0.10712670008624116,10000,5,0.08670435972991028,0.014834557025329223,"[0.08695488463924406, 0.10814586216358091, 0.08770608656232104, 0.06635890377457532, 0.0843560615098301]",True,0.0001,crossed cluster x image (Poisson) bootstrap
Atelectasis,trapB,i2e_rank1,test_rev,i2e_rank1,erm,mean_seed_specific_paired_auc_delta,0.00027247255711541554,-0.0010158413717631556,0.0014930652251456387,10000,5,0.00027511983239086326,0.0005380637034649489,"[-0.0005782155458799731, 0.0005623578129393403, 0.00016283761586796675, 0.0008430633542466093, 0.00038555592478037304]",False,0.6422,crossed cluster x image (Poisson) bootstrap
Atelectasis,trapB,i2e_rank1,clean,i2e_rank1,erm,mean_seed_specific_paired_auc_delta,0.001546412719804214,-0.0002934416842356213,0.0037875198387096252,10000,5,0.0015540000477190174,0.0015636501760228532,"[0.0023016976045046045, 0.0004555676178660262, 0.0019158445075395658, 0.0035338178803207, -0.0004369273716358091]",False,0.1084,crossed cluster x image (Poisson) bootstrap
Atelectasis,trapB,insert_aug,test_rev,insert_aug,erm,mean_seed_specific_paired_auc_delta,0.001254591432267838,-0.0010242605645920944,0.0035802461720641594,10000,5,0.0012605714274894486,0.002372015541624507,"[0.004166560159505117, -0.001475715893803381, 6.319424918130312e-05, 0.0032929647522833005, 0.00025585387028090323]",False,0.294,crossed cluster x image (Poisson) bootstrap
Atelectasis,trapB,insert_aug,clean,insert_aug,erm,mean_seed_specific_paired_auc_delta,-2.6651835931101086e-05,-0.0021368822513980895,0.00221501518429762,10000,5,-2.438144206908799e-05,0.0015841391429330435,"[-0.0005465320194694145, 0.0002110075873258399, -5.666634853973562e-05, 0.002332640413246878, -0.0020623568429090078]",False,0.9484,crossed cluster x image (Poisson) bootstrap
