subset,covariate,level,mean_1,mean_0,smd,n_trapA,n_trapB
pooled,roi_area,,0.17070010903582647,0.1156940171020311,0.3950651747310227,1150,326
pooled,caliper_px_log,,6.058799867909181,5.406672709608421,0.5272577915670922,1150,326
pooled,width,,428.0226086956522,456.6717791411043,-0.14292485128945975,1150,326
pooled,height,,367.38347826086954,380.6411042944785,-0.12291160327253735,1150,326
pooled,mean_grey,,64.72633240658304,60.187106743912025,0.18299727261661203,1150,326
pooled,roi_centroid_row,,0.37175967849916036,0.3664318938648293,0.05965743467772396,1150,326
y=0,roi_area,,0.1903443161315988,0.13605140601685659,0.3708078441450984,858,227
y=0,caliper_px_log,,6.130111908414242,5.450200752443059,0.5500114412096597,858,227
y=0,width,,422.8857808857809,447.8898678414097,-0.12996401021530038,858,227
y=0,height,,364.56643356643355,374.59030837004406,-0.09862918934779694,858,227
y=0,mean_grey,,65.00887928587018,59.04580635121215,0.24481526808878715,858,227
y=0,roi_centroid_row,,0.3791157833731295,0.3669905143843424,0.1410456659991869,858,227
y=1,roi_area,,0.11297843202153653,0.0690159637316737,0.4293971613010572,292,99
y=1,caliper_px_log,,5.849259694096364,5.306865985129002,0.44183212304293135,292,99
y=1,width,,443.1164383561644,476.80808080808083,-0.15438353848294337,292,99
y=1,height,,375.6609589041096,394.5151515151515,-0.15637585120186584,292,99
y=1,mean_grey,,63.896109042102346,62.804027846365265,0.04238762541975483,292,99
y=1,roi_centroid_row,,0.35014482239688105,0.3651510165120062,-0.1564588124227533,292,99
