cohort,op,metric,crossed_lo,crossed_hi,crossed_excludes_zero,n_conflicting_positives,delta,ci95_lo,ci95_hi
thyroid,OP1_maxBA,sens,-0.43507431279620845,-0.13825094976783456,True,78,-0.2754237288135593,-0.3993609215505532,-0.1822021970777394
thyroid,OP1_maxBA,spec,0.11457775251807649,0.3300783573590185,True,78,0.2021164021164023,0.1402077669028681,0.2995537637416593
thyroid,OP1_maxBA,sens_conflict,-0.6399999999999999,-0.3126513627217853,True,78,-0.4794871794871794,-0.5825210496745779,-0.362022084137606
thyroid,OP2_spec0.80,sens,-0.29956709956709954,-0.10037644787644795,True,78,-0.2016949152542372,-0.2652160214959276,-0.1343753557453836
thyroid,OP2_spec0.80,spec,0.05905323891948594,0.1719811594202899,True,78,0.116931216931217,0.0819080928934096,0.1512055778217086
thyroid,OP2_spec0.80,sens_conflict,-0.4985992880359077,-0.23561210334662738,True,78,-0.3717948717948718,-0.4361230121790901,-0.2909606261531798
thyroid,OP3_spec0.90,sens,-0.2529441776710684,-0.04258768561187918,True,78,-0.1516949152542372,-0.2253914611295296,-0.0709783546116654
thyroid,OP3_spec0.90,spec,0.02890084023598112,0.12174412156166811,True,78,0.0746031746031746,0.0427278042787608,0.10860254772798
thyroid,OP3_spec0.90,sens_conflict,-0.38277777777777783,-0.08887254901960792,True,78,-0.2358974358974359,-0.3449699373167054,-0.1318905928401034
thyroid,OP4_sens0.80,sens,-0.4690174672489083,-0.26952610124445564,True,78,-0.3728813559322033,-0.4314235798079386,-0.3101607829066869
thyroid,OP4_sens0.80,spec,0.2034819421411461,0.35918573983888435,True,78,0.2777777777777779,0.2293509657880502,0.3288169202449734
thyroid,OP4_sens0.80,sens_conflict,-0.6708947459684411,-0.4212861111111113,True,78,-0.5461538461538462,-0.6136134842238993,-0.4800649690489033
thyroid,OP5_sens0.90,sens,-0.3907379782379783,-0.17817932752179333,True,78,-0.2813559322033898,-0.3526603543412476,-0.2209831496626146
thyroid,OP5_sens0.90,spec,0.23636128120584077,0.42450083333333327,True,78,0.3391534391534392,0.2688025457871626,0.3955124437509495
thyroid,OP5_sens0.90,sens_conflict,-0.6142922077922078,-0.310342617152962,True,78,-0.4615384615384615,-0.5598050703251624,-0.368585017857641
