phase,artifact,backbone,method,overlap,seed,C,clean_val_auc,thr
corr,transplant,dinov2_b14_518,erm,0.0,42,0.01,0.738562091503268,0.4999362806329024
corr,transplant,dinov2_b14_518,mask,0.0,42,10.0,0.707516339869281,0.41547145395241053
corr,transplant,dinov2_b14_518,inpaint,0.0,42,0.01,0.7377450980392156,0.4998067524377086
corr,transplant,dinov2_b14_518,balanced,0.0,42,1.0,0.764705882352941,0.4985613148949152
corr,transplant,dinov2_b14_518,dfr,0.0,42,10.0,0.8455882352941176,0.5189796561446474
corr,transplant,dinov2_b14_518,erm,0.0,123,0.01,0.7377450980392156,0.4999447039600798
corr,transplant,dinov2_b14_518,mask,0.0,123,10.0,0.707516339869281,0.4154505886766012
corr,transplant,dinov2_b14_518,inpaint,0.0,123,0.01,0.738562091503268,0.4998040700284644
corr,transplant,dinov2_b14_518,balanced,0.0,123,1.0,0.744281045751634,0.5296281639514269
corr,transplant,dinov2_b14_518,dfr,0.0,123,10.0,0.8080065359477124,0.4797490970517712
corr,transplant,dinov2_b14_518,erm,0.0,456,0.01,0.7393790849673203,0.49993920842009865
corr,transplant,dinov2_b14_518,mask,0.0,456,10.0,0.707516339869281,0.41544717436688205
corr,transplant,dinov2_b14_518,inpaint,0.0,456,0.1,0.7426470588235295,0.49967467930583664
corr,transplant,dinov2_b14_518,balanced,0.0,456,0.01,0.6952614379084968,0.49998032471389786
corr,transplant,dinov2_b14_518,dfr,0.0,456,10.0,0.8406862745098039,0.47634473471426525
corr,transplant,dinov2_b14_518,erm,0.0,789,0.01,0.7344771241830065,0.4999431466425535
corr,transplant,dinov2_b14_518,mask,0.0,789,10.0,0.707516339869281,0.4154484667745242
corr,transplant,dinov2_b14_518,inpaint,0.0,789,0.1,0.738562091503268,0.4998488488153827
corr,transplant,dinov2_b14_518,balanced,0.0,789,1.0,0.7753267973856208,0.5215008861072555
corr,transplant,dinov2_b14_518,dfr,0.0,789,10.0,0.823529411764706,0.5358874620908248
corr,transplant,dinov2_b14_518,erm,0.0,2026,0.1,0.7344771241830065,0.4993780758821003
corr,transplant,dinov2_b14_518,mask,0.0,2026,10.0,0.707516339869281,0.41546656767588724
corr,transplant,dinov2_b14_518,inpaint,0.0,2026,0.01,0.7361111111111112,0.4998077940060691
corr,transplant,dinov2_b14_518,balanced,0.0,2026,1.0,0.7598039215686275,0.513853167517439
corr,transplant,dinov2_b14_518,dfr,0.0,2026,10.0,0.869281045751634,0.5101776023120402
corr,transplant,dinov2_b14_518,erm,1.0,42,0.01,0.738562091503268,0.4998975110362725
corr,transplant,dinov2_b14_518,mask,1.0,42,10.0,0.684640522875817,0.4153966703232391
corr,transplant,dinov2_b14_518,inpaint,1.0,42,0.1,0.7434640522875816,0.4983635230960908
corr,transplant,dinov2_b14_518,balanced,1.0,42,1.0,0.7614379084967321,0.4976480083202149
corr,transplant,dinov2_b14_518,dfr,1.0,42,10.0,0.8472222222222222,0.539171174814839
corr,transplant,dinov2_b14_518,erm,1.0,123,0.01,0.741830065359477,0.49990067293589957
corr,transplant,dinov2_b14_518,mask,1.0,123,10.0,0.6846405228758169,0.48540560506550795
corr,transplant,dinov2_b14_518,inpaint,1.0,123,0.1,0.7434640522875816,0.49978473933047923
corr,transplant,dinov2_b14_518,balanced,1.0,123,0.01,0.746732026143791,0.4998515964869872
corr,transplant,dinov2_b14_518,dfr,1.0,123,10.0,0.8063725490196078,0.47872063742934756
corr,transplant,dinov2_b14_518,erm,1.0,456,0.1,0.7426470588235294,0.4991016809374278
corr,transplant,dinov2_b14_518,mask,1.0,456,10.0,0.7017973856209151,0.4568296700038978
corr,transplant,dinov2_b14_518,inpaint,1.0,456,0.1,0.744281045751634,0.4997763139820723
corr,transplant,dinov2_b14_518,balanced,1.0,456,1.0,0.6879084967320263,0.4959768254377909
corr,transplant,dinov2_b14_518,dfr,1.0,456,10.0,0.8390522875816993,0.4729460640936401
corr,transplant,dinov2_b14_518,erm,1.0,789,0.01,0.7401960784313726,0.4998819080963727
corr,transplant,dinov2_b14_518,mask,1.0,789,10.0,0.6821895424836601,0.4806516574125858
corr,transplant,dinov2_b14_518,inpaint,1.0,789,0.1,0.7434640522875816,0.4997098640572174
corr,transplant,dinov2_b14_518,balanced,1.0,789,10.0,0.7794117647058824,0.5867873553873961
corr,transplant,dinov2_b14_518,dfr,1.0,789,10.0,0.8284313725490197,0.5398029596140483
corr,transplant,dinov2_b14_518,erm,1.0,2026,0.01,0.7328431372549019,0.49987919545828186
corr,transplant,dinov2_b14_518,mask,1.0,2026,10.0,0.6830065359477124,0.5061482293307602
corr,transplant,dinov2_b14_518,inpaint,1.0,2026,0.01,0.7418300653594772,0.49981601480146215
corr,transplant,dinov2_b14_518,balanced,1.0,2026,1.0,0.7581699346405228,0.5104485781305108
corr,transplant,dinov2_b14_518,dfr,1.0,2026,10.0,0.8684640522875816,0.5051369241249821
