trap,arm,env,source,method_a,method_b,estimand,delta_mean_bootstrap,ci95_lo,ci95_hi,n_boot_valid,bootstrap_seed_clusters_per_rep,seed_delta_mean,seed_delta_sd,seed_deltas_json,ci_excludes_zero
trapA,mask,test_rev,all,mask,erm,mean_seed_specific_paired_auc_delta,-0.037577558506365114,-0.057428391171678736,-0.018585729302210162,10000,5,-0.03744928579083552,0.014867704830296058,"[-0.06057190317987671, -0.03835142459084162, -0.019721129261907333, -0.03159782292511909, -0.03700414899643284]",True
trapA,mask,clean,all,mask,erm,mean_seed_specific_paired_auc_delta,-0.01059683077800433,-0.022586733357568584,0.0017724344122363987,10000,5,-0.010568362767805418,0.009507780140211393,"[-0.020162311812391476, -0.014720251881875868, -5.428488708747459e-05, -0.01721509481760275, -0.0006898704400695177]",False
trapA,jtt,test_rev,all,jtt,erm,mean_seed_specific_paired_auc_delta,0.07259610504015379,0.04998641317062971,0.0966905333056321,10000,5,0.07271039698700181,0.026759386426908092,"[0.11169565350521304, 0.057863955784864585, 0.08590987032472397, 0.0652816265290812, 0.04280087879112626]",True
trapA,jtt,clean,all,jtt,erm,mean_seed_specific_paired_auc_delta,0.022344730096047084,0.004225371348363032,0.042465156437815434,10000,5,0.022102091777649168,0.022743852224289245,"[0.0542939345686162, 0.003051263028373108, 0.037872756224667126, 0.006376212362478206, 0.008916292704111206]",True
trapA,mask_balanced,test_rev,all,mask_balanced,erm,mean_seed_specific_paired_auc_delta,0.19269486625266555,0.1710324784313216,0.21456600232585926,10000,5,0.19271016733775276,0.011873129142921822,"[0.19499326362202785, 0.18955631765084124, 0.2119834805640185, 0.1855010946614204, 0.18151668019045575]",True
trapA,mask_balanced,clean,all,mask_balanced,erm,mean_seed_specific_paired_auc_delta,0.052048960472301134,0.034666228303776206,0.06942367689068751,10000,5,0.0521424435437174,0.014754635510797186,"[0.06917251737116381, 0.04321981760277949, 0.06148668210770125, 0.03198058410538496, 0.054852616531557485]",True
trapA,mask_jtt,test_rev,all,mask_jtt,erm,mean_seed_specific_paired_auc_delta,0.017589716880780565,-0.004531892709682307,0.03972677948880676,10000,5,0.017614862899398287,0.016030558193555738,"[0.024388750248786617, 0.033794800741001496, 0.008812789932176934, 0.027010579175406058, -0.00593260560037967]",False
trapA,mask_jtt,clean,all,mask_jtt,erm,mean_seed_specific_paired_auc_delta,-0.01166970270771886,-0.024133869088294787,0.0005523731975516612,10000,5,-0.011626465691951294,0.00571374972212691,"[-0.014410375651418561, -0.01843650477706993, -0.0038497032426172417, -0.013394795888824529, -0.008040948899826206]",False
trapA,balanced,test_rev,all,balanced,erm,mean_seed_specific_paired_auc_delta,0.2248226948673878,0.19913443473669146,0.24807959452374842,10000,5,0.22487790314925665,0.02631207765175665,"[0.23840462666687068, 0.18158557496516992, 0.23959688901817278, 0.2462260973406616, 0.21857632775540825]",True
trapA,balanced,clean,all,balanced,erm,mean_seed_specific_paired_auc_delta,0.05251174481934061,0.03573355564919213,0.06858062927119084,10000,5,0.052530128112333575,0.01625783116461278,"[0.06148442023740586, 0.029096699478865284, 0.07021297770700641, 0.043507075130283734, 0.058349468008106586]",True
trapA,dfr_half,test_rev,all,dfr_half,erm,mean_seed_specific_paired_auc_delta,0.18617181178270784,0.15522462547270374,0.21483540341088295,10000,5,0.1860583768391077,0.028329315236758235,"[0.2152980847252628, 0.1398927538006951, 0.18432414226005478, 0.2002292665002985, 0.19054763690922727]",True
trapA,dfr_half,clean,all,dfr_half,erm,mean_seed_specific_paired_auc_delta,-0.037892374383386745,-0.0597191626746971,-0.01448499549340024,10000,5,-0.03794332657788071,0.02052145516430194,"[-0.05733162637521727, -0.047553561088592766, -0.006586566299942143, -0.049851621308627636, -0.02839325781702373]",True
trapA,mask_dfr_half,test_rev,all,mask_dfr_half,erm,mean_seed_specific_paired_auc_delta,0.13480339291938742,0.08363874698719968,0.18399818485769734,10000,5,0.1352174778388474,0.0580975101698665,"[0.13523661527626796, 0.055661236737755804, 0.10551808870585, 0.17711315583998033, 0.20255829263438296]",True
trapA,mask_dfr_half,clean,all,mask_dfr_half,erm,mean_seed_specific_paired_auc_delta,-0.04677263069732964,-0.06672767401795214,-0.02628098215127344,10000,5,-0.04688495222929938,0.014805455940012932,"[-0.04818688477127975, -0.06495639114070628, -0.04142615445859876, -0.05445226548928783, -0.025403065286624282]",True
trapA,dfr,test_rev,all,dfr,erm,mean_seed_specific_paired_auc_delta,0.2511362238380862,0.22346264432070548,0.2770891011389126,10000,5,0.2514364560527887,0.023272604395219013,"[0.24357556225791133, 0.21426274936080958, 0.2702129614036163, 0.26813463569974116, 0.26099637154186495]",True
trapA,dfr,clean,all,dfr,erm,mean_seed_specific_paired_auc_delta,0.017323929093024843,-0.008756601567800554,0.04246636066827084,10000,5,0.017418210770121623,0.02633297828396023,"[0.023618449623624804, -0.002019850173711646, 0.045011218876664816, -0.01708164447017957, 0.03756287999420971]",False
trapA,mte,test_rev,all,mte,erm,mean_seed_specific_paired_auc_delta,0.015062570238984179,-0.003627572687847096,0.03290926824014662,10000,5,0.01497389653535829,0.011390329095661664,"[0.001994120979224301, 0.00763009629958511, 0.0312954514138738, 0.020302907359492917, 0.013646906624615318]",False
trapA,mte,clean,all,mte,erm,mean_seed_specific_paired_auc_delta,0.012205836595976046,0.0013335420939490172,0.023276569861332603,10000,5,0.012202790243196326,0.005755331077612819,"[0.016837362478286044, 0.007452862623045786, 0.019759698899826317, 0.007129415170816444, 0.00983461204400704]",True
trapA,mte_balanced,test_rev,all,mte_balanced,erm,mean_seed_specific_paired_auc_delta,0.21231637467397105,0.18921297801448012,0.23710405880853277,10000,5,0.21223418099422808,0.019023455238586836,"[0.21373646983174355, 0.2101673377528056, 0.2433057243902812, 0.1992456022168807, 0.19471577077942948]",True
trapA,mte_balanced,clean,all,mte_balanced,erm,mean_seed_specific_paired_auc_delta,0.05640086983411595,0.039460072901467844,0.07380451230825459,10000,5,0.05646035393746387,0.014752673512039518,"[0.05917957440648525, 0.05819113708743506, 0.0773197741748698, 0.03656765706427323, 0.051043626954256016]",True
trapA,mte_protect,test_rev,all,mte_protect,erm,mean_seed_specific_paired_auc_delta,0.003325721857302469,-0.016036577104251833,0.022091766309738047,10000,5,0.003359003016060136,0.009293201819719866,"[-0.003632285622426068, -0.003373930217248189, 0.017742318232619403, 0.007727697230430097, -0.001668784543074564]",False
trapA,mte_protect,clean,all,mte_protect,erm,mean_seed_specific_paired_auc_delta,-0.007592280314455253,-0.021662668224324045,0.006330712549624842,10000,5,-0.007668192675159213,0.011251672976938482,"[-0.007986664012738842, -0.005561939056166643, 0.00801380645628258, -0.009214859583091983, -0.023591307180081178]",False
trapA,mte_protect_balanced,test_rev,all,mte_protect_balanced,erm,mean_seed_specific_paired_auc_delta,0.19214948212110097,0.17088945582166212,0.2140283676004756,10000,5,0.19211767227521165,0.011648063392537896,"[0.18333856423289496, 0.19267571995039579, 0.21126008542952068, 0.19108731264448764, 0.18222667911875923]",True
trapA,mte_protect_balanced,clean,all,mte_protect_balanced,erm,mean_seed_specific_paired_auc_delta,0.0448101865936559,0.02867525614467682,0.06067428934770915,10000,5,0.04474431818181821,0.011758994227584614,"[0.053110976404169064, 0.04089913867979178, 0.05574831716850026, 0.02633495584829182, 0.04762820280833813]",True
trapA,mask_dfr,test_rev,all,mask_dfr,erm,mean_seed_specific_paired_auc_delta,0.1986686621361112,0.1706530145663706,0.22590305371279035,10000,5,0.19877175926634713,0.02051687566100365,"[0.17229434909747843, 0.18383996509331413, 0.20177174395639708, 0.2205379150910176, 0.21541482309352844]",True
trapA,mask_dfr,clean,all,mask_dfr,erm,mean_seed_specific_paired_auc_delta,-0.001251012062852118,-0.026307931317424895,0.02224332738249912,10000,5,-0.0012693616097278148,0.02344597990109902,"[0.015477978430804784, -0.02115074913144166, 0.019972314707585426, -0.03162999420961188, 0.010983642154024253]",False
trapA,umte_jtt,test_rev,all,umte_jtt,erm,mean_seed_specific_paired_auc_delta,0.04943867402648681,0.025852442044581727,0.07235794213556716,10000,5,0.04941745640491755,0.019458143184459497,"[0.023206056616194792, 0.05008841496088312, 0.06888329225163436, 0.06711116554648866, 0.0377983526493868]",True
trapA,umte_jtt,clean,all,umte_jtt,erm,mean_seed_specific_paired_auc_delta,0.006206441118744557,-0.00689314234173229,0.019642767132182194,10000,5,0.0062219528083381935,0.008725666702829767,"[-0.002415677475390954, 0.004501121887666604, 0.019158041401273973, 0.010239486826867483, -0.000373208598726138]",False
trapA,mask,test_rev,HAM,mask,erm,mean_seed_specific_paired_auc_delta,-0.009082842295663843,-0.03648439884743561,0.017483471320385358,10000,5,-0.008789159661517432,0.02066971995333957,"[-0.028785529715762315, 0.014882697947214085, 0.010781078107810815, -0.013499658236500345, -0.0273243864103494]",False
trapA,mask,test_rev,BCN,mask,erm,mean_seed_specific_paired_auc_delta,-0.050864458926558255,-0.07516819609157148,-0.027377814343193984,10000,5,-0.0507732713883304,0.01618032311374311,"[-0.07433027731011793, -0.06031361464432328, -0.03486478124772513, -0.04265436829673852, -0.041703315442747135]",True
trapB,mask,test_rev,all,mask,erm,mean_seed_specific_paired_auc_delta,0.10733347111319426,0.07808260482351523,0.135390870102371,10000,5,0.10737353501921051,0.028826847674902935,"[0.10669076445141246, 0.13128937665127893, 0.06731411317248781, 0.09336802833667235, 0.13820539248420105]",True
trapB,mask,clean,all,mask,erm,mean_seed_specific_paired_auc_delta,-0.000375093234788343,-0.017410372126694516,0.01604396041332195,10000,5,-0.00026735306890561804,0.013539629119091621,"[0.00651644832078746, 0.010823049363057446, -0.016776291980312608, -0.013008016068326689, 0.0111080450202663]",False
trapB,jtt,test_rev,all,jtt,erm,mean_seed_specific_paired_auc_delta,0.05607591945200636,0.030932576207265427,0.08899803519048087,10000,5,0.05608275508327767,0.034656879324254555,"[0.0491887563026836, 0.025426066254391255, 0.04349335617300076, 0.04650074035362772, 0.115804856332685]",True
trapB,jtt,clean,all,jtt,erm,mean_seed_specific_paired_auc_delta,-0.014694813628783766,-0.029315021042209826,-0.001041783899343054,10000,5,-0.014710299652576687,0.013788804392553713,"[0.00520230167921254, -0.010302819195136093, -0.02632364649681518, -0.013032896641575031, -0.029094437608569668]",True
trapB,mask_balanced,test_rev,all,mask_balanced,erm,mean_seed_specific_paired_auc_delta,0.21163513729443648,0.1855010701829916,0.23785549570294295,10000,5,0.21167121524451024,0.021395536250160687,"[0.20870592960349943, 0.23061410639801017, 0.19283671573324035, 0.18959827347598446, 0.23660105101181672]",True
trapB,mask_balanced,clean,all,mask_balanced,erm,mean_seed_specific_paired_auc_delta,0.01850811801060046,-0.0034563585941049853,0.04144111490254527,10000,5,0.018584431094383326,0.020784773060638174,"[0.03054655833815867, 0.04874782860451643, 0.004388028372901198, -0.001843424290677631, 0.011083164447017957]",False
trapB,mask_jtt,test_rev,all,mask_jtt,erm,mean_seed_specific_paired_auc_delta,0.08059699144521769,0.04902323739515723,0.11723357010773498,10000,5,0.08089887640449436,0.036737829272000345,"[0.05383048321381212, 0.07931340669124831, 0.07841578840402985, 0.05079164610128806, 0.14214305761209345]",True
trapB,mask_jtt,clean,all,mask_jtt,erm,mean_seed_specific_paired_auc_delta,-0.04039472358817377,-0.06892188965117675,-0.014755556596065313,10000,5,-0.040327337869137204,0.02977609008875825,"[-0.056454020700636987, -0.027144705414012704, -0.02602960335842497, -0.08371181962941521, -0.008296540243196149]",True
trapB,balanced,test_rev,all,balanced,erm,mean_seed_specific_paired_auc_delta,0.20870151619047783,0.19230221873714654,0.22552959531168393,10000,5,0.2087216560694481,0.014954536502486468,"[0.189845058018562, 0.21269440331368739, 0.1980857261756137, 0.21504248565262407, 0.22794060718675313]",True
trapB,balanced,clean,all,balanced,erm,mean_seed_specific_paired_auc_delta,0.04033710425170894,0.023918033861061568,0.054847535835096904,10000,5,0.040292505066589525,0.015244622324720628,"[0.05255003257093238, 0.05248443833236838, 0.044895863491604016, 0.016084159669947806, 0.03544803126809504]",True
trapB,dfr_half,test_rev,all,dfr_half,erm,mean_seed_specific_paired_auc_delta,0.1931890156717234,0.1408635353286986,0.24815661660666252,10000,5,0.19260638349350137,0.06316226246664361,"[0.12124863300719069, 0.2271942049182708, 0.18263023933261713, 0.2810851745395775, 0.15087366566985072]",True
trapB,dfr_half,clean,all,dfr_half,erm,mean_seed_specific_paired_auc_delta,-0.025638374091057688,-0.055231077347483115,0.0050205144339766005,10000,5,-0.025514801679212495,0.03305187019512225,"[-0.06588828170237415, -0.014862749710480516, -0.02384237478286033, 0.021901690069484614, -0.04488229226983209]",False
trapB,mask_dfr_half,test_rev,all,mask_dfr_half,erm,mean_seed_specific_paired_auc_delta,0.18372691194870908,0.13220476395457623,0.23200838577938251,10000,5,0.18352664789168574,0.0565960654298396,"[0.15599202547203583, 0.2095974992499685, 0.19759578627490826, 0.25171297506024437, 0.1027349534012717]",True
trapB,mask_dfr_half,clean,all,mask_dfr_half,erm,mean_seed_specific_paired_auc_delta,-0.05430442131391706,-0.0878838009109363,-0.021004845991691203,10000,5,-0.054608786913723194,0.03630867506073201,"[-0.06164048928778232, -0.041864957295888794, -0.057202699768384324, -0.005919314562825795, -0.10641647365373474]",True
trapB,dfr,test_rev,all,dfr,erm,mean_seed_specific_paired_auc_delta,0.21483037235729116,0.1783309148998244,0.25235089791122983,10000,5,0.21468997086974612,0.04165375423093453,"[0.155781532773955, 0.2063336527015649, 0.2265094987854328, 0.2717666386009736, 0.21305853148680431]",True
trapB,dfr,clean,all,dfr,erm,mean_seed_specific_paired_auc_delta,-0.01134503588151227,-0.0339540688259771,0.012255995558056157,10000,5,-0.011364088737695477,0.021717659062022315,"[-0.014141213086276916, -0.01937065720903297, -0.007532028083381603, 0.02191073755066575, -0.03768728286045164]",False
trapB,mte,test_rev,all,mte,erm,mean_seed_specific_paired_auc_delta,0.13246548438653993,0.10457854969702403,0.1598590677382823,10000,5,0.13238345479003955,0.026514129974306678,"[0.14669042572753044, 0.16461859690890246, 0.09683994812685692, 0.11583026062383261, 0.1379380425630753]",True
trapB,mte,clean,all,mte,erm,mean_seed_specific_paired_auc_delta,0.004420101255652938,-0.013012920219795991,0.021582907178723975,10000,5,0.004526907209033015,0.013986607480501376,"[0.01708390634047474, 0.020128383757961776, 0.0035873262883614476, -0.011329708309206765, -0.006835372032426124]",False
trapB,mte_balanced,test_rev,all,mte_balanced,erm,mean_seed_specific_paired_auc_delta,0.2541781510158102,0.22705041543873097,0.282775197270829,10000,5,0.25401411994696554,0.024322106989716874,"[0.23346059673470188, 0.28423893582634097, 0.2339892479362038, 0.2422250771806559, 0.276156742056925]",True
trapB,mte_balanced,clean,all,mte_balanced,erm,mean_seed_specific_paired_auc_delta,0.037008402768673565,0.017568783587302135,0.05597293198222408,10000,5,0.036968460480602164,0.014592693640656742,"[0.04771189200926462, 0.05367418210770114, 0.030591795744064898, 0.016568199913144066, 0.03629623262883608]",True
trapB,mte_protect,test_rev,all,mte_protect,erm,mean_seed_specific_paired_auc_delta,0.13099498087693656,0.09976123705629536,0.16556359526343137,10000,5,0.1312378422320936,0.03357622220187677,"[0.094779781087594, 0.1381969243871517, 0.18416417462667778, 0.12482579914641578, 0.11422253191262866]",True
trapB,mte_protect,clean,all,mte_protect,erm,mean_seed_specific_paired_auc_delta,-0.01596125258813085,-0.03561117656674812,0.004475839342051479,10000,5,-0.015889638824551234,0.01730136399375344,"[-0.014304067747539118, 0.011619227707006408, -0.025167830775911892, -0.016975336566300125, -0.03462018674001144]",False
trapB,mte_protect_balanced,test_rev,all,mte_protect_balanced,erm,mean_seed_specific_paired_auc_delta,0.21603643330718297,0.1924073597730677,0.2396616886138198,10000,5,0.216001316184227,0.01242535440597719,"[0.20460737063167156, 0.2161324507156751, 0.21529773829225085, 0.20756878514260269, 0.2364002361389348]",True
trapB,mte_protect_balanced,clean,all,mte_protect_balanced,erm,mean_seed_specific_paired_auc_delta,0.01263528291507424,-0.006875138957430151,0.03227752122635844,10000,5,0.012711711059640996,0.014067890456244342,"[0.020870277214823374, 0.03314997104806017, -0.0014498588592933848, 0.006634065576143433, 0.004354100318471388]",False
trapB,mask_dfr,test_rev,all,mask_dfr,erm,mean_seed_specific_paired_auc_delta,0.20567436285934088,0.1668858780507538,0.2512947852930759,10000,5,0.20572370776839027,0.047041473969345424,"[0.1744742521460576, 0.1683167358631168, 0.21348556552371556, 0.28392803569181924, 0.18841394961724212]",True
trapB,mask_dfr,clean,all,mask_dfr,erm,mean_seed_specific_paired_auc_delta,-0.03349515532548935,-0.061897908674816544,-0.002670715628021982,10000,5,-0.0333069448465547,0.030522331754215894,"[-0.04694964171974514, -0.023138933121019112, -0.04932460552982043, 0.01510703170237393, -0.06222857556456274]",True
trapB,umte_jtt,test_rev,all,umte_jtt,erm,mean_seed_specific_paired_auc_delta,0.08163552948185464,0.05437553397732385,0.1095659917992553,10000,5,0.08136921870917169,0.02253213360086482,"[0.07374018910470448, 0.0948801885240349, 0.05722135121795424, 0.06769759699600297, 0.11330676770316184]",True
trapB,umte_jtt,clean,all,umte_jtt,erm,mean_seed_specific_paired_auc_delta,-0.056049052500972765,-0.08036724571494346,-0.0343841430279771,10000,5,-0.0559840040532716,0.021712097983898865,"[-0.040487478286045264, -0.039082856832657886, -0.048790804140127264, -0.0919721699478866, -0.05958671105964097]",True
trapB,mask,test_rev,HAM,mask,erm,mean_seed_specific_paired_auc_delta,0.1714596383378485,0.1332573382540247,0.21227463571889704,10000,5,0.17142918417639344,0.01935957169766625,"[0.16293391293391302, 0.2052060879221373, 0.16540858280868553, 0.16747237569060774, 0.15612496152662358]",True
trapB,mask,test_rev,BCN,mask,erm,mean_seed_specific_paired_auc_delta,0.06555992751820204,0.026023941699285093,0.10254274224500488,10000,5,0.06514006933151059,0.04082458022770524,"[0.06812715940654424, 0.0967127647898145, 0.0042805261339602385, 0.049907691623292894, 0.10667220470394112]",True
