trap,method,env,seed,auc
trapA,erm,clean,42,0.6366407799074685
trapA,erm,clean,123,0.6368555849306015
trapA,erm,clean,456,0.6227775941837409
trapA,erm,clean,789,0.6551140118968937
trapA,erm,clean,2026,0.6230667547918044
trapA,erm,test_corr,42,0.8431549196255079
trapA,erm,test_corr,123,0.8252075605016782
trapA,erm,test_corr,456,0.8162515456633104
trapA,erm,test_corr,789,0.8527468645115704
trapA,erm,test_corr,2026,0.7908850026497084
trapA,erm,test_rev,42,0.4009037125488493
trapA,erm,test_rev,123,0.4237679114198871
trapA,erm,test_rev,456,0.40696917064698224
trapA,erm,test_rev,789,0.40306122448979587
trapA,erm,test_rev,2026,0.42973838471558834
trapA,mask,clean,42,0.7051470588235295
trapA,mask,clean,123,0.6950181758096496
trapA,mask,clean,456,0.6881857237276933
trapA,mask,clean,789,0.692143093192333
trapA,mask,clean,2026,0.6689689358889623
trapA,mask,test_corr,42,0.8250839074368487
trapA,mask,test_corr,123,0.7807454513336867
trapA,mask,test_corr,456,0.8300476947535771
trapA,mask,test_corr,789,0.8612259318141671
trapA,mask,test_corr,2026,0.8413707825472532
trapA,mask,test_rev,42,0.5752822405557968
trapA,mask,test_rev,123,0.5943606165870603
trapA,mask,test_rev,456,0.5376546895353886
trapA,mask,test_rev,789,0.5105433130699087
trapA,mask,test_rev,2026,0.5081144159791576
trapA,mte,clean,42,0.6947455386649042
trapA,mte,clean,123,0.6935062789160608
trapA,mte,clean,456,0.6920356906807666
trapA,mte,clean,789,0.7228684732319896
trapA,mte,clean,2026,0.7071546596166557
trapA,mte,test_corr,42,0.8227698286521816
trapA,mte,test_corr,123,0.820579402932344
trapA,mte,test_corr,456,0.8316375198728139
trapA,mte,test_corr,789,0.8832361773538244
trapA,mte,test_corr,2026,0.8829888712241653
trapA,mte,test_rev,42,0.5474924012158054
trapA,mte,test_rev,123,0.5499620060790273
trapA,mte,test_rev,456,0.5406127876682588
trapA,mte,test_rev,789,0.5132435953104646
trapA,mte,test_rev,2026,0.5183049283543205
trapA,mte_protect,clean,42,0.6941424322538003
trapA,mte_protect,clean,123,0.7072951090548578
trapA,mte_protect,clean,456,0.6931840713813616
trapA,mte_protect,clean,789,0.7041308658294779
trapA,mte_protect,clean,2026,0.7006278916060806
trapA,mte_protect,test_corr,42,0.788694576929871
trapA,mte_protect,test_corr,123,0.8213566507684155
trapA,mte_protect,test_corr,456,0.8311429076134957
trapA,mte_protect,test_corr,789,0.851475004416181
trapA,mte_protect,test_corr,2026,0.8537537537537537
trapA,mte_protect,test_rev,42,0.5899099001302648
trapA,mte_protect,test_rev,123,0.5832338254450716
trapA,mte_protect,test_rev,456,0.5445614415979159
trapA,mte_protect,test_rev,789,0.5606410117238385
trapA,mte_protect,test_rev,2026,0.546936061658706
