method,overlap,env,auc,wga
balanced,0.0,clean,0.9479161624473594,
balanced,0.0,test_corr,0.9533536634557981,0.7689465706707086
balanced,0.0,test_rev,0.9195023960501475,0.7233352690669764
balanced,0.25,clean,0.946125175468319,
balanced,0.25,test_corr,0.9524016974038756,0.7762350795755969
balanced,0.25,test_rev,0.9097729802991431,0.7360333747927031
balanced,0.5,clean,0.9466576310566822,
balanced,0.5,test_corr,0.9550478403278636,0.7840090943539219
balanced,0.5,test_rev,0.9147102957548768,0.7699701007627837
balanced,0.75,clean,0.9470771415202414,
balanced,0.75,test_corr,0.9569195023960502,0.7445568081343943
balanced,0.75,test_rev,0.9118705326169385,0.7304580700103088
balanced,1.0,clean,0.9482549978217726,
balanced,1.0,test_corr,0.9549994352743759,0.7359775641025642
balanced,1.0,test_rev,0.9138228697742711,0.7119758351101635
dfr,0.0,clean,0.9461090404504896,
dfr,0.0,test_corr,0.9412524000839021,0.836996336996337
dfr,0.0,test_rev,0.933539861561547,0.8150083881791198
dfr,0.25,clean,0.9414621553156817,
dfr,0.25,test_corr,0.9349920131661745,0.7940705128205128
dfr,0.25,test_rev,0.9185988350517128,0.7725512969415408
dfr,0.5,clean,0.9444471336140826,
dfr,0.5,test_corr,0.9435274375978185,0.7861378205128204
dfr,0.5,test_rev,0.9217290285105765,0.7680249545921187
dfr,0.75,clean,0.9418009906900947,
dfr,0.75,test_corr,0.9322490601352115,0.7418269230769231
dfr,0.75,test_rev,0.9212933830291883,0.6818783068783069
dfr,1.0,clean,0.9433176823660391,
dfr,1.0,test_corr,0.9327492456879165,0.7410062997347481
dfr,1.0,test_rev,0.9228907497942785,0.7481540709152649
erm,0.0,clean,0.9321522500282362,
erm,0.0,test_corr,0.9761363086306211,0.338291019325502
erm,0.0,test_rev,0.6969036900785776,0.35405614673907354
erm,0.25,clean,0.9300708327282701,
erm,0.25,test_corr,0.9805573035158203,0.38335227990400406
erm,0.25,test_rev,0.6334123949206963,0.3650026332953162
erm,0.5,clean,0.929651322264711,
erm,0.5,test_corr,0.9813963244429385,0.20838069976001009
erm,0.5,test_rev,0.6241186246510803,0.22749840432767263
erm,0.75,clean,0.9327653807057458,
erm,0.75,test_corr,0.9803314132662116,0.278672476948339
erm,0.75,test_rev,0.6356874324346129,0.3271424734839368
erm,1.0,clean,0.9320554399212612,
erm,1.0,test_corr,0.982251480387886,0.2994189718327649
erm,1.0,test_rev,0.5744550397728189,0.2747494881641223
i2e,0.0,clean,0.9151943462897526,
i2e,0.0,test_corr,0.9301676428352453,0.7504578754578755
i2e,0.0,test_rev,0.8794068767445987,0.6754097302877792
i2e,0.25,clean,0.9126127434370814,
i2e,0.25,test_corr,0.9426238765993836,0.7199135474997544
i2e,0.25,test_rev,0.8477015667102311,0.7199475594997983
i2e,0.5,clean,0.9166626329122094,
i2e,0.5,test_corr,0.9436403827226229,0.7564102564102564
i2e,0.5,test_rev,0.8473788663536473,0.6972391598915989
i2e,0.75,clean,0.9132742791680784,
i2e,0.75,test_corr,0.93768656114365,0.6250789440444613
i2e,0.75,test_rev,0.8324217048259838,0.6231610530391019
i2e,1.0,clean,0.920535037191216,
i2e,1.0,test_corr,0.9485776981783566,0.6391309839585703
i2e,1.0,test_rev,0.8257579424625264,0.58126506297238
i2e_balanced,0.0,clean,0.9181147845168369,
i2e_balanced,0.0,test_corr,0.9134517643641996,0.7431891025641025
i2e_balanced,0.0,test_rev,0.9108701615115283,0.6912313432835822
i2e_balanced,0.25,clean,0.9189054003904674,
i2e_balanced,0.25,test_corr,0.9150491311292899,0.7123397435897436
i2e_balanced,0.25,test_rev,0.9075947528922019,0.7038419016030956
i2e_balanced,0.5,clean,0.9179211643028866,
i2e_balanced,0.5,test_corr,0.9044968294689965,0.6761642156862745
i2e_balanced,0.5,test_rev,0.9048356648434096,0.7063899253731343
i2e_balanced,0.75,clean,0.9180663794633492,
i2e_balanced,0.75,test_corr,0.904045048969779,0.8014423076923077
i2e_balanced,0.75,test_rev,0.8993174887458251,0.6889165284687673
i2e_balanced,1.0,clean,0.9215192732787969,
i2e_balanced,1.0,test_corr,0.9078206431418107,0.7912660256410257
i2e_balanced,1.0,test_rev,0.8998499443341884,0.7064874042485982
i2e_rank1,0.0,clean,0.9377349661971376,
i2e_rank1,0.0,test_corr,0.9658098972199364,0.5777756726032588
i2e_rank1,0.0,test_rev,0.8562853961953628,0.5942850516021249
i2e_rank1,0.25,clean,0.9214870032431386,
i2e_rank1,0.25,test_corr,0.9572583377704632,0.5548818997094859
i2e_rank1,0.25,test_rev,0.8080094228504122,0.5794732014244209
i2e_rank1,0.5,clean,0.9294254320151024,
i2e_rank1,0.5,test_corr,0.958387789018507,0.6378994568649742
i2e_rank1,0.5,test_rev,0.8469109508366007,0.6384005957176688
i2e_rank1,0.75,clean,0.9315068493150683,
i2e_rank1,0.75,test_corr,0.9548542201139133,0.6391309839585703
i2e_rank1,0.75,test_rev,0.8560917759814125,0.6243944292724781
i2e_rank1,1.0,clean,0.9265533988415057,
i2e_rank1,1.0,test_corr,0.9593881601239169,0.6483832259694329
i2e_rank1,1.0,test_rev,0.8224986688610292,0.6155149051490515
insert_aug,0.0,clean,0.9469803314132662,
insert_aug,0.0,test_corr,0.9777014053600528,0.5902014652014652
insert_aug,0.0,test_rev,0.8081385029930458,0.5781548098621269
insert_aug,0.25,clean,0.9432531422947221,
insert_aug,0.25,test_corr,0.9818642399599852,0.4567070860174309
insert_aug,0.25,test_rev,0.7345628216919179,0.4614937236888456
insert_aug,0.5,clean,0.9439308130435484,
insert_aug,0.5,test_corr,0.9848008132048985,0.49374763167866614
insert_aug,0.5,test_rev,0.7293189408974295,0.4881248844663479
insert_aug,0.75,clean,0.9447214289171789,
insert_aug,0.75,test_corr,0.9840586023847556,0.36169003410382716
insert_aug,0.75,test_rev,0.7128128176581635,0.3959307739795544
insert_aug,1.0,clean,0.9446246188102038,
insert_aug,1.0,test_corr,0.983832712135147,0.4094038145762284
insert_aug,1.0,test_rev,0.7009535795537055,0.37744364573632866
leace,0.0,clean,0.950530035335689,
leace,0.0,test_corr,0.9446891588815204,0.793040293040293
leace,0.0,test_rev,0.9457702050760766,0.8094592850690412
leace,0.25,clean,0.9505139003178599,
leace,0.25,test_corr,0.947545057037288,0.8298285130224107
leace,0.25,test_rev,0.9373154557335787,0.8176577430308773
leace,0.5,clean,0.9502880100682511,
leace,0.5,test_corr,0.9471094115558998,0.770220588235294
leace,0.5,test_rev,0.9421882311179953,0.7621527777777778
leace,0.75,clean,0.9538699840263324,
leace,0.75,test_corr,0.9453506946125176,0.8391946799919241
leace,0.75,test_rev,0.9434790325443309,0.8082010582010583
leace,1.0,clean,0.9542894944898914,
leace,1.0,test_corr,0.9423495812962873,0.8069976001010484
leace,1.0,test_rev,0.9384449069816222,0.7880371660859465
mask,0.0,clean,0.8576407376930152,
mask,0.0,test_corr,0.8576407376930152,0.5352328431372549
mask,0.0,test_rev,0.8576407376930152,0.5382462686567164
mask,0.25,clean,0.8043306387853558,
mask,0.25,test_corr,0.9550317053100343,0.012820512820512801
mask,0.25,test_rev,0.3442244703680397,0.023620310205676
mask,0.5,clean,0.818432644368072,
mask,0.5,test_corr,0.9573067428239508,0.03754578754578753
mask,0.5,test_rev,0.34186875776497727,0.0344316441877417
mask,0.75,clean,0.8259838327121352,
mask,0.75,test_corr,0.9600174258192555,0.0362195275988379
mask,0.75,test_rev,0.3266857059877051,0.027749875310850866
mask,1.0,clean,0.8231924746276844,
mask,1.0,test_corr,0.9539345240976491,0.024725274725274703
mask,1.0,test_rev,0.31134130403214094,0.0119945729701827
mte,0.0,clean,0.8349871726608257,
mte,0.0,test_corr,0.8349871726608257,0.5808823529411765
mte,0.0,test_rev,0.8349871726608257,0.53125
mte,0.25,clean,0.7686561143650064,
mte,0.25,test_corr,0.8730658147377253,0.4198717948717949
mte,0.25,test_rev,0.6117269309582587,0.4542068200604785
mte,0.5,clean,0.7873727350468722,
mte,0.5,test_corr,0.8570276070155057,0.5273809523809524
mte,0.5,test_rev,0.6619391064427126,0.5144673754429853
mte,0.75,clean,0.8063959210674927,
mte,0.75,test_corr,0.8923310260257837,0.4893583428066186
mte,0.75,test_rev,0.6466915145941236,0.47003711028101264
mte,1.0,clean,0.8096229246333317,
mte,1.0,test_corr,0.8932023169885602,0.443886573196918
mte,1.0,test_rev,0.5961082336995983,0.3780077987395061
mte_balanced,0.0,clean,0.823983090501315,
mte_balanced,0.0,test_corr,0.823983090501315,0.6161858974358975
mte_balanced,0.0,test_rev,0.823983090501315,0.63292663665798
mte_balanced,0.25,clean,0.8198847959726995,
mte_balanced,0.25,test_corr,0.820255901382771,0.546875
mte_balanced,0.25,test_rev,0.805266469819449,0.5687435836689568
mte_balanced,0.5,clean,0.8161253368184972,
mte_balanced,0.5,test_corr,0.8126079029317328,0.5957532051282052
mte_balanced,0.5,test_rev,0.7999741839714732,0.5978835978835978
mte_balanced,0.75,clean,0.8213046775416687,
mte_balanced,0.75,test_corr,0.8236281201090727,0.5905448717948718
mte_balanced,0.75,test_rev,0.7997321587040354,0.5654761904761905
mte_balanced,1.0,clean,0.8180292689223422,
mte_balanced,1.0,test_corr,0.8093163592945771,0.5338827838827839
mte_balanced,1.0,test_rev,0.7766590832082869,0.576890318353733
ui2e,0.0,clean,0.8519612114171385,
ui2e,0.0,test_corr,0.9440437581683527,0.4222243273967412
ui2e,0.0,test_rev,0.6427384352259708,0.4040591113761845
ui2e,0.25,clean,0.8457976346063862,
ui2e,0.25,test_corr,0.9576939832518515,0.25211570039156245
ui2e,0.25,test_rev,0.5557222840731239,0.31401523474694204
ui2e,0.5,clean,0.845281314035852,
ui2e,0.5,test_corr,0.9561772915759071,0.27684097511683714
ui2e,0.5,test_rev,0.5456378979298773,0.3142262471530764
ui2e,0.75,clean,0.8402794585088017,
ui2e,0.75,test_corr,0.9521435371186083,0.21589617279272452
ui2e,0.75,test_rev,0.5275182729076916,0.2595408997848022
ui2e,1.0,clean,0.8449263436436096,
ui2e,1.0,test_corr,0.9620343030479047,0.21589617279272452
ui2e,1.0,test_rev,0.5114316601319845,0.25126084272425736
ui2e_balanced,0.0,clean,0.8780676702647755,
ui2e_balanced,0.0,test_corr,0.8861674492150314,0.6305555555555555
ui2e_balanced,0.0,test_rev,0.8635945592719881,0.6611473880597015
ui2e_balanced,0.25,clean,0.875857172822176,
ui2e_balanced,0.25,test_corr,0.8896687480839666,0.6108058608058609
ui2e_balanced,0.25,test_rev,0.8461364699807993,0.5720576848625629
ui2e_balanced,0.5,clean,0.8761314681252722,
ui2e_balanced,0.5,test_corr,0.8803427077786922,0.6342885872297637
ui2e_balanced,0.5,test_rev,0.8452813140358519,0.6071751193702414
ui2e_balanced,0.75,clean,0.8720331735966568,
ui2e_balanced,0.75,test_corr,0.8842957871468448,0.6505305039787799
ui2e_balanced,0.75,test_rev,0.8333091308065895,0.6978171551342283
ui2e_balanced,1.0,clean,0.8761960081965889,
ui2e_balanced,1.0,test_corr,0.8949287638962841,0.6721611721611721
ui2e_balanced,1.0,test_rev,0.8394404375816835,0.6806200800103239
umte,0.0,clean,0.8089129838488471,
umte,0.0,test_corr,0.8089129838488471,0.6524725274725275
umte,0.0,test_rev,0.8089129838488471,0.6483041780345583
umte,0.25,clean,0.7365474288849089,
umte,0.25,test_corr,0.9160495022347,0.08260704812428947
umte,0.25,test_rev,0.3751552995466059,0.114945956409371
umte,0.5,clean,0.7323361892314891,
umte,0.5,test_corr,0.9329428659018668,0.0362195275988379
umte,0.5,test_rev,0.32804104748535745,0.0462221803685218
umte,0.75,clean,0.7441792923181181,
umte,0.75,test_corr,0.9372025106087744,0.06053429329291397
umte,0.75,test_rev,0.30091808251448116,0.04083438839536397
umte,1.0,clean,0.7521983961792277,
umte,1.0,test_corr,0.934040047114252,0.07468106606037637
umte,1.0,test_rev,0.2652112880584733,0.07047203998423503
umte_balanced,0.0,clean,0.7927295609661648,
umte_balanced,0.0,test_corr,0.7927295609661648,0.5234204793028322
umte_balanced,0.0,test_rev,0.7927295609661648,0.5058302238805971
umte_balanced,0.25,clean,0.7909063039514658,
umte_balanced,0.25,test_corr,0.8330509705213224,0.6036656041727035
umte_balanced,0.25,test_rev,0.7318844087322716,0.5397188346883469
umte_balanced,0.5,clean,0.785872178388757,
umte_balanced,0.5,test_corr,0.8387627668328573,0.5889355742296919
umte_balanced,0.5,test_rev,0.725607886796715,0.5293021680216802
umte_balanced,0.75,clean,0.7904706584700776,
umte_balanced,0.75,test_corr,0.8446681833583426,0.5013616557734205
umte_balanced,0.75,test_rev,0.7179760233635056,0.47955534825870644
umte_balanced,1.0,clean,0.7824354195911386,
umte_balanced,1.0,test_corr,0.8430546815754232,0.5868347338935574
umte_balanced,1.0,test_rev,0.696952095132065,0.5782520325203252
