method,baseline,env,lo,hi,estimand,delta_mean_bootstrap,ci95_lo,ci95_hi,n_boot_valid,seed_delta_mean,seed_delta_sd,seed_deltas_json,ci_excludes_zero
mask,erm,test_rev,0.0,1.0,mean_seed_specific_interaction,0.205393759693161,0.149707632703781,0.2589450562629552,10000,0.20524691358024705,0.03894885637075299,"[0.16027336860670205, 0.22795414462081143, 0.22751322751322767]",True
inpaint,erm,test_rev,0.0,1.0,mean_seed_specific_interaction,-0.005068906064699421,-0.026234712550716854,0.015434495714876534,10000,-0.004776601998824126,0.0011096170539786172,"[-0.0037477954144620185, -0.004629629629629539, -0.00595238095238082]",False
balanced,erm,test_rev,0.0,1.0,mean_seed_specific_interaction,-0.023975864082148128,-0.053561253556429794,0.00035330000130011856,10000,-0.024176954732510247,0.018914949929365293,"[-0.009920634920634885, -0.045634920634920584, -0.016975308641975273]",False
dfr,erm,test_rev,0.0,1.0,mean_seed_specific_interaction,-0.02749191188040191,-0.04000445149678296,-0.0161757429674829,10000,-0.027483833039388544,0.004881717719060064,"[-0.02402998236331577, -0.033068783068783025, -0.02535273368606683]",True
leace,erm,test_rev,0.0,1.0,mean_seed_specific_interaction,-0.01970920536287237,-0.038871205948250644,0.0019020484682555467,10000,-0.019841269841269882,0.009028040224622204,"[-0.013668430335097126, -0.030202821869488528, -0.015652557319223992]",False
i2e,erm,test_rev,0.0,1.0,mean_seed_specific_interaction,0.001385177260827098,-0.01102371212954863,0.013765586158997022,10000,0.001322751322751466,0.002753526454320239,"[0.0044091710758378255, -0.0008818342151674097, 0.0004409171075839824]",False
i2e_balanced,erm,test_rev,0.0,1.0,mean_seed_specific_interaction,-0.017453182304143725,-0.03394152177761009,-0.0006545673358205478,10000,-0.017489711934156344,0.012099807691252394,"[-0.003527336860670194, -0.02491181657848318, -0.02402998236331566]",True
i2e_rank1,erm,test_rev,0.0,1.0,mean_seed_specific_interaction,-0.022359166244035354,-0.045233253236123795,0.00014221447650283767,10000,-0.022633744855966958,0.004636623031847987,"[-0.017857142857142905, -0.027116402116401872, -0.022927689594356093]",False
insert_aug,erm,test_rev,0.0,1.0,mean_seed_specific_interaction,9.682660813775056e-05,-0.007574051400607329,0.00771643049068703,10000,7.348618459731189e-05,0.002262610863953567,"[-0.0024250440917106264, 0.000661375661375585, 0.001984126984126977]",False
mte,erm,test_rev,0.0,1.0,mean_seed_specific_interaction,0.18530121206103167,0.13479218804255294,0.23545466964959183,10000,0.18511169900058802,0.03423170741215856,"[0.1457231040564375, 0.2019400352733688, 0.20767195767195779]",True
mte_balanced,erm,test_rev,0.0,1.0,mean_seed_specific_interaction,0.022303835018398048,-0.005151215161023756,0.050516514303459964,10000,0.022119341563786105,0.016581844506466086,"[0.003306878306878369, 0.03461199294532635, 0.028439153439153597]",False
ui2e,erm,test_rev,0.0,1.0,mean_seed_specific_interaction,-0.020636383316581915,-0.033561811519176754,-0.00845771565086553,10000,-0.020649617871840015,0.001347024013802513,"[-0.020943562610229338, -0.021825396825396748, -0.019179894179893964]",True
ui2e_balanced,erm,test_rev,0.0,1.0,mean_seed_specific_interaction,-0.021917797876863553,-0.03850134862005183,-0.005995677541937596,10000,-0.021972369194591262,0.011561644735633751,"[-0.009038800705467254, -0.03130511463844776, -0.025573192239858766]",True
umte,erm,test_rev,0.0,1.0,mean_seed_specific_interaction,0.10894826516836754,0.07072857415153114,0.14714879568967162,10000,0.10883303938859508,0.022706517571252784,"[0.08311287477954155, 0.11728395061728414, 0.12610229276895957]",True
umte_balanced,erm,test_rev,0.0,1.0,mean_seed_specific_interaction,-0.00011208135271914853,-0.02291615702584485,0.02285354274561476,10000,-0.0002204585537918987,0.011684303350970038,"[-0.011904761904761973, -0.00022045855379182466, 0.011463844797178102]",False
