trap,arm,ref,env,seed_delta_mean,ci95_lo,ci95_hi
trapA,mte_protect,mask,test_rev,-0.010489062080460965,-0.020441560359653506,-0.0008281550391819125
trapA,mte_protect,mask,clean,-0.007518535681186278,-0.011749183956259134,-0.0032788111944599273
trapA,mte_balanced,balanced,test_rev,0.08154854270213903,0.06388535337488299,0.10020561569815983
trapA,mte_balanced,balanced,clean,0.04881835032437447,0.03144964420105763,0.06384600480418764
trapA,mask,erm,test_rev,0.09648899962875053,0.08032484870143995,0.11258175353269959
trapA,mask,erm,clean,0.07454730163256591,0.06123428965566298,0.087703083488776
trapB,mte_protect,mask,test_rev,-0.027613941018766776,-0.04062466974011415,-0.014643174491011816
trapB,mte_protect,mask,clean,-0.01715333342164762,-0.027845867088215327,-0.006098600812924957
trapB,mte_balanced,balanced,test_rev,0.2008210455764075,0.14301484660989436,0.2585673219704206
trapB,mte_balanced,balanced,clean,0.1417278380890562,0.10148894369353827,0.1817108703952382
trapB,mask,erm,test_rev,0.35511058981233246,0.3111013853908217,0.3989077562751445
trapB,mask,erm,clean,0.1864575881817861,0.15163032997283138,0.22058161010838634
