cohort,encoder,family,setting,chosen,frozen,frozen_setting,trap,seed,fold,p_a_y0_before,p_a_y0_after,n_pasted_y0,p_a_y1_before,p_a_y1_after,n_pasted_y1,n_recipients,n_in,n_out
ovary,dino518,mask_bal,lam1,True,True,lam1,trapA,8101,0,,,,,,,,,
ovary,dino518,mask_cmc,per_class,True,True,per_class,trapA,8101,0,,,,,,,,,
ovary,dino518,full_cmc,mask,True,True,mask,trapA,8101,0,,,,,,,,,
ovary,dino518,locrand,locrand,True,True,locrand,trapA,8101,0,,,,,,,,,
ovary,dino518,locrand_loc,mask,True,True,mask,trapA,8101,0,,,,,,,,,
ovary,dino518,afr,mask,True,True,mask,trapA,8101,0,,,,,,,,,
ovary,dino518,mask_cfs,mu100,True,True,mu100,trapA,8101,0,,,,,,,,,
ovary,dino518,ens,a0.25,True,True,a0.25,trapA,8101,0,,,,,,,,,
ovary,dino518,locrand,_plan,,,,trapA,8101,0,0.09917,0.89256,96.00000,0.90000,0.90000,0.00000,116.00000,43.00000,53.00000
ovary,dino518,locrand_loc,_plan,,,,trapA,8101,0,0.09917,0.89256,96.00000,0.90000,0.90000,0.00000,116.00000,96.00000,0.00000
ovary,dino518,mask_bal,lam1,True,True,lam1,trapA,8101,1,,,,,,,,,
ovary,dino518,mask_cmc,per_class,True,True,per_class,trapA,8101,1,,,,,,,,,
ovary,dino518,full_cmc,mask,True,True,mask,trapA,8101,1,,,,,,,,,
ovary,dino518,locrand,locrand,True,True,locrand,trapA,8101,1,,,,,,,,,
ovary,dino518,locrand_loc,mask,True,True,mask,trapA,8101,1,,,,,,,,,
ovary,dino518,afr,mask,True,True,mask,trapA,8101,1,,,,,,,,,
ovary,dino518,mask_cfs,mu100,True,True,mu100,trapA,8101,1,,,,,,,,,
ovary,dino518,ens,a0.25,True,True,a0.25,trapA,8101,1,,,,,,,,,
ovary,dino518,locrand,_plan,,,,trapA,8101,1,0.10156,0.88281,100.00000,0.90256,0.90256,0.00000,117.00000,47.00000,53.00000
ovary,dino518,locrand_loc,_plan,,,,trapA,8101,1,0.10156,0.88281,100.00000,0.90256,0.90256,0.00000,117.00000,100.00000,0.00000
ovary,dino518,mask_bal,lam1,True,True,lam1,trapA,8101,2,,,,,,,,,
ovary,dino518,mask_cmc,per_class,True,True,per_class,trapA,8101,2,,,,,,,,,
ovary,dino518,full_cmc,mask,True,True,mask,trapA,8101,2,,,,,,,,,
ovary,dino518,locrand,locrand,True,True,locrand,trapA,8101,2,,,,,,,,,
ovary,dino518,locrand_loc,mask,True,True,mask,trapA,8101,2,,,,,,,,,
ovary,dino518,afr,mask,True,True,mask,trapA,8101,2,,,,,,,,,
ovary,dino518,mask_cfs,mu100,True,True,mu100,trapA,8101,2,,,,,,,,,
ovary,dino518,ens,a0.25,True,True,a0.25,trapA,8101,2,,,,,,,,,
ovary,dino518,locrand,_plan,,,,trapA,8101,2,0.10345,0.89655,92.00000,0.89756,0.89756,0.00000,112.00000,47.00000,45.00000
ovary,dino518,locrand_loc,_plan,,,,trapA,8101,2,0.10345,0.89655,92.00000,0.89756,0.89756,0.00000,112.00000,92.00000,0.00000
ovary,dino518,mask_bal,lam1,True,True,lam1,trapA,8101,3,,,,,,,,,
ovary,dino518,mask_cmc,per_class,True,True,per_class,trapA,8101,3,,,,,,,,,
ovary,dino518,full_cmc,mask,True,True,mask,trapA,8101,3,,,,,,,,,
ovary,dino518,locrand,locrand,True,True,locrand,trapA,8101,3,,,,,,,,,
ovary,dino518,locrand_loc,mask,True,True,mask,trapA,8101,3,,,,,,,,,
ovary,dino518,afr,mask,True,True,mask,trapA,8101,3,,,,,,,,,
ovary,dino518,mask_cfs,mu100,True,True,mu100,trapA,8101,3,,,,,,,,,
ovary,dino518,ens,a0.25,True,True,a0.25,trapA,8101,3,,,,,,,,,
ovary,dino518,locrand,_plan,,,,trapA,8101,3,0.09836,0.90164,98.00000,0.90196,0.90196,0.00000,116.00000,41.00000,57.00000
ovary,dino518,locrand_loc,_plan,,,,trapA,8101,3,0.09836,0.90164,98.00000,0.90196,0.90196,0.00000,116.00000,98.00000,0.00000
ovary,dino518,mask_bal,lam1,True,True,lam1,trapA,8101,4,,,,,,,,,
ovary,dino518,mask_cmc,per_class,True,True,per_class,trapA,8101,4,,,,,,,,,
ovary,dino518,full_cmc,mask,True,True,mask,trapA,8101,4,,,,,,,,,
ovary,dino518,locrand,locrand,True,True,locrand,trapA,8101,4,,,,,,,,,
ovary,dino518,locrand_loc,mask,True,True,mask,trapA,8101,4,,,,,,,,,
ovary,dino518,afr,mask,True,True,mask,trapA,8101,4,,,,,,,,,
ovary,dino518,mask_cfs,mu100,True,True,mu100,trapA,8101,4,,,,,,,,,
ovary,dino518,ens,a0.25,True,True,a0.25,trapA,8101,4,,,,,,,,,
ovary,dino518,locrand,_plan,,,,trapA,8101,4,0.10317,0.89683,100.00000,0.89806,0.89806,0.00000,117.00000,50.00000,50.00000
ovary,dino518,locrand_loc,_plan,,,,trapA,8101,4,0.10317,0.89683,100.00000,0.89806,0.89806,0.00000,117.00000,100.00000,0.00000
ovary,dino518,mask_bal,lam1,True,True,lam1,trapA,8202,0,,,,,,,,,
ovary,dino518,mask_cmc,per_class,True,True,per_class,trapA,8202,0,,,,,,,,,
ovary,dino518,full_cmc,mask,True,True,mask,trapA,8202,0,,,,,,,,,
ovary,dino518,locrand,locrand,True,True,locrand,trapA,8202,0,,,,,,,,,
ovary,dino518,locrand_loc,mask,True,True,mask,trapA,8202,0,,,,,,,,,
ovary,dino518,afr,mask,True,True,mask,trapA,8202,0,,,,,,,,,
ovary,dino518,mask_cfs,mu100,True,True,mu100,trapA,8202,0,,,,,,,,,
ovary,dino518,ens,a0.25,True,True,a0.25,trapA,8202,0,,,,,,,,,
ovary,dino518,locrand,_plan,,,,trapA,8202,0,0.09677,0.86290,95.00000,0.89796,0.89796,0.00000,108.00000,50.00000,45.00000
ovary,dino518,locrand_loc,_plan,,,,trapA,8202,0,0.09677,0.86290,95.00000,0.89796,0.89796,0.00000,108.00000,95.00000,0.00000
ovary,dino518,mask_bal,lam1,True,True,lam1,trapA,8202,1,,,,,,,,,
ovary,dino518,mask_cmc,per_class,True,True,per_class,trapA,8202,1,,,,,,,,,
ovary,dino518,full_cmc,mask,True,True,mask,trapA,8202,1,,,,,,,,,
ovary,dino518,locrand,locrand,True,True,locrand,trapA,8202,1,,,,,,,,,
ovary,dino518,locrand_loc,mask,True,True,mask,trapA,8202,1,,,,,,,,,
ovary,dino518,afr,mask,True,True,mask,trapA,8202,1,,,,,,,,,
ovary,dino518,mask_cfs,mu100,True,True,mu100,trapA,8202,1,,,,,,,,,
ovary,dino518,ens,a0.25,True,True,a0.25,trapA,8202,1,,,,,,,,,
ovary,dino518,locrand,_plan,,,,trapA,8202,1,0.10256,0.88034,91.00000,0.90000,0.90000,0.00000,106.00000,49.00000,42.00000
ovary,dino518,locrand_loc,_plan,,,,trapA,8202,1,0.10256,0.88034,91.00000,0.90000,0.90000,0.00000,106.00000,91.00000,0.00000
ovary,dino518,mask_bal,lam1,True,True,lam1,trapA,8202,2,,,,,,,,,
ovary,dino518,mask_cmc,per_class,True,True,per_class,trapA,8202,2,,,,,,,,,
ovary,dino518,full_cmc,mask,True,True,mask,trapA,8202,2,,,,,,,,,
ovary,dino518,locrand,locrand,True,True,locrand,trapA,8202,2,,,,,,,,,
ovary,dino518,locrand_loc,mask,True,True,mask,trapA,8202,2,,,,,,,,,
ovary,dino518,afr,mask,True,True,mask,trapA,8202,2,,,,,,,,,
ovary,dino518,mask_cfs,mu100,True,True,mu100,trapA,8202,2,,,,,,,,,
ovary,dino518,ens,a0.25,True,True,a0.25,trapA,8202,2,,,,,,,,,
ovary,dino518,locrand,_plan,,,,trapA,8202,2,0.10345,0.87931,90.00000,0.90196,0.90196,0.00000,109.00000,47.00000,43.00000
ovary,dino518,locrand_loc,_plan,,,,trapA,8202,2,0.10345,0.87931,90.00000,0.90196,0.90196,0.00000,109.00000,90.00000,0.00000
ovary,dino518,mask_bal,lam1,True,True,lam1,trapA,8202,3,,,,,,,,,
ovary,dino518,mask_cmc,per_class,True,True,per_class,trapA,8202,3,,,,,,,,,
ovary,dino518,full_cmc,mask,True,True,mask,trapA,8202,3,,,,,,,,,
ovary,dino518,locrand,locrand,True,True,locrand,trapA,8202,3,,,,,,,,,
ovary,dino518,locrand_loc,mask,True,True,mask,trapA,8202,3,,,,,,,,,
ovary,dino518,afr,mask,True,True,mask,trapA,8202,3,,,,,,,,,
ovary,dino518,mask_cfs,mu100,True,True,mu100,trapA,8202,3,,,,,,,,,
ovary,dino518,ens,a0.25,True,True,a0.25,trapA,8202,3,,,,,,,,,
ovary,dino518,locrand,_plan,,,,trapA,8202,3,0.10435,0.89565,91.00000,0.89848,0.89848,0.00000,107.00000,46.00000,45.00000
ovary,dino518,locrand_loc,_plan,,,,trapA,8202,3,0.10435,0.89565,91.00000,0.89848,0.89848,0.00000,107.00000,91.00000,0.00000
ovary,dino518,mask_bal,lam1,True,True,lam1,trapA,8202,4,,,,,,,,,
ovary,dino518,mask_cmc,per_class,True,True,per_class,trapA,8202,4,,,,,,,,,
ovary,dino518,full_cmc,mask,True,True,mask,trapA,8202,4,,,,,,,,,
ovary,dino518,locrand,locrand,True,True,locrand,trapA,8202,4,,,,,,,,,
ovary,dino518,locrand_loc,mask,True,True,mask,trapA,8202,4,,,,,,,,,
ovary,dino518,afr,mask,True,True,mask,trapA,8202,4,,,,,,,,,
ovary,dino518,mask_cfs,mu100,True,True,mu100,trapA,8202,4,,,,,,,,,
ovary,dino518,ens,a0.25,True,True,a0.25,trapA,8202,4,,,,,,,,,
ovary,dino518,locrand,_plan,,,,trapA,8202,4,0.10000,0.89231,103.00000,0.89730,0.89730,0.00000,122.00000,50.00000,53.00000
ovary,dino518,locrand_loc,_plan,,,,trapA,8202,4,0.10000,0.89231,103.00000,0.89730,0.89730,0.00000,122.00000,103.00000,0.00000
ovary,dino518,mask_bal,lam1,True,True,lam1,trapA,8303,0,,,,,,,,,
ovary,dino518,mask_cmc,per_class,True,True,per_class,trapA,8303,0,,,,,,,,,
ovary,dino518,full_cmc,mask,True,True,mask,trapA,8303,0,,,,,,,,,
ovary,dino518,locrand,locrand,True,True,locrand,trapA,8303,0,,,,,,,,,
ovary,dino518,locrand_loc,mask,True,True,mask,trapA,8303,0,,,,,,,,,
ovary,dino518,afr,mask,True,True,mask,trapA,8303,0,,,,,,,,,
ovary,dino518,mask_cfs,mu100,True,True,mu100,trapA,8303,0,,,,,,,,,
ovary,dino518,ens,a0.25,True,True,a0.25,trapA,8303,0,,,,,,,,,
ovary,dino518,locrand,_plan,,,,trapA,8303,0,0.10317,0.89683,100.00000,0.90099,0.90099,0.00000,117.00000,58.00000,42.00000
ovary,dino518,locrand_loc,_plan,,,,trapA,8303,0,0.10317,0.89683,100.00000,0.90099,0.90099,0.00000,117.00000,100.00000,0.00000
ovary,dino518,mask_bal,lam1,True,True,lam1,trapA,8303,1,,,,,,,,,
ovary,dino518,mask_cmc,per_class,True,True,per_class,trapA,8303,1,,,,,,,,,
ovary,dino518,full_cmc,mask,True,True,mask,trapA,8303,1,,,,,,,,,
ovary,dino518,locrand,locrand,True,True,locrand,trapA,8303,1,,,,,,,,,
ovary,dino518,locrand_loc,mask,True,True,mask,trapA,8303,1,,,,,,,,,
ovary,dino518,afr,mask,True,True,mask,trapA,8303,1,,,,,,,,,
ovary,dino518,mask_cfs,mu100,True,True,mu100,trapA,8303,1,,,,,,,,,
ovary,dino518,ens,a0.25,True,True,a0.25,trapA,8303,1,,,,,,,,,
ovary,dino518,locrand,_plan,,,,trapA,8303,1,0.09910,0.90090,89.00000,0.89899,0.89899,0.00000,109.00000,47.00000,42.00000
ovary,dino518,locrand_loc,_plan,,,,trapA,8303,1,0.09910,0.90090,89.00000,0.89899,0.89899,0.00000,109.00000,89.00000,0.00000
ovary,dino518,mask_bal,lam1,True,True,lam1,trapA,8303,2,,,,,,,,,
ovary,dino518,mask_cmc,per_class,True,True,per_class,trapA,8303,2,,,,,,,,,
ovary,dino518,full_cmc,mask,True,True,mask,trapA,8303,2,,,,,,,,,
ovary,dino518,locrand,locrand,True,True,locrand,trapA,8303,2,,,,,,,,,
ovary,dino518,locrand_loc,mask,True,True,mask,trapA,8303,2,,,,,,,,,
ovary,dino518,afr,mask,True,True,mask,trapA,8303,2,,,,,,,,,
ovary,dino518,mask_cfs,mu100,True,True,mu100,trapA,8303,2,,,,,,,,,
ovary,dino518,ens,a0.25,True,True,a0.25,trapA,8303,2,,,,,,,,,
ovary,dino518,locrand,_plan,,,,trapA,8303,2,0.10435,0.90435,92.00000,0.90052,0.90052,0.00000,110.00000,48.00000,44.00000
ovary,dino518,locrand_loc,_plan,,,,trapA,8303,2,0.10435,0.90435,92.00000,0.90052,0.90052,0.00000,110.00000,92.00000,0.00000
ovary,dino518,mask_bal,lam1,True,True,lam1,trapA,8303,3,,,,,,,,,
ovary,dino518,mask_cmc,per_class,True,True,per_class,trapA,8303,3,,,,,,,,,
ovary,dino518,full_cmc,mask,True,True,mask,trapA,8303,3,,,,,,,,,
ovary,dino518,locrand,locrand,True,True,locrand,trapA,8303,3,,,,,,,,,
ovary,dino518,locrand_loc,mask,True,True,mask,trapA,8303,3,,,,,,,,,
ovary,dino518,afr,mask,True,True,mask,trapA,8303,3,,,,,,,,,
ovary,dino518,mask_cfs,mu100,True,True,mu100,trapA,8303,3,,,,,,,,,
ovary,dino518,ens,a0.25,True,True,a0.25,trapA,8303,3,,,,,,,,,
ovary,dino518,locrand,_plan,,,,trapA,8303,3,0.10345,0.89655,92.00000,0.89848,0.89848,0.00000,110.00000,45.00000,47.00000
ovary,dino518,locrand_loc,_plan,,,,trapA,8303,3,0.10345,0.89655,92.00000,0.89848,0.89848,0.00000,110.00000,92.00000,0.00000
ovary,dino518,mask_bal,lam1,True,True,lam1,trapA,8303,4,,,,,,,,,
ovary,dino518,mask_cmc,per_class,True,True,per_class,trapA,8303,4,,,,,,,,,
ovary,dino518,full_cmc,mask,True,True,mask,trapA,8303,4,,,,,,,,,
ovary,dino518,locrand,locrand,True,True,locrand,trapA,8303,4,,,,,,,,,
ovary,dino518,locrand_loc,mask,True,True,mask,trapA,8303,4,,,,,,,,,
ovary,dino518,afr,mask,True,True,mask,trapA,8303,4,,,,,,,,,
ovary,dino518,mask_cfs,mu100,True,True,mu100,trapA,8303,4,,,,,,,,,
ovary,dino518,ens,a0.25,True,True,a0.25,trapA,8303,4,,,,,,,,,
ovary,dino518,locrand,_plan,,,,trapA,8303,4,0.09836,0.90164,98.00000,0.90206,0.90206,0.00000,120.00000,52.00000,46.00000
ovary,dino518,locrand_loc,_plan,,,,trapA,8303,4,0.09836,0.90164,98.00000,0.90206,0.90206,0.00000,120.00000,98.00000,0.00000
ovary,dino518,mask_bal,lam1,True,True,lam1,trapA,8404,0,,,,,,,,,
ovary,dino518,mask_cmc,per_class,True,True,per_class,trapA,8404,0,,,,,,,,,
ovary,dino518,full_cmc,mask,True,True,mask,trapA,8404,0,,,,,,,,,
ovary,dino518,locrand,locrand,True,True,locrand,trapA,8404,0,,,,,,,,,
ovary,dino518,locrand_loc,mask,True,True,mask,trapA,8404,0,,,,,,,,,
ovary,dino518,afr,mask,True,True,mask,trapA,8404,0,,,,,,,,,
ovary,dino518,mask_cfs,mu100,True,True,mu100,trapA,8404,0,,,,,,,,,
ovary,dino518,ens,a0.25,True,True,a0.25,trapA,8404,0,,,,,,,,,
ovary,dino518,locrand,_plan,,,,trapA,8404,0,0.10256,0.89744,93.00000,0.89899,0.89899,0.00000,110.00000,47.00000,46.00000
ovary,dino518,locrand_loc,_plan,,,,trapA,8404,0,0.10256,0.89744,93.00000,0.89899,0.89899,0.00000,110.00000,93.00000,0.00000
ovary,dino518,mask_bal,lam1,True,True,lam1,trapA,8404,1,,,,,,,,,
ovary,dino518,mask_cmc,per_class,True,True,per_class,trapA,8404,1,,,,,,,,,
ovary,dino518,full_cmc,mask,True,True,mask,trapA,8404,1,,,,,,,,,
ovary,dino518,locrand,locrand,True,True,locrand,trapA,8404,1,,,,,,,,,
ovary,dino518,locrand_loc,mask,True,True,mask,trapA,8404,1,,,,,,,,,
ovary,dino518,afr,mask,True,True,mask,trapA,8404,1,,,,,,,,,
ovary,dino518,mask_cfs,mu100,True,True,mu100,trapA,8404,1,,,,,,,,,
ovary,dino518,ens,a0.25,True,True,a0.25,trapA,8404,1,,,,,,,,,
ovary,dino518,locrand,_plan,,,,trapA,8404,1,0.10345,0.86207,88.00000,0.90000,0.90000,0.00000,101.00000,39.00000,49.00000
ovary,dino518,locrand_loc,_plan,,,,trapA,8404,1,0.10345,0.86207,88.00000,0.90000,0.90000,0.00000,101.00000,88.00000,0.00000
ovary,dino518,mask_bal,lam1,True,True,lam1,trapA,8404,2,,,,,,,,,
ovary,dino518,mask_cmc,per_class,True,True,per_class,trapA,8404,2,,,,,,,,,
ovary,dino518,full_cmc,mask,True,True,mask,trapA,8404,2,,,,,,,,,
ovary,dino518,locrand,locrand,True,True,locrand,trapA,8404,2,,,,,,,,,
ovary,dino518,locrand_loc,mask,True,True,mask,trapA,8404,2,,,,,,,,,
ovary,dino518,afr,mask,True,True,mask,trapA,8404,2,,,,,,,,,
ovary,dino518,mask_cfs,mu100,True,True,mu100,trapA,8404,2,,,,,,,,,
ovary,dino518,ens,a0.25,True,True,a0.25,trapA,8404,2,,,,,,,,,
ovary,dino518,locrand,_plan,,,,trapA,8404,2,0.10169,0.90678,95.00000,0.90256,0.90256,0.00000,115.00000,47.00000,48.00000
ovary,dino518,locrand_loc,_plan,,,,trapA,8404,2,0.10169,0.90678,95.00000,0.90256,0.90256,0.00000,115.00000,95.00000,0.00000
ovary,dino518,mask_bal,lam1,True,True,lam1,trapA,8404,3,,,,,,,,,
ovary,dino518,mask_cmc,per_class,True,True,per_class,trapA,8404,3,,,,,,,,,
ovary,dino518,full_cmc,mask,True,True,mask,trapA,8404,3,,,,,,,,,
ovary,dino518,locrand,locrand,True,True,locrand,trapA,8404,3,,,,,,,,,
ovary,dino518,locrand_loc,mask,True,True,mask,trapA,8404,3,,,,,,,,,
ovary,dino518,afr,mask,True,True,mask,trapA,8404,3,,,,,,,,,
ovary,dino518,mask_cfs,mu100,True,True,mu100,trapA,8404,3,,,,,,,,,
ovary,dino518,ens,a0.25,True,True,a0.25,trapA,8404,3,,,,,,,,,
ovary,dino518,locrand,_plan,,,,trapA,8404,3,0.09848,0.88636,104.00000,0.89840,0.89840,0.00000,121.00000,56.00000,48.00000
ovary,dino518,locrand_loc,_plan,,,,trapA,8404,3,0.09848,0.88636,104.00000,0.89840,0.89840,0.00000,121.00000,104.00000,0.00000
ovary,dino518,mask_bal,lam1,True,True,lam1,trapA,8404,4,,,,,,,,,
ovary,dino518,mask_cmc,per_class,True,True,per_class,trapA,8404,4,,,,,,,,,
ovary,dino518,full_cmc,mask,True,True,mask,trapA,8404,4,,,,,,,,,
ovary,dino518,locrand,locrand,True,True,locrand,trapA,8404,4,,,,,,,,,
ovary,dino518,locrand_loc,mask,True,True,mask,trapA,8404,4,,,,,,,,,
ovary,dino518,afr,mask,True,True,mask,trapA,8404,4,,,,,,,,,
ovary,dino518,mask_cfs,mu100,True,True,mu100,trapA,8404,4,,,,,,,,,
ovary,dino518,ens,a0.25,True,True,a0.25,trapA,8404,4,,,,,,,,,
ovary,dino518,locrand,_plan,,,,trapA,8404,4,0.10169,0.89831,94.00000,0.90104,0.90104,0.00000,116.00000,50.00000,44.00000
ovary,dino518,locrand_loc,_plan,,,,trapA,8404,4,0.10169,0.89831,94.00000,0.90104,0.90104,0.00000,116.00000,94.00000,0.00000
ovary,dino518,mask_bal,lam1,True,True,lam1,trapA,8505,0,,,,,,,,,
ovary,dino518,mask_cmc,per_class,True,True,per_class,trapA,8505,0,,,,,,,,,
ovary,dino518,full_cmc,mask,True,True,mask,trapA,8505,0,,,,,,,,,
ovary,dino518,locrand,locrand,True,True,locrand,trapA,8505,0,,,,,,,,,
ovary,dino518,locrand_loc,mask,True,True,mask,trapA,8505,0,,,,,,,,,
ovary,dino518,afr,mask,True,True,mask,trapA,8505,0,,,,,,,,,
ovary,dino518,mask_cfs,mu100,True,True,mu100,trapA,8505,0,,,,,,,,,
ovary,dino518,ens,a0.25,True,True,a0.25,trapA,8505,0,,,,,,,,,
ovary,dino518,locrand,_plan,,,,trapA,8505,0,0.10345,0.85345,87.00000,0.90155,0.90155,0.00000,103.00000,51.00000,36.00000
ovary,dino518,locrand_loc,_plan,,,,trapA,8505,0,0.10345,0.85345,87.00000,0.90155,0.90155,0.00000,103.00000,87.00000,0.00000
ovary,dino518,mask_bal,lam1,True,True,lam1,trapA,8505,1,,,,,,,,,
ovary,dino518,mask_cmc,per_class,True,True,per_class,trapA,8505,1,,,,,,,,,
ovary,dino518,full_cmc,mask,True,True,mask,trapA,8505,1,,,,,,,,,
ovary,dino518,locrand,locrand,True,True,locrand,trapA,8505,1,,,,,,,,,
ovary,dino518,locrand_loc,mask,True,True,mask,trapA,8505,1,,,,,,,,,
ovary,dino518,afr,mask,True,True,mask,trapA,8505,1,,,,,,,,,
ovary,dino518,mask_cfs,mu100,True,True,mu100,trapA,8505,1,,,,,,,,,
ovary,dino518,ens,a0.25,True,True,a0.25,trapA,8505,1,,,,,,,,,
ovary,dino518,locrand,_plan,,,,trapA,8505,1,0.10169,0.88983,93.00000,0.89840,0.89840,0.00000,111.00000,54.00000,39.00000
ovary,dino518,locrand_loc,_plan,,,,trapA,8505,1,0.10169,0.88983,93.00000,0.89840,0.89840,0.00000,111.00000,93.00000,0.00000
ovary,dino518,mask_bal,lam1,True,True,lam1,trapA,8505,2,,,,,,,,,
ovary,dino518,mask_cmc,per_class,True,True,per_class,trapA,8505,2,,,,,,,,,
ovary,dino518,full_cmc,mask,True,True,mask,trapA,8505,2,,,,,,,,,
ovary,dino518,locrand,locrand,True,True,locrand,trapA,8505,2,,,,,,,,,
ovary,dino518,locrand_loc,mask,True,True,mask,trapA,8505,2,,,,,,,,,
ovary,dino518,afr,mask,True,True,mask,trapA,8505,2,,,,,,,,,
ovary,dino518,mask_cfs,mu100,True,True,mu100,trapA,8505,2,,,,,,,,,
ovary,dino518,ens,a0.25,True,True,a0.25,trapA,8505,2,,,,,,,,,
ovary,dino518,locrand,_plan,,,,trapA,8505,2,0.10169,0.89831,94.00000,0.90099,0.90099,0.00000,112.00000,52.00000,42.00000
ovary,dino518,locrand_loc,_plan,,,,trapA,8505,2,0.10169,0.89831,94.00000,0.90099,0.90099,0.00000,112.00000,94.00000,0.00000
ovary,dino518,mask_bal,lam1,True,True,lam1,trapA,8505,3,,,,,,,,,
ovary,dino518,mask_cmc,per_class,True,True,per_class,trapA,8505,3,,,,,,,,,
ovary,dino518,full_cmc,mask,True,True,mask,trapA,8505,3,,,,,,,,,
ovary,dino518,locrand,locrand,True,True,locrand,trapA,8505,3,,,,,,,,,
ovary,dino518,locrand_loc,mask,True,True,mask,trapA,8505,3,,,,,,,,,
ovary,dino518,afr,mask,True,True,mask,trapA,8505,3,,,,,,,,,
ovary,dino518,mask_cfs,mu100,True,True,mu100,trapA,8505,3,,,,,,,,,
ovary,dino518,ens,a0.25,True,True,a0.25,trapA,8505,3,,,,,,,,,
ovary,dino518,locrand,_plan,,,,trapA,8505,3,0.10169,0.87288,91.00000,0.89848,0.89848,0.00000,110.00000,44.00000,47.00000
ovary,dino518,locrand_loc,_plan,,,,trapA,8505,3,0.10169,0.87288,91.00000,0.89848,0.89848,0.00000,110.00000,91.00000,0.00000
ovary,dino518,mask_bal,lam1,True,True,lam1,trapA,8505,4,,,,,,,,,
ovary,dino518,mask_cmc,per_class,True,True,per_class,trapA,8505,4,,,,,,,,,
ovary,dino518,full_cmc,mask,True,True,mask,trapA,8505,4,,,,,,,,,
ovary,dino518,locrand,locrand,True,True,locrand,trapA,8505,4,,,,,,,,,
ovary,dino518,locrand_loc,mask,True,True,mask,trapA,8505,4,,,,,,,,,
ovary,dino518,afr,mask,True,True,mask,trapA,8505,4,,,,,,,,,
ovary,dino518,mask_cfs,mu100,True,True,mu100,trapA,8505,4,,,,,,,,,
ovary,dino518,ens,a0.25,True,True,a0.25,trapA,8505,4,,,,,,,,,
ovary,dino518,locrand,_plan,,,,trapA,8505,4,0.09917,0.90083,97.00000,0.90155,0.90155,0.00000,118.00000,53.00000,44.00000
ovary,dino518,locrand_loc,_plan,,,,trapA,8505,4,0.09917,0.90083,97.00000,0.90155,0.90155,0.00000,118.00000,97.00000,0.00000
ovary,dino518,mask_bal,lam1,True,True,lam1,trapB,8101,0,,,,,,,,,
ovary,dino518,mask_cmc,per_class,True,True,per_class,trapB,8101,0,,,,,,,,,
ovary,dino518,full_cmc,mask,True,True,mask,trapB,8101,0,,,,,,,,,
ovary,dino518,locrand,locrand,True,True,locrand,trapB,8101,0,,,,,,,,,
ovary,dino518,locrand_loc,mask,True,True,mask,trapB,8101,0,,,,,,,,,
ovary,dino518,afr,mask,True,True,mask,trapB,8101,0,,,,,,,,,
ovary,dino518,mask_cfs,mu100,True,True,mu100,trapB,8101,0,,,,,,,,,
ovary,dino518,ens,a0.25,True,True,a0.25,trapB,8101,0,,,,,,,,,
ovary,dino518,locrand,_plan,,,,trapB,8101,0,0.09756,0.62602,65.00000,0.89706,0.89706,0.00000,68.00000,33.00000,32.00000
ovary,dino518,locrand_loc,_plan,,,,trapB,8101,0,0.09756,0.62602,65.00000,0.89706,0.89706,0.00000,68.00000,0.00000,65.00000
ovary,dino518,mask_bal,lam1,True,True,lam1,trapB,8101,1,,,,,,,,,
ovary,dino518,mask_cmc,per_class,True,True,per_class,trapB,8101,1,,,,,,,,,
ovary,dino518,full_cmc,mask,True,True,mask,trapB,8101,1,,,,,,,,,
ovary,dino518,locrand,locrand,True,True,locrand,trapB,8101,1,,,,,,,,,
ovary,dino518,locrand_loc,mask,True,True,mask,trapB,8101,1,,,,,,,,,
ovary,dino518,afr,mask,True,True,mask,trapB,8101,1,,,,,,,,,
ovary,dino518,mask_cfs,mu100,True,True,mu100,trapB,8101,1,,,,,,,,,
ovary,dino518,ens,a0.25,True,True,a0.25,trapB,8101,1,,,,,,,,,
ovary,dino518,locrand,_plan,,,,trapB,8101,1,0.09836,0.68033,71.00000,0.89706,0.89706,0.00000,73.00000,32.00000,39.00000
ovary,dino518,locrand_loc,_plan,,,,trapB,8101,1,0.09836,0.68033,71.00000,0.89706,0.89706,0.00000,73.00000,0.00000,71.00000
ovary,dino518,mask_bal,lam1,True,True,lam1,trapB,8101,2,,,,,,,,,
ovary,dino518,mask_cmc,per_class,True,True,per_class,trapB,8101,2,,,,,,,,,
ovary,dino518,full_cmc,mask,True,True,mask,trapB,8101,2,,,,,,,,,
ovary,dino518,locrand,locrand,True,True,locrand,trapB,8101,2,,,,,,,,,
ovary,dino518,locrand_loc,mask,True,True,mask,trapB,8101,2,,,,,,,,,
ovary,dino518,afr,mask,True,True,mask,trapB,8101,2,,,,,,,,,
ovary,dino518,mask_cfs,mu100,True,True,mu100,trapB,8101,2,,,,,,,,,
ovary,dino518,ens,a0.25,True,True,a0.25,trapB,8101,2,,,,,,,,,
ovary,dino518,locrand,_plan,,,,trapB,8101,2,0.10156,0.60938,65.00000,0.90278,0.90278,0.00000,71.00000,32.00000,33.00000
ovary,dino518,locrand_loc,_plan,,,,trapB,8101,2,0.10156,0.60938,65.00000,0.90278,0.90278,0.00000,71.00000,0.00000,65.00000
ovary,dino518,mask_bal,lam1,True,True,lam1,trapB,8101,3,,,,,,,,,
ovary,dino518,mask_cmc,per_class,True,True,per_class,trapB,8101,3,,,,,,,,,
ovary,dino518,full_cmc,mask,True,True,mask,trapB,8101,3,,,,,,,,,
ovary,dino518,locrand,locrand,True,True,locrand,trapB,8101,3,,,,,,,,,
ovary,dino518,locrand_loc,mask,True,True,mask,trapB,8101,3,,,,,,,,,
ovary,dino518,afr,mask,True,True,mask,trapB,8101,3,,,,,,,,,
ovary,dino518,mask_cfs,mu100,True,True,mu100,trapB,8101,3,,,,,,,,,
ovary,dino518,ens,a0.25,True,True,a0.25,trapB,8101,3,,,,,,,,,
ovary,dino518,locrand,_plan,,,,trapB,8101,3,0.09756,0.60163,62.00000,0.89706,0.89706,0.00000,67.00000,30.00000,32.00000
ovary,dino518,locrand_loc,_plan,,,,trapB,8101,3,0.09756,0.60163,62.00000,0.89706,0.89706,0.00000,67.00000,0.00000,62.00000
ovary,dino518,mask_bal,lam1,True,True,lam1,trapB,8101,4,,,,,,,,,
ovary,dino518,mask_cmc,per_class,True,True,per_class,trapB,8101,4,,,,,,,,,
ovary,dino518,full_cmc,mask,True,True,mask,trapB,8101,4,,,,,,,,,
ovary,dino518,locrand,locrand,True,True,locrand,trapB,8101,4,,,,,,,,,
ovary,dino518,locrand_loc,mask,True,True,mask,trapB,8101,4,,,,,,,,,
ovary,dino518,afr,mask,True,True,mask,trapB,8101,4,,,,,,,,,
ovary,dino518,mask_cfs,mu100,True,True,mu100,trapB,8101,4,,,,,,,,,
ovary,dino518,ens,a0.25,True,True,a0.25,trapB,8101,4,,,,,,,,,
ovary,dino518,locrand,_plan,,,,trapB,8101,4,0.10169,0.55932,54.00000,0.89552,0.89552,0.00000,58.00000,33.00000,21.00000
ovary,dino518,locrand_loc,_plan,,,,trapB,8101,4,0.10169,0.55932,54.00000,0.89552,0.89552,0.00000,58.00000,0.00000,54.00000
ovary,dino518,mask_bal,lam1,True,True,lam1,trapB,8202,0,,,,,,,,,
ovary,dino518,mask_cmc,per_class,True,True,per_class,trapB,8202,0,,,,,,,,,
ovary,dino518,full_cmc,mask,True,True,mask,trapB,8202,0,,,,,,,,,
ovary,dino518,locrand,locrand,True,True,locrand,trapB,8202,0,,,,,,,,,
ovary,dino518,locrand_loc,mask,True,True,mask,trapB,8202,0,,,,,,,,,
ovary,dino518,afr,mask,True,True,mask,trapB,8202,0,,,,,,,,,
ovary,dino518,mask_cfs,mu100,True,True,mu100,trapB,8202,0,,,,,,,,,
ovary,dino518,ens,a0.25,True,True,a0.25,trapB,8202,0,,,,,,,,,
ovary,dino518,locrand,_plan,,,,trapB,8202,0,0.09600,0.57600,60.00000,0.89231,0.89231,0.00000,63.00000,30.00000,30.00000
ovary,dino518,locrand_loc,_plan,,,,trapB,8202,0,0.09600,0.57600,60.00000,0.89231,0.89231,0.00000,63.00000,0.00000,60.00000
ovary,dino518,mask_bal,lam1,True,True,lam1,trapB,8202,1,,,,,,,,,
ovary,dino518,mask_cmc,per_class,True,True,per_class,trapB,8202,1,,,,,,,,,
ovary,dino518,full_cmc,mask,True,True,mask,trapB,8202,1,,,,,,,,,
ovary,dino518,locrand,locrand,True,True,locrand,trapB,8202,1,,,,,,,,,
ovary,dino518,locrand_loc,mask,True,True,mask,trapB,8202,1,,,,,,,,,
ovary,dino518,afr,mask,True,True,mask,trapB,8202,1,,,,,,,,,
ovary,dino518,mask_cfs,mu100,True,True,mu100,trapB,8202,1,,,,,,,,,
ovary,dino518,ens,a0.25,True,True,a0.25,trapB,8202,1,,,,,,,,,
ovary,dino518,locrand,_plan,,,,trapB,8202,1,0.10169,0.64407,64.00000,0.90667,0.90667,0.00000,67.00000,41.00000,23.00000
ovary,dino518,locrand_loc,_plan,,,,trapB,8202,1,0.10169,0.64407,64.00000,0.90667,0.90667,0.00000,67.00000,0.00000,64.00000
ovary,dino518,mask_bal,lam1,True,True,lam1,trapB,8202,2,,,,,,,,,
ovary,dino518,mask_cmc,per_class,True,True,per_class,trapB,8202,2,,,,,,,,,
ovary,dino518,full_cmc,mask,True,True,mask,trapB,8202,2,,,,,,,,,
ovary,dino518,locrand,locrand,True,True,locrand,trapB,8202,2,,,,,,,,,
ovary,dino518,locrand_loc,mask,True,True,mask,trapB,8202,2,,,,,,,,,
ovary,dino518,afr,mask,True,True,mask,trapB,8202,2,,,,,,,,,
ovary,dino518,mask_cfs,mu100,True,True,mu100,trapB,8202,2,,,,,,,,,
ovary,dino518,ens,a0.25,True,True,a0.25,trapB,8202,2,,,,,,,,,
ovary,dino518,locrand,_plan,,,,trapB,8202,2,0.09836,0.66393,69.00000,0.90541,0.90541,0.00000,74.00000,31.00000,38.00000
ovary,dino518,locrand_loc,_plan,,,,trapB,8202,2,0.09836,0.66393,69.00000,0.90541,0.90541,0.00000,74.00000,0.00000,69.00000
ovary,dino518,mask_bal,lam1,True,True,lam1,trapB,8202,3,,,,,,,,,
ovary,dino518,mask_cmc,per_class,True,True,per_class,trapB,8202,3,,,,,,,,,
ovary,dino518,full_cmc,mask,True,True,mask,trapB,8202,3,,,,,,,,,
ovary,dino518,locrand,locrand,True,True,locrand,trapB,8202,3,,,,,,,,,
ovary,dino518,locrand_loc,mask,True,True,mask,trapB,8202,3,,,,,,,,,
ovary,dino518,afr,mask,True,True,mask,trapB,8202,3,,,,,,,,,
ovary,dino518,mask_cfs,mu100,True,True,mu100,trapB,8202,3,,,,,,,,,
ovary,dino518,ens,a0.25,True,True,a0.25,trapB,8202,3,,,,,,,,,
ovary,dino518,locrand,_plan,,,,trapB,8202,3,0.09756,0.61789,64.00000,0.90411,0.90411,0.00000,68.00000,28.00000,36.00000
ovary,dino518,locrand_loc,_plan,,,,trapB,8202,3,0.09756,0.61789,64.00000,0.90411,0.90411,0.00000,68.00000,0.00000,64.00000
ovary,dino518,mask_bal,lam1,True,True,lam1,trapB,8202,4,,,,,,,,,
ovary,dino518,mask_cmc,per_class,True,True,per_class,trapB,8202,4,,,,,,,,,
ovary,dino518,full_cmc,mask,True,True,mask,trapB,8202,4,,,,,,,,,
ovary,dino518,locrand,locrand,True,True,locrand,trapB,8202,4,,,,,,,,,
ovary,dino518,locrand_loc,mask,True,True,mask,trapB,8202,4,,,,,,,,,
ovary,dino518,afr,mask,True,True,mask,trapB,8202,4,,,,,,,,,
ovary,dino518,mask_cfs,mu100,True,True,mu100,trapB,8202,4,,,,,,,,,
ovary,dino518,ens,a0.25,True,True,a0.25,trapB,8202,4,,,,,,,,,
ovary,dino518,locrand,_plan,,,,trapB,8202,4,0.10169,0.65254,65.00000,0.90411,0.90411,0.00000,69.00000,38.00000,27.00000
ovary,dino518,locrand_loc,_plan,,,,trapB,8202,4,0.10169,0.65254,65.00000,0.90411,0.90411,0.00000,69.00000,0.00000,65.00000
ovary,dino518,mask_bal,lam1,True,True,lam1,trapB,8303,0,,,,,,,,,
ovary,dino518,mask_cmc,per_class,True,True,per_class,trapB,8303,0,,,,,,,,,
ovary,dino518,full_cmc,mask,True,True,mask,trapB,8303,0,,,,,,,,,
ovary,dino518,locrand,locrand,True,True,locrand,trapB,8303,0,,,,,,,,,
ovary,dino518,locrand_loc,mask,True,True,mask,trapB,8303,0,,,,,,,,,
ovary,dino518,afr,mask,True,True,mask,trapB,8303,0,,,,,,,,,
ovary,dino518,mask_cfs,mu100,True,True,mu100,trapB,8303,0,,,,,,,,,
ovary,dino518,ens,a0.25,True,True,a0.25,trapB,8303,0,,,,,,,,,
ovary,dino518,locrand,_plan,,,,trapB,8303,0,0.09600,0.64000,68.00000,0.89474,0.89474,0.00000,74.00000,32.00000,36.00000
ovary,dino518,locrand_loc,_plan,,,,trapB,8303,0,0.09600,0.64000,68.00000,0.89474,0.89474,0.00000,74.00000,0.00000,68.00000
ovary,dino518,mask_bal,lam1,True,True,lam1,trapB,8303,1,,,,,,,,,
ovary,dino518,mask_cmc,per_class,True,True,per_class,trapB,8303,1,,,,,,,,,
ovary,dino518,full_cmc,mask,True,True,mask,trapB,8303,1,,,,,,,,,
ovary,dino518,locrand,locrand,True,True,locrand,trapB,8303,1,,,,,,,,,
ovary,dino518,locrand_loc,mask,True,True,mask,trapB,8303,1,,,,,,,,,
ovary,dino518,afr,mask,True,True,mask,trapB,8303,1,,,,,,,,,
ovary,dino518,mask_cfs,mu100,True,True,mu100,trapB,8303,1,,,,,,,,,
ovary,dino518,ens,a0.25,True,True,a0.25,trapB,8303,1,,,,,,,,,
ovary,dino518,locrand,_plan,,,,trapB,8303,1,0.10256,0.66667,66.00000,0.89744,0.89744,0.00000,71.00000,35.00000,31.00000
ovary,dino518,locrand_loc,_plan,,,,trapB,8303,1,0.10256,0.66667,66.00000,0.89744,0.89744,0.00000,71.00000,0.00000,66.00000
ovary,dino518,mask_bal,lam1,True,True,lam1,trapB,8303,2,,,,,,,,,
ovary,dino518,mask_cmc,per_class,True,True,per_class,trapB,8303,2,,,,,,,,,
ovary,dino518,full_cmc,mask,True,True,mask,trapB,8303,2,,,,,,,,,
ovary,dino518,locrand,locrand,True,True,locrand,trapB,8303,2,,,,,,,,,
ovary,dino518,locrand_loc,mask,True,True,mask,trapB,8303,2,,,,,,,,,
ovary,dino518,afr,mask,True,True,mask,trapB,8303,2,,,,,,,,,
ovary,dino518,mask_cfs,mu100,True,True,mu100,trapB,8303,2,,,,,,,,,
ovary,dino518,ens,a0.25,True,True,a0.25,trapB,8303,2,,,,,,,,,
ovary,dino518,locrand,_plan,,,,trapB,8303,2,0.09917,0.66942,69.00000,0.90141,0.90141,0.00000,73.00000,35.00000,34.00000
ovary,dino518,locrand_loc,_plan,,,,trapB,8303,2,0.09917,0.66942,69.00000,0.90141,0.90141,0.00000,73.00000,0.00000,69.00000
ovary,dino518,mask_bal,lam1,True,True,lam1,trapB,8303,3,,,,,,,,,
ovary,dino518,mask_cmc,per_class,True,True,per_class,trapB,8303,3,,,,,,,,,
ovary,dino518,full_cmc,mask,True,True,mask,trapB,8303,3,,,,,,,,,
ovary,dino518,locrand,locrand,True,True,locrand,trapB,8303,3,,,,,,,,,
ovary,dino518,locrand_loc,mask,True,True,mask,trapB,8303,3,,,,,,,,,
ovary,dino518,afr,mask,True,True,mask,trapB,8303,3,,,,,,,,,
ovary,dino518,mask_cfs,mu100,True,True,mu100,trapB,8303,3,,,,,,,,,
ovary,dino518,ens,a0.25,True,True,a0.25,trapB,8303,3,,,,,,,,,
ovary,dino518,locrand,_plan,,,,trapB,8303,3,0.10317,0.60317,63.00000,0.90141,0.90141,0.00000,68.00000,39.00000,24.00000
ovary,dino518,locrand_loc,_plan,,,,trapB,8303,3,0.10317,0.60317,63.00000,0.90141,0.90141,0.00000,68.00000,0.00000,63.00000
ovary,dino518,mask_bal,lam1,True,True,lam1,trapB,8303,4,,,,,,,,,
ovary,dino518,mask_cmc,per_class,True,True,per_class,trapB,8303,4,,,,,,,,,
ovary,dino518,full_cmc,mask,True,True,mask,trapB,8303,4,,,,,,,,,
ovary,dino518,locrand,locrand,True,True,locrand,trapB,8303,4,,,,,,,,,
ovary,dino518,locrand_loc,mask,True,True,mask,trapB,8303,4,,,,,,,,,
ovary,dino518,afr,mask,True,True,mask,trapB,8303,4,,,,,,,,,
ovary,dino518,mask_cfs,mu100,True,True,mu100,trapB,8303,4,,,,,,,,,
ovary,dino518,ens,a0.25,True,True,a0.25,trapB,8303,4,,,,,,,,,
ovary,dino518,locrand,_plan,,,,trapB,8303,4,0.10169,0.58475,57.00000,0.90667,0.90667,0.00000,62.00000,33.00000,24.00000
ovary,dino518,locrand_loc,_plan,,,,trapB,8303,4,0.10169,0.58475,57.00000,0.90667,0.90667,0.00000,62.00000,0.00000,57.00000
ovary,dino518,mask_bal,lam1,True,True,lam1,trapB,8404,0,,,,,,,,,
ovary,dino518,mask_cmc,per_class,True,True,per_class,trapB,8404,0,,,,,,,,,
ovary,dino518,full_cmc,mask,True,True,mask,trapB,8404,0,,,,,,,,,
ovary,dino518,locrand,locrand,True,True,locrand,trapB,8404,0,,,,,,,,,
ovary,dino518,locrand_loc,mask,True,True,mask,trapB,8404,0,,,,,,,,,
ovary,dino518,afr,mask,True,True,mask,trapB,8404,0,,,,,,,,,
ovary,dino518,mask_cfs,mu100,True,True,mu100,trapB,8404,0,,,,,,,,,
ovary,dino518,ens,a0.25,True,True,a0.25,trapB,8404,0,,,,,,,,,
ovary,dino518,locrand,_plan,,,,trapB,8404,0,0.09836,0.60656,62.00000,0.90278,0.90278,0.00000,67.00000,32.00000,30.00000
ovary,dino518,locrand_loc,_plan,,,,trapB,8404,0,0.09836,0.60656,62.00000,0.90278,0.90278,0.00000,67.00000,0.00000,62.00000
ovary,dino518,mask_bal,lam1,True,True,lam1,trapB,8404,1,,,,,,,,,
ovary,dino518,mask_cmc,per_class,True,True,per_class,trapB,8404,1,,,,,,,,,
ovary,dino518,full_cmc,mask,True,True,mask,trapB,8404,1,,,,,,,,,
ovary,dino518,locrand,locrand,True,True,locrand,trapB,8404,1,,,,,,,,,
ovary,dino518,locrand_loc,mask,True,True,mask,trapB,8404,1,,,,,,,,,
ovary,dino518,afr,mask,True,True,mask,trapB,8404,1,,,,,,,,,
ovary,dino518,mask_cfs,mu100,True,True,mu100,trapB,8404,1,,,,,,,,,
ovary,dino518,ens,a0.25,True,True,a0.25,trapB,8404,1,,,,,,,,,
ovary,dino518,locrand,_plan,,,,trapB,8404,1,0.10000,0.67500,69.00000,0.90000,0.90000,0.00000,74.00000,42.00000,27.00000
ovary,dino518,locrand_loc,_plan,,,,trapB,8404,1,0.10000,0.67500,69.00000,0.90000,0.90000,0.00000,74.00000,0.00000,69.00000
ovary,dino518,mask_bal,lam1,True,True,lam1,trapB,8404,2,,,,,,,,,
ovary,dino518,mask_cmc,per_class,True,True,per_class,trapB,8404,2,,,,,,,,,
ovary,dino518,full_cmc,mask,True,True,mask,trapB,8404,2,,,,,,,,,
ovary,dino518,locrand,locrand,True,True,locrand,trapB,8404,2,,,,,,,,,
ovary,dino518,locrand_loc,mask,True,True,mask,trapB,8404,2,,,,,,,,,
ovary,dino518,afr,mask,True,True,mask,trapB,8404,2,,,,,,,,,
ovary,dino518,mask_cfs,mu100,True,True,mu100,trapB,8404,2,,,,,,,,,
ovary,dino518,ens,a0.25,True,True,a0.25,trapB,8404,2,,,,,,,,,
ovary,dino518,locrand,_plan,,,,trapB,8404,2,0.09756,0.65041,68.00000,0.89610,0.89610,0.00000,73.00000,37.00000,31.00000
ovary,dino518,locrand_loc,_plan,,,,trapB,8404,2,0.09756,0.65041,68.00000,0.89610,0.89610,0.00000,73.00000,0.00000,68.00000
ovary,dino518,mask_bal,lam1,True,True,lam1,trapB,8404,3,,,,,,,,,
ovary,dino518,mask_cmc,per_class,True,True,per_class,trapB,8404,3,,,,,,,,,
ovary,dino518,full_cmc,mask,True,True,mask,trapB,8404,3,,,,,,,,,
ovary,dino518,locrand,locrand,True,True,locrand,trapB,8404,3,,,,,,,,,
ovary,dino518,locrand_loc,mask,True,True,mask,trapB,8404,3,,,,,,,,,
ovary,dino518,afr,mask,True,True,mask,trapB,8404,3,,,,,,,,,
ovary,dino518,mask_cfs,mu100,True,True,mu100,trapB,8404,3,,,,,,,,,
ovary,dino518,ens,a0.25,True,True,a0.25,trapB,8404,3,,,,,,,,,
ovary,dino518,locrand,_plan,,,,trapB,8404,3,0.09836,0.59836,61.00000,0.90411,0.90411,0.00000,66.00000,31.00000,30.00000
ovary,dino518,locrand_loc,_plan,,,,trapB,8404,3,0.09836,0.59836,61.00000,0.90411,0.90411,0.00000,66.00000,0.00000,61.00000
ovary,dino518,mask_bal,lam1,True,True,lam1,trapB,8404,4,,,,,,,,,
ovary,dino518,mask_cmc,per_class,True,True,per_class,trapB,8404,4,,,,,,,,,
ovary,dino518,full_cmc,mask,True,True,mask,trapB,8404,4,,,,,,,,,
ovary,dino518,locrand,locrand,True,True,locrand,trapB,8404,4,,,,,,,,,
ovary,dino518,locrand_loc,mask,True,True,mask,trapB,8404,4,,,,,,,,,
ovary,dino518,afr,mask,True,True,mask,trapB,8404,4,,,,,,,,,
ovary,dino518,mask_cfs,mu100,True,True,mu100,trapB,8404,4,,,,,,,,,
ovary,dino518,ens,a0.25,True,True,a0.25,trapB,8404,4,,,,,,,,,
ovary,dino518,locrand,_plan,,,,trapB,8404,4,0.09836,0.64754,67.00000,0.89706,0.89706,0.00000,72.00000,39.00000,28.00000
ovary,dino518,locrand_loc,_plan,,,,trapB,8404,4,0.09836,0.64754,67.00000,0.89706,0.89706,0.00000,72.00000,0.00000,67.00000
ovary,dino518,mask_bal,lam1,True,True,lam1,trapB,8505,0,,,,,,,,,
ovary,dino518,mask_cmc,per_class,True,True,per_class,trapB,8505,0,,,,,,,,,
ovary,dino518,full_cmc,mask,True,True,mask,trapB,8505,0,,,,,,,,,
ovary,dino518,locrand,locrand,True,True,locrand,trapB,8505,0,,,,,,,,,
ovary,dino518,locrand_loc,mask,True,True,mask,trapB,8505,0,,,,,,,,,
ovary,dino518,afr,mask,True,True,mask,trapB,8505,0,,,,,,,,,
ovary,dino518,mask_cfs,mu100,True,True,mu100,trapB,8505,0,,,,,,,,,
ovary,dino518,ens,a0.25,True,True,a0.25,trapB,8505,0,,,,,,,,,
ovary,dino518,locrand,_plan,,,,trapB,8505,0,0.09756,0.60976,63.00000,0.90541,0.90541,0.00000,67.00000,34.00000,29.00000
ovary,dino518,locrand_loc,_plan,,,,trapB,8505,0,0.09756,0.60976,63.00000,0.90541,0.90541,0.00000,67.00000,0.00000,63.00000
ovary,dino518,mask_bal,lam1,True,True,lam1,trapB,8505,1,,,,,,,,,
ovary,dino518,mask_cmc,per_class,True,True,per_class,trapB,8505,1,,,,,,,,,
ovary,dino518,full_cmc,mask,True,True,mask,trapB,8505,1,,,,,,,,,
ovary,dino518,locrand,locrand,True,True,locrand,trapB,8505,1,,,,,,,,,
ovary,dino518,locrand_loc,mask,True,True,mask,trapB,8505,1,,,,,,,,,
ovary,dino518,afr,mask,True,True,mask,trapB,8505,1,,,,,,,,,
ovary,dino518,mask_cfs,mu100,True,True,mu100,trapB,8505,1,,,,,,,,,
ovary,dino518,ens,a0.25,True,True,a0.25,trapB,8505,1,,,,,,,,,
ovary,dino518,locrand,_plan,,,,trapB,8505,1,0.10435,0.58261,55.00000,0.90667,0.90667,0.00000,57.00000,22.00000,33.00000
ovary,dino518,locrand_loc,_plan,,,,trapB,8505,1,0.10435,0.58261,55.00000,0.90667,0.90667,0.00000,57.00000,0.00000,55.00000
ovary,dino518,mask_bal,lam1,True,True,lam1,trapB,8505,2,,,,,,,,,
ovary,dino518,mask_cmc,per_class,True,True,per_class,trapB,8505,2,,,,,,,,,
ovary,dino518,full_cmc,mask,True,True,mask,trapB,8505,2,,,,,,,,,
ovary,dino518,locrand,locrand,True,True,locrand,trapB,8505,2,,,,,,,,,
ovary,dino518,locrand_loc,mask,True,True,mask,trapB,8505,2,,,,,,,,,
ovary,dino518,afr,mask,True,True,mask,trapB,8505,2,,,,,,,,,
ovary,dino518,mask_cfs,mu100,True,True,mu100,trapB,8505,2,,,,,,,,,
ovary,dino518,ens,a0.25,True,True,a0.25,trapB,8505,2,,,,,,,,,
ovary,dino518,locrand,_plan,,,,trapB,8505,2,0.10000,0.59167,59.00000,0.90541,0.90541,0.00000,62.00000,31.00000,28.00000
ovary,dino518,locrand_loc,_plan,,,,trapB,8505,2,0.10000,0.59167,59.00000,0.90541,0.90541,0.00000,62.00000,0.00000,59.00000
ovary,dino518,mask_bal,lam1,True,True,lam1,trapB,8505,3,,,,,,,,,
ovary,dino518,mask_cmc,per_class,True,True,per_class,trapB,8505,3,,,,,,,,,
ovary,dino518,full_cmc,mask,True,True,mask,trapB,8505,3,,,,,,,,,
ovary,dino518,locrand,locrand,True,True,locrand,trapB,8505,3,,,,,,,,,
ovary,dino518,locrand_loc,mask,True,True,mask,trapB,8505,3,,,,,,,,,
ovary,dino518,afr,mask,True,True,mask,trapB,8505,3,,,,,,,,,
ovary,dino518,mask_cfs,mu100,True,True,mu100,trapB,8505,3,,,,,,,,,
ovary,dino518,ens,a0.25,True,True,a0.25,trapB,8505,3,,,,,,,,,
ovary,dino518,locrand,_plan,,,,trapB,8505,3,0.09836,0.59016,60.00000,0.90411,0.90411,0.00000,64.00000,28.00000,32.00000
ovary,dino518,locrand_loc,_plan,,,,trapB,8505,3,0.09836,0.59016,60.00000,0.90411,0.90411,0.00000,64.00000,0.00000,60.00000
ovary,dino518,mask_bal,lam1,True,True,lam1,trapB,8505,4,,,,,,,,,
ovary,dino518,mask_cmc,per_class,True,True,per_class,trapB,8505,4,,,,,,,,,
ovary,dino518,full_cmc,mask,True,True,mask,trapB,8505,4,,,,,,,,,
ovary,dino518,locrand,locrand,True,True,locrand,trapB,8505,4,,,,,,,,,
ovary,dino518,locrand_loc,mask,True,True,mask,trapB,8505,4,,,,,,,,,
ovary,dino518,afr,mask,True,True,mask,trapB,8505,4,,,,,,,,,
ovary,dino518,mask_cfs,mu100,True,True,mu100,trapB,8505,4,,,,,,,,,
ovary,dino518,ens,a0.25,True,True,a0.25,trapB,8505,4,,,,,,,,,
ovary,dino518,locrand,_plan,,,,trapB,8505,4,0.10317,0.62698,66.00000,0.90141,0.90141,0.00000,70.00000,36.00000,30.00000
ovary,dino518,locrand_loc,_plan,,,,trapB,8505,4,0.10317,0.62698,66.00000,0.90141,0.90141,0.00000,70.00000,0.00000,66.00000
