trap,arm,env,method_a,method_b,estimand,delta_mean_bootstrap,ci95_lo,ci95_hi,n_boot_valid,bootstrap_seed_clusters_per_rep,seed_delta_mean,seed_delta_sd,seed_deltas_json,ci_excludes_zero,p_boot_two_sided,estimator
trapA,prevcal,test_rev,prevcal,erm,mean_seed_specific_paired_auc_delta,0.3615658391671462,0.33017810514942636,0.393614008154156,10000,5,0.3617309402178133,0.006511138929610567,"[0.37059526768699025, 0.35791224269971467, 0.3639760837070254, 0.3628185552122912, 0.35335255178304503]",True,0.0001,crossed cluster x image (Poisson) bootstrap
trapA,prevcal,clean,prevcal,erm,mean_seed_specific_paired_auc_delta,0.024378561769915503,-0.004088624725324187,0.05345452722700686,10000,5,0.024386688473298744,0.006410652015322653,"[0.017746035696508566, 0.03142554931380226, 0.018599338690179934, 0.0304522505866458, 0.023710268079357166]",False,0.0964,crossed cluster x image (Poisson) bootstrap
trapA,mask,test_rev,mask,erm,mean_seed_specific_paired_auc_delta,0.11717978384307907,0.08800254767860886,0.14659107421346887,10000,5,0.1169682318341541,0.014661565559379435,"[0.11346661458518281, 0.11796456091758101, 0.11028661589199706, 0.1410520459737462, 0.10207132180226342]",True,0.0001,crossed cluster x image (Poisson) bootstrap
trapA,mask,clean,mask,erm,mean_seed_specific_paired_auc_delta,0.05766544172352526,0.040412029170792764,0.07524756846890282,10000,5,0.05770550380430919,0.005580543068661437,"[0.06308664580814904, 0.052589241271421505, 0.06034896537012013, 0.06164669700632874, 0.050855969565526515]",True,0.0001,crossed cluster x image (Poisson) bootstrap
trapA,inpaint,test_rev,inpaint,erm,mean_seed_specific_paired_auc_delta,-0.23591593245545545,-0.2695674261292849,-0.203616029222937,10000,5,-0.2361513466051944,0.021164412604346074,"[-0.2705573902441912, -0.22080773646769175, -0.23947730562080338, -0.23240178497449193, -0.21751251571879382]",True,0.0001,crossed cluster x image (Poisson) bootstrap
trapA,inpaint,clean,inpaint,erm,mean_seed_specific_paired_auc_delta,-0.09939872617565514,-0.11973646460873671,-0.07991186550319186,10000,5,-0.09928802531465544,0.012495381630250726,"[-0.10904945601934146, -0.08616582521510341, -0.09809873426722604, -0.11470258835241409, -0.08842352271919218]",True,0.0001,crossed cluster x image (Poisson) bootstrap
trapA,balanced,test_rev,balanced,erm,mean_seed_specific_paired_auc_delta,0.2253765820631167,0.20348314675525556,0.24812227988170496,10000,5,0.22533165719279422,0.011674280257095526,"[0.22287915912076983, 0.22228140572659583, 0.20902436709611605, 0.2398470698246985, 0.2326262841957909]",True,0.0001,crossed cluster x image (Poisson) bootstrap
trapA,balanced,clean,balanced,erm,mean_seed_specific_paired_auc_delta,0.06328925922190312,0.04632618847167924,0.08025689617868077,10000,5,0.06334352556353555,0.012604616230588322,"[0.06226445281945536, 0.06634875204437185, 0.04373622271208133, 0.07868609116120318, 0.06568210908056604]",True,0.0001,crossed cluster x image (Poisson) bootstrap
trapA,dfr,test_rev,dfr,erm,mean_seed_specific_paired_auc_delta,0.2543472846386722,0.22243517360728582,0.2863711920110228,10000,5,0.2543221792863149,0.026111849127213902,"[0.23150219570801223, 0.22331119870269756, 0.27003108169027457, 0.2850336754139886, 0.26173274491660137]",True,0.0001,crossed cluster x image (Poisson) bootstrap
trapA,dfr,clean,dfr,erm,mean_seed_specific_paired_auc_delta,0.052836818708449154,0.03188603933310489,0.07431019352133952,10000,5,0.052766123871151274,0.010652685435072744,"[0.05871346796558352, 0.03732311740027028, 0.0654110076086184, 0.053949192917585154, 0.048433833463699005]",True,0.0001,crossed cluster x image (Poisson) bootstrap
trapA,leace_paired,test_rev,leace_paired,erm,mean_seed_specific_paired_auc_delta,0.006101517796918121,0.0029098228040113517,0.00931418229610841,10000,5,0.00609260472123001,0.001332579201527142,"[0.006474675378478456, 0.006427328574979518, 0.0066493463354450055, 0.0037640708781648824, 0.00714760243908219]",True,0.0002,crossed cluster x image (Poisson) bootstrap
trapA,leace_paired,clean,leace_paired,erm,mean_seed_specific_paired_auc_delta,0.0014158832424047499,-0.0006873415989357699,0.0034012216246525027,10000,5,0.0014159496551234163,0.0013417093885783671,"[0.002453246106805196, 0.0017421602787457413, 0.001826601720827714, -0.0009333001493280202, 0.0019910403185664505]",False,0.1728,crossed cluster x image (Poisson) bootstrap
trapA,leace_unpaired,test_rev,leace_unpaired,erm,mean_seed_specific_paired_auc_delta,0.32617162837096875,0.29119449991374863,0.3627706701089021,10000,5,0.3262994534575879,0.01731135574897544,"[0.347377578921203, 0.3069315720322432, 0.32636961112297436, 0.3116662523821361, 0.33915225282938277]",True,0.0001,crossed cluster x image (Poisson) bootstrap
trapA,leace_unpaired,clean,leace_unpaired,erm,mean_seed_specific_paired_auc_delta,-0.0002056687333831595,-0.03279133286173955,0.03238014180556886,10000,5,-0.00016710516959392852,0.013583710307023338,"[0.0165238569295314, -0.009826317286496411, -0.009035234302780304, -0.011204046078361563, 0.012706214890137235]",False,0.9986,crossed cluster x image (Poisson) bootstrap
trapA,mte,test_rev,mte,erm,mean_seed_specific_paired_auc_delta,-0.3581317846336657,-0.39693628088424904,-0.31809724243496096,10000,5,-0.35815101761922125,0.00429390154872224,"[-0.361812435637939, -0.3506977735165655, -0.3594383941917574, -0.3593977486594936, -0.3594087360903505]",True,0.0001,crossed cluster x image (Poisson) bootstrap
trapA,mte,clean,mte,erm,mean_seed_specific_paired_auc_delta,-0.21414011944872072,-0.244415893114169,-0.1847003658488998,10000,5,-0.21422616084761428,0.007882539055881212,"[-0.20782816610964938, -0.21896110360520515, -0.20788594183317932, -0.22574308469032212, -0.21071250799971553]",True,0.0001,crossed cluster x image (Poisson) bootstrap
trapA,mte_balanced,test_rev,mte_balanced,erm,mean_seed_specific_paired_auc_delta,0.04757580611340346,-0.0019522034701297051,0.09741577900032795,10000,5,0.04741146479491802,0.03753904891389508,"[0.04057621059858196, 0.07526366251198469, 0.09571262486060694, 0.019027496656132015, 0.006477329347284511]",False,0.0594,crossed cluster x image (Poisson) bootstrap
trapA,mte_balanced,clean,mte_balanced,erm,mean_seed_specific_paired_auc_delta,-0.08227622744681998,-0.11127661448843969,-0.05385098196372416,10000,5,-0.08244417976249732,0.011194081491880817,"[-0.09020568157576614, -0.07204632724169802, -0.07779278958970348, -0.07415736329374956, -0.09801873711156939]",True,0.0001,crossed cluster x image (Poisson) bootstrap
trapA,i2e,test_rev,i2e,erm,mean_seed_specific_paired_auc_delta,-0.051880779504617246,-0.08667571164575996,-0.017567771924838823,10000,5,-0.052061385343053844,0.01323888823985972,"[-0.03220174472970894, -0.06180533361741414, -0.058325622226967466, -0.06307186061101044, -0.04490236553016824]",True,0.0034,crossed cluster x image (Poisson) bootstrap
trapA,i2e,clean,i2e,erm,mean_seed_specific_paired_auc_delta,-0.07242442465683237,-0.09618791952896934,-0.04905232635755641,10000,5,-0.072691637630662,0.014372829651824195,"[-0.062100014221716515, -0.07361071606342884, -0.08225485316077652, -0.09037900874635563, -0.05511359596103249]",True,0.0001,crossed cluster x image (Poisson) bootstrap
trapA,i2e_balanced,test_rev,i2e_balanced,erm,mean_seed_specific_paired_auc_delta,0.06911196889433537,0.030219268370480355,0.10822851054641418,10000,5,0.06932066732028608,0.021570850189019664,"[0.04806884225228736, 0.05405821289490187, 0.06668920682373602, 0.07468958251956015, 0.10309749211094499]",True,0.0004,crossed cluster x image (Poisson) bootstrap
trapA,i2e_balanced,clean,i2e_balanced,erm,mean_seed_specific_paired_auc_delta,-0.0856598189704601,-0.12340087707836019,-0.0513271511561179,10000,5,-0.08521385906278886,0.03203988087091869,"[-0.08193930882457512, -0.08147265874991105, -0.1393283794353979, -0.0569757519732631, -0.06635319633079717]",True,0.0001,crossed cluster x image (Poisson) bootstrap
trapA,i2e_rank1,test_rev,i2e_rank1,erm,mean_seed_specific_paired_auc_delta,0.002203474381117906,-0.0008983266230530505,0.00526077554090694,10000,5,0.0022009150990601523,0.0012339523969991763,"[0.001816933584271374, 0.0014440775067172673, 0.0009194011436164384, 0.004042233348721003, 0.0027819299119746788]",False,0.1646,crossed cluster x image (Poisson) bootstrap
trapA,i2e_rank1,clean,i2e_rank1,erm,mean_seed_specific_paired_auc_delta,0.00021324246748518974,-0.0018093199458095782,0.0022042792183705386,10000,5,0.00019910403185667834,0.0009627672362156588,"[-0.0010932944606413253, 0.000631088672402802, -0.00041331863755955656, 0.0013777287918652625, 0.0004933157932162091]",False,0.8298,crossed cluster x image (Poisson) bootstrap
trapA,insert_aug,test_rev,insert_aug,erm,mean_seed_specific_paired_auc_delta,0.05016145156688852,0.03795891234438949,0.06197285719133047,10000,5,0.050124070387711384,0.010055812116249322,"[0.04679639690825366, 0.03440928944284649, 0.05295750587230408, 0.06010676704189011, 0.056350392673262584]",True,0.0001,crossed cluster x image (Poisson) bootstrap
trapA,insert_aug,clean,insert_aug,erm,mean_seed_specific_paired_auc_delta,0.016002401238798505,0.009585953431460667,0.022536512492537974,10000,5,0.015968321126359975,0.0037194349657363756,"[0.01920376164403048, 0.009968534452108435, 0.01484836094716635, 0.018101578610538294, 0.017719369977956312]",True,0.0001,crossed cluster x image (Poisson) bootstrap
trapB,prevcal,test_rev,prevcal,erm,mean_seed_specific_paired_auc_delta,0.4411140645788461,0.4058828298085092,0.475811924380231,10000,5,0.44113136574074074,0.013899199065448453,"[0.41786541005291, 0.4461288855820106, 0.4501488095238096, 0.45217427248677255, 0.43933945105820105]",True,0.0001,crossed cluster x image (Poisson) bootstrap
trapB,prevcal,clean,prevcal,erm,mean_seed_specific_paired_auc_delta,0.06061242944431291,0.030552574221837655,0.09075966542567171,10000,5,0.060780061153381214,0.008863018134155043,"[0.04574059588992385, 0.05989564815473225, 0.0664465263457299, 0.06703317215387905, 0.06478436322264103]",True,0.0002,crossed cluster x image (Poisson) bootstrap
trapB,mask,test_rev,mask,erm,mean_seed_specific_paired_auc_delta,0.45176960775538594,0.40721172924417726,0.4949553539944145,10000,5,0.4516575727513228,0.011517507156173543,"[0.4318679728835979, 0.46066881613756616, 0.4585916832010582, 0.4546544312169313, 0.45250496031746024]",True,0.0001,crossed cluster x image (Poisson) bootstrap
trapB,mask,clean,mask,erm,mean_seed_specific_paired_auc_delta,0.18387291042546736,0.15573782029415714,0.2130669208369498,10000,5,0.1840885657398848,0.004951316657411207,"[0.18070468605560686, 0.18995769039323052, 0.18868218018914884, 0.178815864324824, 0.18228240773661386]",True,0.0001,crossed cluster x image (Poisson) bootstrap
trapB,inpaint,test_rev,inpaint,erm,mean_seed_specific_paired_auc_delta,-0.13562905745419282,-0.16355477503124372,-0.10802379705649683,10000,5,-0.13550967261904762,0.009456189604303207,"[-0.14439690806878308, -0.140676669973545, -0.14121403769841268, -0.12911292989417988, -0.1221478174603175]",True,0.0001,crossed cluster x image (Poisson) bootstrap
trapB,inpaint,clean,inpaint,erm,mean_seed_specific_paired_auc_delta,-0.04726121979595549,-0.06498491421296312,-0.029905012036181886,10000,5,-0.04727831899310244,0.010180428461547044,"[-0.03635870724596457, -0.05864235938277751, -0.050607089525705695, -0.0539936357818388, -0.03678980302922563]",True,0.0001,crossed cluster x image (Poisson) bootstrap
trapB,balanced,test_rev,balanced,erm,mean_seed_specific_paired_auc_delta,0.24043202410492776,0.2113947253371525,0.2692283078231474,10000,5,0.24031911375661377,0.020780541029907628,"[0.24131944444444442, 0.23765087632275128, 0.2079303075396826, 0.26406456679894186, 0.2506303736772486]",True,0.0001,crossed cluster x image (Poisson) bootstrap
trapB,balanced,clean,balanced,erm,mean_seed_specific_paired_auc_delta,0.06156583939018333,0.03942817421342941,0.08357907985247337,10000,5,0.061684029012301814,0.019046806940566614,"[0.060544513972836556, 0.06757537509777434, 0.03315882101969714, 0.0861969352200811, 0.06094449975111993]",True,0.0001,crossed cluster x image (Poisson) bootstrap
trapB,dfr,test_rev,dfr,erm,mean_seed_specific_paired_auc_delta,0.2791674839789289,0.24154281841185113,0.31953428178703763,10000,5,0.27934854497354494,0.02964439899811658,"[0.2477678571428571, 0.326306216931217, 0.2736338458994709, 0.26371321097883604, 0.28532159391534384]",True,0.0001,crossed cluster x image (Poisson) bootstrap
trapB,dfr,clean,dfr,erm,mean_seed_specific_paired_auc_delta,0.04268083498090308,0.012510447276151986,0.07229689627240636,10000,5,0.0425442650927967,0.024745069318806184,"[0.04839383488587068, 0.07311740027021263, 0.02509688544407307, 0.01074184029012304, 0.05537136457370406]",True,0.0076,crossed cluster x image (Poisson) bootstrap
trapB,leace_paired,test_rev,leace_paired,erm,mean_seed_specific_paired_auc_delta,0.005638132809750564,0.0024011111401644448,0.008929633285824377,10000,5,0.005611359126984128,0.00139734563028152,"[0.006376074735449766, 0.005208333333333315, 0.006303736772486801, 0.0033482142857143016, 0.006820436507936456]",True,0.0004,crossed cluster x image (Poisson) bootstrap
trapB,leace_paired,clean,leace_paired,erm,mean_seed_specific_paired_auc_delta,0.002652458971576411,0.0008471844440075799,0.0044066548931957555,10000,5,0.00263279527839011,0.0009916865249952446,"[0.0026087961316930697, 0.0023954703832752555, 0.0029865604778497312, 0.0012177344805518464, 0.003955414918580646]",True,0.003,crossed cluster x image (Poisson) bootstrap
trapB,leace_unpaired,test_rev,leace_unpaired,erm,mean_seed_specific_paired_auc_delta,0.39846947346813294,0.35562733756253956,0.4406164667668243,10000,5,0.39822875330687835,0.024358277101068172,"[0.39051132605820105, 0.39490327380952384, 0.36467633928571436, 0.43008019179894186, 0.4109726355820106]",True,0.0001,crossed cluster x image (Poisson) bootstrap
trapB,leace_unpaired,clean,leace_unpaired,erm,mean_seed_specific_paired_auc_delta,0.04945758123285683,0.012109173038001879,0.08553441879506529,10000,5,0.049208917016283917,0.022909621593425217,"[0.06469103320770819, 0.04063411078717205, 0.013990613667069662, 0.07188188864395939, 0.05484693877551028]",True,0.0076,crossed cluster x image (Poisson) bootstrap
trapB,mte,test_rev,mte,erm,mean_seed_specific_paired_auc_delta,0.24775669209602902,0.19557577408784596,0.2997901580448612,10000,5,0.24776579034391535,0.010415311779543418,"[0.23527405753968256, 0.23865327380952384, 0.25905257936507936, 0.25559069113756616, 0.2502583498677249]",True,0.0001,crossed cluster x image (Poisson) bootstrap
trapB,mte,clean,mte,erm,mean_seed_specific_paired_auc_delta,0.025297725706234484,-0.008771769251129727,0.05952857500098281,10000,5,0.025321766337196915,0.0057869486844854545,"[0.025381319775296896, 0.02392803811420041, 0.0334343667780701, 0.017283829908269932, 0.02658127711014724]",False,0.1422,crossed cluster x image (Poisson) bootstrap
trapB,mte_balanced,test_rev,mte_balanced,erm,mean_seed_specific_paired_auc_delta,0.30349762478300224,0.251160265084865,0.35470807566335355,10000,5,0.30364376653439157,0.019518411669913704,"[0.3041604662698413, 0.2926380621693122, 0.33675388558201064, 0.2873160548941799, 0.2973503637566137]",True,0.0001,crossed cluster x image (Poisson) bootstrap
trapB,mte_balanced,clean,mte_balanced,erm,mean_seed_specific_paired_auc_delta,0.030519102000500453,-0.005411880358942965,0.0672444165312086,10000,5,0.030848680935788984,0.014857382927776688,"[0.04579392732702836, 0.03232329517172727, 0.04182517954917164, 0.008159709876982224, 0.026141292754035428]",False,0.1006,crossed cluster x image (Poisson) bootstrap
trapB,i2e,test_rev,i2e,erm,mean_seed_specific_paired_auc_delta,0.11423936642397589,0.07348410673728024,0.15563712074946934,10000,5,0.11397982804232805,0.022427597806835845,"[0.11001570767195767, 0.10233754960317465, 0.09036044973544971, 0.14992559523809523, 0.11725983796296291]",True,0.0001,crossed cluster x image (Poisson) bootstrap
trapB,i2e,clean,i2e,erm,mean_seed_specific_paired_auc_delta,-0.026670920365302664,-0.0550630245015257,0.0012783970236186107,10000,5,-0.026519945957477066,0.01921628441122123,"[0.0014443930882457323, -0.030025599089810173, -0.05242480267368266, -0.028105667354049624, -0.0234880537580886]",False,0.059,crossed cluster x image (Poisson) bootstrap
trapB,i2e_balanced,test_rev,i2e_balanced,erm,mean_seed_specific_paired_auc_delta,0.2542384074471254,0.21425519572002896,0.29426904413634536,10000,5,0.2541997354497355,0.008812385107868574,"[0.2588045634920635, 0.25328621031746035, 0.24961764219576726, 0.2662037037037037, 0.24308655753968256]",True,0.0001,crossed cluster x image (Poisson) bootstrap
trapB,i2e_balanced,clean,i2e_balanced,erm,mean_seed_specific_paired_auc_delta,0.003920074139750576,-0.025949341202531086,0.03343379624116557,10000,5,0.0039705254924269125,0.010467440736322655,"[0.02043482898385829, 0.00839081277110143, -0.003719867738036009, -0.0017688259972978848, -0.0034843205574912606]",False,0.7956,crossed cluster x image (Poisson) bootstrap
trapB,i2e_rank1,test_rev,i2e_rank1,erm,mean_seed_specific_paired_auc_delta,0.00031237568603377177,-0.0017084175581792756,0.002505970436899868,10000,5,0.0003162202380952328,0.0016634618154518603,"[-0.00011367394179895296, -0.0011160714285714524, 0.0017154431216931387, 0.00238715277777779, -0.0012917493386243595]",False,0.7764,crossed cluster x image (Poisson) bootstrap
trapB,i2e_rank1,clean,i2e_rank1,erm,mean_seed_specific_paired_auc_delta,-2.5591682401037065e-05,-0.0010277810216176482,0.0011045814586205323,10000,5,-2.666571855223232e-05,0.0006940916881317781,"[-8.888572850751508e-06, -0.0005466472303207182, -7.555286923133231e-05, 0.0011155158927682596, -0.0006177558131266192]",False,0.928,crossed cluster x image (Poisson) bootstrap
trapB,insert_aug,test_rev,insert_aug,erm,mean_seed_specific_paired_auc_delta,0.04848691788273568,0.03326929279554504,0.06452660493499202,10000,5,0.04841476521164019,0.013026876497718103,"[0.03870081018518512, 0.04657531415343913, 0.060422867063492036, 0.06296502976190477, 0.033409804894179884]",True,0.0001,crossed cluster x image (Poisson) bootstrap
trapB,insert_aug,clean,insert_aug,erm,mean_seed_specific_paired_auc_delta,0.013681938768331537,0.005062257366842336,0.022460040684304895,10000,5,0.013623515608333947,0.006441411434827735,"[0.014332823721823207, 0.005826459503662118, 0.016990507004195465, 0.02205699352911894, 0.008910794282870005]",True,0.0016,crossed cluster x image (Poisson) bootstrap
