overlap,method_a,method_b,env,estimand,delta_mean_bootstrap,ci95_lo,ci95_hi,n_boot_valid,bootstrap_seed_clusters_per_rep,seed_delta_mean,seed_delta_sd,seed_deltas_json,ci_excludes_zero
0.0,mask,erm,test_rev,mean_seed_specific_paired_auc_delta,0.5147623188055389,0.45417145028323763,0.5731177643966392,10000,3,0.5143105698129622,0.038939664083381356,"[0.4725532840365377, 0.5496302740321879, 0.520748151370161]",True
0.25,mask,erm,test_rev,mean_seed_specific_paired_auc_delta,0.18225051835131859,0.1416146955018083,0.22373364501115753,10000,3,0.1823401478903871,0.01857772341830004,"[0.16824706394084382, 0.1753806002609831, 0.20339277946933443]",True
0.5,mask,erm,test_rev,mean_seed_specific_paired_auc_delta,0.11254733331785305,0.0736543581866908,0.15273068381520905,10000,3,0.11201971871828331,0.026515062072762437,"[0.11683340582862117, 0.08342757720748153, 0.13579817311874726]",True
0.75,mask,erm,test_rev,mean_seed_specific_paired_auc_delta,0.06837967786201177,0.0287642281468872,0.11125635078028707,10000,3,0.0683195592286501,0.03247562338045606,"[0.06585471944323618, 0.03714658547194424, 0.10195737277076988]",True
1.0,mask,erm,test_rev,mean_seed_specific_paired_auc_delta,0.043324484581493586,0.0013820705236030567,0.08900755714984306,10000,3,0.04381615195012326,0.036407557938757176,"[0.0440191387559809, 0.007307525010874311, 0.08012179208351458]",True
0.0,inpaint,erm,test_rev,mean_seed_specific_paired_auc_delta,0.45686405227684207,0.4033843058814547,0.5087547081944757,10000,3,0.45715528490648105,0.038649287896670124,"[0.4156589821661592, 0.4921270117442366, 0.46367986080904733]",True
0.25,inpaint,erm,test_rev,mean_seed_specific_paired_auc_delta,0.49157628715025586,0.4355072885402134,0.5435233556711946,10000,3,0.4916340437871538,0.03805367083790345,"[0.45002174858634186, 0.5246628969117008, 0.5002174858634187]",True
0.5,inpaint,erm,test_rev,mean_seed_specific_paired_auc_delta,0.5047918005011626,0.45091699429341187,0.5562444314297491,10000,3,0.5055531390459621,0.03577449641428381,"[0.4652457590256633, 0.533536320139191, 0.5178773379730318]",True
0.75,inpaint,erm,test_rev,mean_seed_specific_paired_auc_delta,0.5070449412512315,0.4541475552571675,0.5581612156137723,10000,3,0.5067420617659852,0.03491108117752976,"[0.4686385384949978, 0.5371900826446281, 0.5143975641583298]",True
1.0,inpaint,erm,test_rev,mean_seed_specific_paired_auc_delta,0.5160483754289547,0.4569657237916485,0.5707805432798675,10000,3,0.5157894736842105,0.04209627517943809,"[0.4675946063505872, 0.5453675511091779, 0.5344062635928665]",True
0.0,balanced,erm,test_rev,mean_seed_specific_paired_auc_delta,0.38154582017457034,0.34042416275231424,0.4223405917253959,10000,3,0.38155719878207917,0.01680680320239881,"[0.362418442801218, 0.38834275772074817, 0.39391039582427134]",True
0.25,balanced,erm,test_rev,mean_seed_specific_paired_auc_delta,0.4018996064476207,0.358480176606187,0.4445704420623283,10000,3,0.40208786428882126,0.0213434204069551,"[0.37851239669421494, 0.4076555023923445, 0.42009569377990424]",True
0.5,balanced,erm,test_rev,mean_seed_specific_paired_auc_delta,0.42499231923099495,0.38210164100335325,0.46871508018223274,10000,3,0.4249673771204872,0.01690311547621297,"[0.41426707264027834, 0.4161809482383645, 0.4444541104828187]",True
0.75,balanced,erm,test_rev,mean_seed_specific_paired_auc_delta,0.40726387532312547,0.3673143663693761,0.44608547321281905,10000,3,0.4073655212411193,0.007366491586566209,"[0.399043062200957, 0.4100043497172683, 0.4130491518051327]",True
1.0,balanced,erm,test_rev,mean_seed_specific_paired_auc_delta,0.4332341644632261,0.3916164447190042,0.4763385682239011,10000,3,0.4332318399304045,0.013341937913885297,"[0.42357546759460624, 0.42766420182688136, 0.4484558503697259]",True
0.0,dfr,erm,test_rev,mean_seed_specific_paired_auc_delta,0.4372102148247235,0.3900009042650721,0.48399260748831807,10000,3,0.4369435986660866,0.024283943403420636,"[0.4106133101348412, 0.44175728577642454, 0.4584602000869943]",True
0.25,dfr,erm,test_rev,mean_seed_specific_paired_auc_delta,0.4494634037859984,0.39868921187793593,0.5035652315307212,10000,3,0.4501667391619544,0.034090722360110924,"[0.4295780774249674, 0.4314049586776858, 0.48951718138321004]",True
0.5,dfr,erm,test_rev,mean_seed_specific_paired_auc_delta,0.4660361911934021,0.41510775317307624,0.5190798385995599,10000,3,0.4661157024793388,0.031568640571153446,"[0.4432361896476729, 0.4529795563288386, 0.5021313614615049]",True
0.75,dfr,erm,test_rev,mean_seed_specific_paired_auc_delta,0.4659057742666306,0.4147702195474287,0.520360911566084,10000,3,0.46530375525590834,0.03329705964604424,"[0.43775554588951715, 0.4558503697259678, 0.5023053501522401]",True
1.0,dfr,erm,test_rev,mean_seed_specific_paired_auc_delta,0.48335816321726705,0.4281720236878191,0.5430388403115898,10000,3,0.48357256778309415,0.043306614632212366,"[0.4568073075250108, 0.4603740756850806, 0.533536320139191]",True
0.0,leace,erm,test_rev,mean_seed_specific_paired_auc_delta,0.4598223156735368,0.406683812983016,0.5107627081725111,10000,3,0.46002609830361024,0.03737386830814132,"[0.41887777294475864, 0.49186602870813395, 0.4693344932579382]",True
0.25,leace,erm,test_rev,mean_seed_specific_paired_auc_delta,0.4913774277200784,0.4362750230080981,0.5439803117666879,10000,3,0.49198202116862405,0.03883509166029164,"[0.44923879947803386, 0.5250978686385385, 0.5016093953892997]",True
0.5,leace,erm,test_rev,mean_seed_specific_paired_auc_delta,0.5114063980580967,0.45918489160496945,0.5612017134223193,10000,3,0.511207771494853,0.03417287302793667,"[0.472292301000435, 0.5363201391909527, 0.5250108742931711]",True
0.75,leace,erm,test_rev,mean_seed_specific_paired_auc_delta,0.504793820577199,0.45469880400870977,0.5540712817099643,10000,3,0.504828186167899,0.03180651750244789,"[0.4709003914745542, 0.5339712918660287, 0.5096128751631144]",True
1.0,leace,erm,test_rev,mean_seed_specific_paired_auc_delta,0.5164385173574829,0.45946580917588525,0.569347816749935,10000,3,0.5168334058286211,0.042065072000262514,"[0.4683775554588953, 0.5439756415832971, 0.538147020443671]",True
0.0,i2e,erm,test_rev,mean_seed_specific_paired_auc_delta,0.018332958531886535,-0.001556629998807842,0.038935293597606585,10000,3,0.01829781064230825,0.01313941043337671,"[0.022183558068725573, 0.0036537625054371414, 0.029056111352762037]",False
0.25,i2e,erm,test_rev,mean_seed_specific_paired_auc_delta,-0.0028014407637840014,-0.018479189409482098,0.013352814862066771,10000,3,-0.002812817166884187,0.008312551347316345,"[-0.0013919095258808079, -0.011744236624619403, 0.00469769464984765]",False
0.5,i2e,erm,test_rev,mean_seed_specific_paired_auc_delta,0.003986425971882509,-0.017235405757443523,0.024521311483885058,10000,3,0.003972741771784823,0.015950202279634694,"[0.005741626794258381, -0.01278816876903005, 0.01896476729012614]",False
0.75,i2e,erm,test_rev,mean_seed_specific_paired_auc_delta,-0.01090392223861797,-0.029570918132205592,0.007439654239716093,10000,3,-0.010903291286066421,0.01120348473112587,"[-0.004175728577642479, -0.023836450630709022, -0.004697694649847761]",False
1.0,i2e,erm,test_rev,mean_seed_specific_paired_auc_delta,-0.011701255319971524,-0.027802975775374994,0.004288410911158129,10000,3,-0.011628244164129331,0.008736040137608515,"[-0.010265332753371048, -0.020965637233579776, -0.003653762505437169]",False
0.0,i2e_balanced,erm,test_rev,mean_seed_specific_paired_auc_delta,0.40462274606079957,0.3644598102622072,0.44632225489600236,10000,3,0.4048426852254603,0.01675727283923316,"[0.39565028273162245, 0.3946933449325794, 0.42418442801217915]",True
0.25,i2e_balanced,erm,test_rev,mean_seed_specific_paired_auc_delta,0.4264655024513535,0.3842671318234849,0.46973110006080726,10000,3,0.4265912715673481,0.01971844109349822,"[0.4201826881252719, 0.4108742931709438, 0.44871683340582863]",True
0.5,i2e_balanced,erm,test_rev,mean_seed_specific_paired_auc_delta,0.45042752872165737,0.4057041204210187,0.4955356977180419,10000,3,0.4503117297375671,0.023206682619652,"[0.44723792953458036, 0.42879512831665945, 0.47490213136146153]",True
0.75,i2e_balanced,erm,test_rev,mean_seed_specific_paired_auc_delta,0.42613188438004007,0.38299359536843053,0.46917566881922756,10000,3,0.4259533130346527,0.018718412466183276,"[0.4336668116572423, 0.4046107003044802, 0.4395824271422357]",True
1.0,i2e_balanced,erm,test_rev,mean_seed_specific_paired_auc_delta,0.4518126498879705,0.4068177625913087,0.4966700091351,10000,3,0.4514716543424678,0.022619923892750603,"[0.4478468899521531, 0.4308829926054808, 0.47568508046976943]",True
0.0,i2e_rank1,erm,test_rev,mean_seed_specific_paired_auc_delta,-0.003796405947508549,-0.014511842667392198,0.006824585736089567,10000,3,-0.0037407568508046976,0.004015898699463685,"[-0.00017398869073509404, -0.008090474119182234, -0.0029578077424967653]",False
0.25,i2e_rank1,erm,test_rev,mean_seed_specific_paired_auc_delta,0.001543518135707938,-0.005615969299737679,0.008727055267966211,10000,3,0.0016238944468609424,0.0013087758847495222,"[0.001739886907350996, 0.00026098303610264106, 0.0028708133971291905]",False
0.5,i2e_rank1,erm,test_rev,mean_seed_specific_paired_auc_delta,0.005469891673065803,-0.001750206955910702,0.012772827160016693,10000,3,0.005451645643033215,0.002959513022397721,"[0.0076555023923445265, 0.0020878642888212118, 0.006611570247933907]",False
0.75,i2e_rank1,erm,test_rev,mean_seed_specific_paired_auc_delta,0.01014676669156523,0.002061716877495684,0.018893095717181542,10000,3,0.01012034217775846,0.004750029341323659,"[0.015571987820791666, 0.00687255328403652, 0.007916485428447195]",True
1.0,i2e_rank1,erm,test_rev,mean_seed_specific_paired_auc_delta,0.004743637260172915,-0.0015657880309478034,0.011115546101862796,10000,3,0.004755690880092783,0.0016650575287754847,"[0.006524575902566332, 0.0032187907785993786, 0.004523705959112639]",False
0.0,insert_aug,erm,test_rev,mean_seed_specific_paired_auc_delta,0.06436862774130195,0.044848161022606775,0.08384092316812203,10000,3,0.06440481368711032,0.016895800985513344,"[0.04593301435406699, 0.06820356676816008, 0.07907785993910388]",True
0.25,insert_aug,erm,test_rev,mean_seed_specific_paired_auc_delta,0.07022591514407853,0.04845299869288142,0.09187306277310488,10000,3,0.07017543859649118,0.0189684249565151,"[0.04976076555023923, 0.07351022183558067, 0.08725532840365363]",True
0.5,insert_aug,erm,test_rev,mean_seed_specific_paired_auc_delta,0.07511688298819456,0.053529313335690845,0.09863960799429847,10000,3,0.0752211106278092,0.01959697683272338,"[0.05619834710743804, 0.07411918225315353, 0.09534580252283603]",True
0.75,insert_aug,erm,test_rev,mean_seed_specific_paired_auc_delta,0.06842311006299351,0.050120398861964136,0.08688024194940977,10000,3,0.06846454980426274,0.014465932873411807,"[0.05271857329273599, 0.07150935189212701, 0.08116572422792523]",True
1.0,insert_aug,erm,test_rev,mean_seed_specific_paired_auc_delta,0.07031745665029361,0.046721561480762085,0.09388127880689533,10000,3,0.07043642163259388,0.0212084887038302,"[0.04715093518921265, 0.0755110917790344, 0.08864723792953458]",True
0.0,mte,erm,test_rev,mean_seed_specific_paired_auc_delta,0.5133065882212522,0.4538740090688456,0.5715055335574255,10000,3,0.5137016093953891,0.038939664083381356,"[0.4719443236189647, 0.5490213136146149, 0.520139190952588]",True
0.25,mte,erm,test_rev,mean_seed_specific_paired_auc_delta,0.14265055264832402,0.1037480299637726,0.1815570363269279,10000,3,0.14246773959692616,0.013058814266142022,"[0.13492822966507173, 0.13492822966507176, 0.157546759460635]",True
0.5,mte,erm,test_rev,mean_seed_specific_paired_auc_delta,0.05424983212101349,0.018050763296014967,0.09236047578067075,10000,3,0.054719443236189665,0.025206752307040177,"[0.05071770334928233, 0.03175293605915616, 0.08168769030013051]",True
0.75,mte,erm,test_rev,mean_seed_specific_paired_auc_delta,0.0026829421431432527,-0.028996635617702573,0.037011171584540564,10000,3,0.002522836015658956,0.018939410242155005,"[-0.004697694649847761, -0.011744236624619458, 0.024010439321444088]",False
1.0,mte,erm,test_rev,mean_seed_specific_paired_auc_delta,-0.02108903633514681,-0.05011928475631242,0.011001284967463611,10000,3,-0.020849644773089742,0.01872002963093736,"[-0.023923444976076513, -0.03784254023488473, -0.0007829491083079787]",False
0.0,mte_balanced,erm,test_rev,mean_seed_specific_paired_auc_delta,0.5042233945506124,0.45047759139998644,0.5577072949397441,10000,3,0.503871248368856,0.028710242847660772,"[0.476555023923445, 0.5337973031752936, 0.5012614180078294]",True
0.25,mte_balanced,erm,test_rev,mean_seed_specific_paired_auc_delta,0.4858733480377748,0.4351664565552613,0.5362627154912734,10000,3,0.485979411338263,0.029402587314199726,"[0.453675511091779, 0.5111787733797304, 0.49308394954327966]",True
0.5,mte_balanced,erm,test_rev,mean_seed_specific_paired_auc_delta,0.5193292072007031,0.46764472258575535,0.5692745811417471,10000,3,0.5195592286501377,0.02540180264407871,"[0.49030013049151816, 0.5324053936494128, 0.5359721618094824]",True
0.75,mte_balanced,erm,test_rev,mean_seed_specific_paired_auc_delta,0.4987866832822732,0.4484622384492133,0.5485669098607688,10000,3,0.49865158764680295,0.024627698154320227,"[0.47072640278381905, 0.507959982601131, 0.5172683775554588]",True
1.0,mte_balanced,erm,test_rev,mean_seed_specific_paired_auc_delta,0.5113270492702472,0.4588081806754269,0.563405867469141,10000,3,0.5112657677250979,0.03231848711786806,"[0.47899086559373644, 0.5111787733797303, 0.5436276642018268]",True
0.0,ui2e,erm,test_rev,mean_seed_specific_paired_auc_delta,0.0020421080299294417,-0.019907451103826326,0.024216793718917627,10000,3,0.002029868058576171,0.008594994361675427,"[-0.004871683340582911, -0.0006959547629403762, 0.0116572422792518]",False
0.25,ui2e,erm,test_rev,mean_seed_specific_paired_auc_delta,-0.02619086917947802,-0.04744831557495254,-0.0056386443343219034,10000,3,-0.026098303610265366,0.01182835213037071,"[-0.039756415832970904, -0.019225750326228808, -0.019312744671596382]",True
0.5,ui2e,erm,test_rev,mean_seed_specific_paired_auc_delta,-0.014656017239295596,-0.03581363215708295,0.007079012924440771,10000,3,-0.01458605190662606,0.012249018016501537,"[-0.026011309264897753, -0.01609395389299695, -0.0016528925619834767]",False
0.75,ui2e,erm,test_rev,mean_seed_specific_paired_auc_delta,-0.005733136858800584,-0.043651722056743274,0.04434345947777582,10000,3,-0.005451645643033215,0.04415957850650707,"[-0.03401478903871252, -0.027751196172248832, 0.04541104828186171]",False
1.0,ui2e,erm,test_rev,mean_seed_specific_paired_auc_delta,-0.024179347139781936,-0.04687617362176469,-0.002180123606021356,10000,3,-0.0240104393214441,0.014244776178248712,"[-0.0389734667246629, -0.02244454110482816, -0.010613310134841236]",True
0.0,ui2e_balanced,erm,test_rev,mean_seed_specific_paired_auc_delta,0.39016706040465987,0.348234422440819,0.435136301761713,10000,3,0.38993765405248654,0.020835160850238572,"[0.3745976511526751, 0.381557198782079, 0.41365811222270543]",True
0.25,ui2e_balanced,erm,test_rev,mean_seed_specific_paired_auc_delta,0.4118486157988613,0.36722263035959696,0.4574774093166019,10000,3,0.41200521966072207,0.02235348439761561,"[0.39678120922140064, 0.4015658982166159, 0.4376685515441496]",True
0.5,ui2e_balanced,erm,test_rev,mean_seed_specific_paired_auc_delta,0.4416703004731924,0.3936784845514498,0.491215246574699,10000,3,0.441670291431057,0.02801015286925281,"[0.43018703784254014, 0.4212266202696825, 0.4735972161809483]",True
0.75,ui2e_balanced,erm,test_rev,mean_seed_specific_paired_auc_delta,0.4212386366447328,0.37652669735128863,0.4681855882952549,10000,3,0.4215455995360302,0.022720740275217567,"[0.4196607220530666, 0.399826011309265, 0.44515006524575906]",True
1.0,ui2e_balanced,erm,test_rev,mean_seed_specific_paired_auc_delta,0.44295954829891937,0.39585641479922556,0.4924905448002625,10000,3,0.44323618964767286,0.02787676752916071,"[0.4347107438016528, 0.42061765985210964, 0.4743801652892562]",True
0.0,umte,erm,test_rev,mean_seed_specific_paired_auc_delta,0.5113079083070735,0.45222547252929585,0.5690569818785666,10000,3,0.5113527620704653,0.03893966408338141,"[0.4695954762940408, 0.5466724662896911, 0.5177903436276641]",True
0.25,umte,erm,test_rev,mean_seed_specific_paired_auc_delta,0.12961663199857432,0.09237610566806276,0.1674083953812129,10000,3,0.12970856894301871,0.007957961984187347,"[0.12379295345802527, 0.1265767725097869, 0.13875598086124397]",True
0.5,umte,erm,test_rev,mean_seed_specific_paired_auc_delta,0.05057092026886336,0.017170157094803552,0.08572010108188448,10000,3,0.05051471654342466,0.013005678878341916,"[0.05054371465854718, 0.03749456285341454, 0.06350587211831227]",True
0.75,umte,erm,test_rev,mean_seed_specific_paired_auc_delta,-0.006979707157464056,-0.037410083720689824,0.022963362329745066,10000,3,-0.007249528780629279,0.007257817503113903,"[-0.012440191387559862, -0.010352327098738595, 0.0010439321444106198]",False
1.0,umte,erm,test_rev,mean_seed_specific_paired_auc_delta,-0.03222665092853856,-0.05946617454839136,-0.004558175524718963,10000,3,-0.032187907785993904,0.008003006964493702,"[-0.0347107438016529, -0.038625489343192654, -0.023227490213136165]",True
0.0,umte_balanced,erm,test_rev,mean_seed_specific_paired_auc_delta,0.5030790080050629,0.45073683747911086,0.5557183392735594,10000,3,0.5032912860664056,0.02766164841588569,"[0.47446715963462366, 0.5296215745976511, 0.5057851239669421]",True
0.25,umte_balanced,erm,test_rev,mean_seed_specific_paired_auc_delta,0.4818639751849558,0.4302990545241516,0.5330504470850846,10000,3,0.48220965637233576,0.03035392157918108,"[0.4498477598956067, 0.5100478468899522, 0.48673336233144854]",True
0.5,umte_balanced,erm,test_rev,mean_seed_specific_paired_auc_delta,0.5256426881517233,0.4730274373778212,0.5769781862376552,10000,3,0.5255038422502537,0.029795827868553924,"[0.49143105698129624, 0.5466724662896912, 0.5384080034797739]",True
0.75,umte_balanced,erm,test_rev,mean_seed_specific_paired_auc_delta,0.5116034257188598,0.4620668993885598,0.5620155315686747,10000,3,0.5119907206031608,0.027211621716927606,"[0.4832535885167464, 0.5153545019573729, 0.5373640713353632]",True
1.0,umte_balanced,erm,test_rev,mean_seed_specific_paired_auc_delta,0.5017254265880523,0.4470437211888803,0.5565850374629577,10000,3,0.5015224010439322,0.03808037733407233,"[0.46585471944323625, 0.49708568943018716, 0.5416267942583731]",True
