trap,arm,env,method_a,method_b,estimand,delta_mean_bootstrap,ci95_lo,ci95_hi,n_boot_valid,bootstrap_seed_clusters_per_rep,seed_delta_mean,seed_delta_sd,seed_deltas_json,ci_excludes_zero
trapA,mask,test_rev,mask,erm,mean_seed_specific_paired_auc_delta,0.11095312498387912,0.09746715133683545,0.1243852873218636,10000,5,0.11113707332694545,0.009455969609147104,"[0.10284455031852935, 0.1108150630919818, 0.10075857206687788, 0.12122976518821271, 0.12003741596912548]",True
trapA,mask,clean,mask,erm,mean_seed_specific_paired_auc_delta,0.07727989315776229,0.06579152186976875,0.08898199651256049,10000,5,0.07731144426349905,0.00778620130871539,"[0.07423184692020302, 0.08001245330012452, 0.07369300220327624, 0.08942527221636798, 0.06919464667752351]",True
trapA,balanced,test_rev,balanced,erm,mean_seed_specific_paired_auc_delta,0.38640205374418624,0.3643038903807881,0.4089269653106132,10000,5,0.38651227727308973,0.025436299966828148,"[0.3996395105545689, 0.36484746916916544, 0.4200803253518506, 0.3899070549860323, 0.3580870263038315]",True
trapA,balanced,clean,balanced,erm,mean_seed_specific_paired_auc_delta,0.11174845925543234,0.0995709816756633,0.1243133670624428,10000,5,0.11170749912188264,0.008484464158947371,"[0.10302710987642494, 0.1249121882683526, 0.11366330587220996, 0.1110568940192227, 0.10587799757320304]",True
trapA,mte,test_rev,mte,erm,mean_seed_specific_paired_auc_delta,0.3328624822375031,0.30868772235431563,0.3592089681198332,10000,5,0.3328466894588481,0.027607056924614074,"[0.32435949202379133, 0.3014124654921225, 0.3734344087681969, 0.31945845574321197, 0.3455686252669179]",True
trapA,mte,clean,mte,erm,mean_seed_specific_paired_auc_delta,0.11822029908157361,0.0977510159135588,0.13998724067463508,10000,5,0.11829996487530736,0.02192299894052182,"[0.11059189098572664, 0.1073418590541878, 0.15009818948175113, 0.09376696362997727, 0.12970092122489396]",True
trapA,umte_pbal,test_rev,umte_pbal,erm,mean_seed_specific_paired_auc_delta,0.3738315559132602,0.3534954566538289,0.3936907759838353,10000,5,0.373914892593638,0.019293503301386374,"[0.36744608163921433, 0.34808749463632704, 0.39509668534511677, 0.36786125206794107, 0.39108294927959075]",True
trapA,umte_pbal,clean,umte_pbal,erm,mean_seed_specific_paired_auc_delta,0.14920305282733068,0.13237981932376702,0.16549856173735378,10000,5,0.1492619823099275,0.013611341449081693,"[0.15425128524443588, 0.1336434684037423, 0.1634046604080851, 0.13597147715298397, 0.1590390203403902]",True
trapA,pbal,test_rev,pbal,erm,mean_seed_specific_paired_auc_delta,0.12041159613656918,0.11332044255527167,0.12728339057955843,10000,5,0.12038043787822597,0.0056759570004147305,"[0.12598017561202823, 0.11600595921456847, 0.112782059574425, 0.12397267469751416, 0.12316132029259397]",True
trapA,pbal,clean,pbal,erm,mean_seed_specific_paired_auc_delta,0.04508892718319824,0.037727665787539874,0.05137485670726438,10000,5,0.04501987738289102,0.0067043430502804245,"[0.04523701184660078, 0.048985974071590443, 0.03339639812242545, 0.04795518408532096, 0.049524818788517444]",True
trapB,mask,test_rev,mask,erm,mean_seed_specific_paired_auc_delta,0.34118614171569295,0.31972036922834096,0.36298434453586925,10000,5,0.3410908150956402,0.010946824779193143,"[0.34070499932984866, 0.33493212323127886, 0.34469718727861065, 0.32800084247611394, 0.35711892316234894]",True
trapB,mask,clean,mask,erm,mean_seed_specific_paired_auc_delta,0.15164202652576933,0.11946150602940159,0.18219433620674738,10000,5,0.15153295065189348,0.024822443900140684,"[0.11099986650647464, 0.17132781560094346, 0.15994749254661145, 0.14579717883682664, 0.16959239976861118]",True
trapB,balanced,test_rev,balanced,erm,mean_seed_specific_paired_auc_delta,0.26877887304861886,0.23281877824458166,0.30105599438229197,10000,5,0.2685545790491509,0.039634818475863996,"[0.2731633063358033, 0.30466999827675345, 0.26238822831102704, 0.20478392402397239, 0.2977674382981983]",True
trapB,balanced,clean,balanced,erm,mean_seed_specific_paired_auc_delta,0.06059516793847814,0.03643414499807922,0.08463706335978675,10000,5,0.060804076002313925,0.01592070310177449,"[0.07178614337204636, 0.0822876340497487, 0.0429849152316113, 0.05161749655141734, 0.05534419080674591]",True
trapB,mte,test_rev,mte,erm,mean_seed_specific_paired_auc_delta,0.3339294338259364,0.3115854422093028,0.35676927196567715,10000,5,0.33380052463285276,0.013936742505128474,"[0.33478373255212823, 0.3216679112336531, 0.34555881057690474, 0.3178384743523466, 0.3491536944492313]",True
trapB,mte,clean,mte,erm,mean_seed_specific_paired_auc_delta,0.1487857679504688,0.11855042685410613,0.1775798981483563,10000,5,0.14894985093222976,0.022046768855180823,"[0.11161171183197616, 0.1702487429359677, 0.15287233569171887, 0.15305032705913757, 0.15696613714234853]",True
trapB,umte_pbal,test_rev,umte_pbal,erm,mean_seed_specific_paired_auc_delta,0.33692533852057865,0.313653357742209,0.3597229919980757,10000,5,0.33699714706952355,0.016111524651229246,"[0.3328402933348652, 0.3357698125490647, 0.35638175656269755, 0.3134777031037588, 0.3465161697972313]",True
trapB,umte_pbal,clean,umte_pbal,erm,mean_seed_specific_paired_auc_delta,0.1521298230087194,0.12048072854946258,0.18377314213973314,10000,5,0.1523850843234103,0.02668607053018421,"[0.11266853557602452, 0.18659057535709533, 0.16173853068126187, 0.14868953855737999, 0.15223824144528986]",True
trapB,pbal,test_rev,pbal,erm,mean_seed_specific_paired_auc_delta,0.1311695424185193,0.10776094541750517,0.15412781023430525,10000,5,0.13125011966990258,0.02273308569558645,"[0.15057345817297574, 0.11284871809600394, 0.15456564612173773, 0.10304057288375756, 0.13522220307503785]",True
trapB,pbal,clean,pbal,erm,mean_seed_specific_paired_auc_delta,0.024996495750467227,0.002241686750722542,0.04598413764771078,10000,5,0.024856494460018676,0.017391142686913056,"[0.04043741378543142, 0.03187157922840744, -0.0008899568370934752, 0.015251635295688182, 0.0376118008276598]",True
