phase,artifact,backbone,method,overlap,seed,env,auc,auc_artifact_present,auc_artifact_absent,n,n_pos,n_artifact_present,accuracy,balanced_accuracy,worst_group_accuracy,group_details_json,threshold_clean_val
corr,transplant,dinov2_b14_518,erm,0.0,42,clean,0.7294343240651965,,0.7294343240651965,359,149,0,0.6796657381615598,0.6794023649728348,,"{""y0_a0"": {""n"": 210, ""accuracy"": 0.680952380952381}, ""y0_a1"": {""n"": 0, ""accuracy"": NaN}, ""y1_a0"": {""n"": 149, ""accuracy"": 0.6778523489932886}, ""y1_a1"": {""n"": 0, ""accuracy"": NaN}}",0.38678827743146854
corr,transplant,dinov2_b14_518,erm,0.0,42,test_corr,0.8527644614892937,0.7804360993337371,0.7309782608695652,359,149,153,0.7493036211699164,0.7749920102269096,0.4230769230769231,"{""y0_a0"": {""n"": 184, ""accuracy"": 0.6521739130434783}, ""y0_a1"": {""n"": 26, ""accuracy"": 0.4230769230769231}, ""y1_a0"": {""n"": 22, ""accuracy"": 0.7272727272727273}, ""y1_a1"": {""n"": 127, ""accuracy"": 0.9606299212598425}}",0.38678827743146854
corr,transplant,dinov2_b14_518,erm,0.0,42,test_rev,0.49555768616171303,0.7984962406015037,0.6059859154929578,359,149,197,0.48467966573816157,0.5156599552572707,0.32105263157894737,"{""y0_a0"": {""n"": 20, ""accuracy"": 0.45}, ""y0_a1"": {""n"": 190, ""accuracy"": 0.32105263157894737}, ""y1_a0"": {""n"": 142, ""accuracy"": 0.6830985915492958}, ""y1_a1"": {""n"": 7, ""accuracy"": 1.0}}",0.38678827743146854
corr,transplant,dinov2_b14_518,mask,0.0,42,clean,0.8477788430808565,,0.8477788430808565,359,149,0,0.7855153203342619,0.7913231064237776,,"{""y0_a0"": {""n"": 210, ""accuracy"": 0.7571428571428571}, ""y0_a1"": {""n"": 0, ""accuracy"": NaN}, ""y1_a0"": {""n"": 149, ""accuracy"": 0.825503355704698}, ""y1_a1"": {""n"": 0, ""accuracy"": NaN}}",0.4860488850194944
corr,transplant,dinov2_b14_518,mask,0.0,42,test_corr,0.8477788430808565,0.868564506359782,0.8747529644268774,359,149,153,0.7855153203342619,0.7913231064237776,0.7445652173913043,"{""y0_a0"": {""n"": 184, ""accuracy"": 0.7445652173913043}, ""y0_a1"": {""n"": 26, ""accuracy"": 0.8461538461538461}, ""y1_a0"": {""n"": 22, ""accuracy"": 0.9090909090909091}, ""y1_a1"": {""n"": 127, ""accuracy"": 0.8110236220472441}}",0.4860488850194944
corr,transplant,dinov2_b14_518,mask,0.0,42,test_rev,0.8478108021732181,0.8157894736842105,0.8524647887323944,359,149,197,0.7855153203342619,0.7913231064237776,0.7142857142857143,"{""y0_a0"": {""n"": 20, ""accuracy"": 0.75}, ""y0_a1"": {""n"": 190, ""accuracy"": 0.7578947368421053}, ""y1_a0"": {""n"": 142, ""accuracy"": 0.8309859154929577}, ""y1_a1"": {""n"": 7, ""accuracy"": 0.7142857142857143}}",0.4860488850194944
corr,transplant,dinov2_b14_518,inpaint,0.0,42,clean,0.777788430808565,,0.777788430808565,359,149,0,0.7019498607242339,0.6887024608501119,,"{""y0_a0"": {""n"": 210, ""accuracy"": 0.7666666666666667}, ""y0_a1"": {""n"": 0, ""accuracy"": NaN}, ""y1_a0"": {""n"": 149, ""accuracy"": 0.610738255033557}, ""y1_a1"": {""n"": 0, ""accuracy"": NaN}}",0.5409615766264833
corr,transplant,dinov2_b14_518,inpaint,0.0,42,test_corr,0.7808565036752957,0.8682616596002423,0.7581521739130435,359,149,153,0.7103064066852368,0.6987695749440717,0.5909090909090909,"{""y0_a0"": {""n"": 184, ""accuracy"": 0.7445652173913043}, ""y0_a1"": {""n"": 26, ""accuracy"": 0.9230769230769231}, ""y1_a0"": {""n"": 22, ""accuracy"": 0.5909090909090909}, ""y1_a1"": {""n"": 127, ""accuracy"": 0.6377952755905512}}",0.5409615766264833
corr,transplant,dinov2_b14_518,inpaint,0.0,42,test_rev,0.7736976669862575,0.8015037593984962,0.6852112676056338,359,149,197,0.6963788300835655,0.683940556088207,0.5714285714285714,"{""y0_a0"": {""n"": 20, ""accuracy"": 0.7}, ""y0_a1"": {""n"": 190, ""accuracy"": 0.7631578947368421}, ""y1_a0"": {""n"": 142, ""accuracy"": 0.6126760563380281}, ""y1_a1"": {""n"": 7, ""accuracy"": 0.5714285714285714}}",0.5409615766264833
corr,transplant,dinov2_b14_518,balanced,0.0,42,clean,0.7664109939277723,,0.7664109939277723,359,149,0,0.6713091922005571,0.6342441674656439,,"{""y0_a0"": {""n"": 210, ""accuracy"": 0.8523809523809524}, ""y0_a1"": {""n"": 0, ""accuracy"": NaN}, ""y1_a0"": {""n"": 149, ""accuracy"": 0.4161073825503356}, ""y1_a1"": {""n"": 0, ""accuracy"": NaN}}",0.6077040598372114
corr,transplant,dinov2_b14_518,balanced,0.0,42,test_corr,0.7776925535314798,0.8158691701998788,0.7487648221343873,359,149,153,0.6880222841225627,0.6534036433365292,0.4090909090909091,"{""y0_a0"": {""n"": 184, ""accuracy"": 0.8369565217391305}, ""y0_a1"": {""n"": 26, ""accuracy"": 1.0}, ""y1_a0"": {""n"": 22, ""accuracy"": 0.4090909090909091}, ""y1_a1"": {""n"": 127, ""accuracy"": 0.4566929133858268}}",0.6077040598372114
corr,transplant,dinov2_b14_518,balanced,0.0,42,test_rev,0.7442953020134229,0.7233082706766918,0.6778169014084506,359,149,197,0.6740947075208914,0.6375998721636306,0.4225352112676056,"{""y0_a0"": {""n"": 20, ""accuracy"": 0.75}, ""y0_a1"": {""n"": 190, ""accuracy"": 0.8631578947368421}, ""y1_a0"": {""n"": 142, ""accuracy"": 0.4225352112676056}, ""y1_a1"": {""n"": 7, ""accuracy"": 0.42857142857142855}}",0.6077040598372114
corr,transplant,dinov2_b14_518,dfr,0.0,42,clean,0.6966762543943752,,0.6966762543943752,359,149,0,0.6434540389972145,0.644550974752317,,"{""y0_a0"": {""n"": 210, ""accuracy"": 0.638095238095238}, ""y0_a1"": {""n"": 0, ""accuracy"": NaN}, ""y1_a0"": {""n"": 149, ""accuracy"": 0.6510067114093959}, ""y1_a1"": {""n"": 0, ""accuracy"": NaN}}",0.5039248782453059
corr,transplant,dinov2_b14_518,dfr,0.0,42,test_corr,0.6890699904122722,0.7201695941853422,0.6647727272727273,359,149,153,0.6518105849582173,0.6536433365292427,0.5454545454545454,"{""y0_a0"": {""n"": 184, ""accuracy"": 0.6358695652173914}, ""y0_a1"": {""n"": 26, ""accuracy"": 0.6923076923076923}, ""y1_a0"": {""n"": 22, ""accuracy"": 0.5454545454545454}, ""y1_a1"": {""n"": 127, ""accuracy"": 0.6850393700787402}}",0.5039248782453059
corr,transplant,dinov2_b14_518,dfr,0.0,42,test_rev,0.7067753275806967,0.6684210526315789,0.6577464788732394,359,149,197,0.6545961002785515,0.6550495365931608,0.5714285714285714,"{""y0_a0"": {""n"": 20, ""accuracy"": 0.6}, ""y0_a1"": {""n"": 190, ""accuracy"": 0.6578947368421053}, ""y1_a0"": {""n"": 142, ""accuracy"": 0.6619718309859155}, ""y1_a1"": {""n"": 7, ""accuracy"": 0.5714285714285714}}",0.5039248782453059
corr,transplant,dinov2_b14_518,erm,0.0,123,clean,0.7249920102269096,,0.7249920102269096,359,149,0,0.6740947075208914,0.6668424416746564,,"{""y0_a0"": {""n"": 210, ""accuracy"": 0.7095238095238096}, ""y0_a1"": {""n"": 0, ""accuracy"": NaN}, ""y1_a0"": {""n"": 149, ""accuracy"": 0.6241610738255033}, ""y1_a1"": {""n"": 0, ""accuracy"": NaN}}",0.40931922081002026
corr,transplant,dinov2_b14_518,erm,0.0,123,test_corr,0.8674656439757111,0.7044105173876166,0.7436342592592593,359,149,149,0.7715877437325905,0.7920901246404601,0.2222222222222222,"{""y0_a0"": {""n"": 192, ""accuracy"": 0.7135416666666666}, ""y0_a1"": {""n"": 18, ""accuracy"": 0.2222222222222222}, ""y1_a0"": {""n"": 18, ""accuracy"": 0.6666666666666666}, ""y1_a1"": {""n"": 131, ""accuracy"": 0.9465648854961832}}",0.40931922081002026
corr,transplant,dinov2_b14_518,erm,0.0,123,test_rev,0.4812719718759987,0.6544597534445251,0.7806267806267807,359,149,211,0.48467966573816157,0.5078619367209971,0.3401015228426396,"{""y0_a0"": {""n"": 13, ""accuracy"": 0.8461538461538461}, ""y0_a1"": {""n"": 197, ""accuracy"": 0.3401015228426396}, ""y1_a0"": {""n"": 135, ""accuracy"": 0.6222222222222222}, ""y1_a1"": {""n"": 14, ""accuracy"": 0.8571428571428571}}",0.40931922081002026
corr,transplant,dinov2_b14_518,mask,0.0,123,clean,0.8477788430808565,,0.8477788430808565,359,149,0,0.7855153203342619,0.7913231064237776,,"{""y0_a0"": {""n"": 210, ""accuracy"": 0.7571428571428571}, ""y0_a1"": {""n"": 0, ""accuracy"": NaN}, ""y1_a0"": {""n"": 149, ""accuracy"": 0.825503355704698}, ""y1_a1"": {""n"": 0, ""accuracy"": NaN}}",0.48606994365115513
corr,transplant,dinov2_b14_518,mask,0.0,123,test_corr,0.8477788430808565,0.916030534351145,0.782986111111111,359,149,149,0.7855153203342619,0.7913231064237776,0.7447916666666666,"{""y0_a0"": {""n"": 192, ""accuracy"": 0.7447916666666666}, ""y0_a1"": {""n"": 18, ""accuracy"": 0.8888888888888888}, ""y1_a0"": {""n"": 18, ""accuracy"": 0.7777777777777778}, ""y1_a1"": {""n"": 131, ""accuracy"": 0.8320610687022901}}",0.48606994365115513
corr,transplant,dinov2_b14_518,mask,0.0,123,test_rev,0.8478108021732181,0.7915155910079767,0.7635327635327634,359,149,211,0.7855153203342619,0.7913231064237776,0.6923076923076923,"{""y0_a0"": {""n"": 13, ""accuracy"": 0.6923076923076923}, ""y0_a1"": {""n"": 197, ""accuracy"": 0.7614213197969543}, ""y1_a0"": {""n"": 135, ""accuracy"": 0.837037037037037}, ""y1_a1"": {""n"": 14, ""accuracy"": 0.7142857142857143}}",0.48606994365115513
corr,transplant,dinov2_b14_518,inpaint,0.0,123,clean,0.7780121444550974,,0.7780121444550974,359,149,0,0.7075208913649025,0.7061361457334612,,"{""y0_a0"": {""n"": 210, ""accuracy"": 0.7142857142857143}, ""y0_a1"": {""n"": 0, ""accuracy"": NaN}, ""y1_a0"": {""n"": 149, ""accuracy"": 0.697986577181208}, ""y1_a1"": {""n"": 0, ""accuracy"": NaN}}",0.5000731996934671
corr,transplant,dinov2_b14_518,inpaint,0.0,123,test_corr,0.7822946628315754,0.7642069550466497,0.7563657407407407,359,149,149,0.7158774373259053,0.7162032598274208,0.7083333333333334,"{""y0_a0"": {""n"": 192, ""accuracy"": 0.7083333333333334}, ""y0_a1"": {""n"": 18, ""accuracy"": 0.7777777777777778}, ""y1_a0"": {""n"": 18, ""accuracy"": 0.7222222222222222}, ""y1_a1"": {""n"": 131, ""accuracy"": 0.7175572519083969}}",0.5000731996934671
corr,transplant,dinov2_b14_518,inpaint,0.0,123,test_rev,0.7751997443272611,0.7229876722262509,0.8387464387464387,359,149,211,0.7075208913649025,0.7061361457334612,0.6923076923076923,"{""y0_a0"": {""n"": 13, ""accuracy"": 0.6923076923076923}, ""y0_a1"": {""n"": 197, ""accuracy"": 0.7157360406091371}, ""y1_a0"": {""n"": 135, ""accuracy"": 0.6962962962962963}, ""y1_a1"": {""n"": 14, ""accuracy"": 0.7142857142857143}}",0.5000731996934671
corr,transplant,dinov2_b14_518,balanced,0.0,123,clean,0.7511665068712048,,0.7511665068712048,359,149,0,0.6880222841225627,0.6865452221156919,,"{""y0_a0"": {""n"": 210, ""accuracy"": 0.6952380952380952}, ""y0_a1"": {""n"": 0, ""accuracy"": NaN}, ""y1_a0"": {""n"": 149, ""accuracy"": 0.6778523489932886}, ""y1_a1"": {""n"": 0, ""accuracy"": NaN}}",0.4849559084323143
corr,transplant,dinov2_b14_518,balanced,0.0,123,test_corr,0.7536593160754235,0.7201017811704835,0.7219328703703703,359,149,149,0.6713091922005571,0.6673857462448066,0.5,"{""y0_a0"": {""n"": 192, ""accuracy"": 0.6927083333333334}, ""y0_a1"": {""n"": 18, ""accuracy"": 0.6666666666666666}, ""y1_a0"": {""n"": 18, ""accuracy"": 0.5}, ""y1_a1"": {""n"": 131, ""accuracy"": 0.6641221374045801}}",0.4849559084323143
corr,transplant,dinov2_b14_518,balanced,0.0,123,test_rev,0.7421540428251837,0.6954314720812182,0.7880341880341879,359,149,211,0.6824512534818942,0.680808565036753,0.5714285714285714,"{""y0_a0"": {""n"": 13, ""accuracy"": 0.6923076923076923}, ""y0_a1"": {""n"": 197, ""accuracy"": 0.6903553299492385}, ""y1_a0"": {""n"": 135, ""accuracy"": 0.6814814814814815}, ""y1_a1"": {""n"": 14, ""accuracy"": 0.5714285714285714}}",0.4849559084323143
corr,transplant,dinov2_b14_518,dfr,0.0,123,clean,0.7178970917225951,,0.7178970917225951,359,149,0,0.6323119777158774,0.6311281559603708,,"{""y0_a0"": {""n"": 210, ""accuracy"": 0.638095238095238}, ""y0_a1"": {""n"": 0, ""accuracy"": NaN}, ""y1_a0"": {""n"": 149, ""accuracy"": 0.6241610738255033}, ""y1_a1"": {""n"": 0, ""accuracy"": NaN}}",0.5228840252121544
corr,transplant,dinov2_b14_518,dfr,0.0,123,test_corr,0.7142217961009909,0.6887192536047497,0.6710069444444444,359,149,149,0.6323119777158774,0.6311281559603708,0.5555555555555556,"{""y0_a0"": {""n"": 192, ""accuracy"": 0.6458333333333334}, ""y0_a1"": {""n"": 18, ""accuracy"": 0.5555555555555556}, ""y1_a0"": {""n"": 18, ""accuracy"": 0.5555555555555556}, ""y1_a1"": {""n"": 131, ""accuracy"": 0.6335877862595419}}",0.5228840252121544
corr,transplant,dinov2_b14_518,dfr,0.0,123,test_rev,0.7251837647810803,0.6809282088469906,0.7202279202279203,359,149,211,0.6518105849582173,0.6487695749440716,0.5714285714285714,"{""y0_a0"": {""n"": 13, ""accuracy"": 0.6923076923076923}, ""y0_a1"": {""n"": 197, ""accuracy"": 0.6649746192893401}, ""y1_a0"": {""n"": 135, ""accuracy"": 0.6370370370370371}, ""y1_a1"": {""n"": 14, ""accuracy"": 0.5714285714285714}}",0.5228840252121544
corr,transplant,dinov2_b14_518,erm,0.0,456,clean,0.728795142217961,,0.728795142217961,359,149,0,0.6768802228412256,0.6740971556407798,,"{""y0_a0"": {""n"": 210, ""accuracy"": 0.6904761904761905}, ""y0_a1"": {""n"": 0, ""accuracy"": NaN}, ""y1_a0"": {""n"": 149, ""accuracy"": 0.6577181208053692}, ""y1_a1"": {""n"": 0, ""accuracy"": NaN}}",0.3928331340153559
corr,transplant,dinov2_b14_518,erm,0.0,456,test_corr,0.8665388302972196,0.7862679955703211,0.710969387755102,359,149,143,0.7576601671309192,0.7772611057845957,0.5,"{""y0_a0"": {""n"": 196, ""accuracy"": 0.673469387755102}, ""y0_a1"": {""n"": 14, ""accuracy"": 0.5}, ""y1_a0"": {""n"": 20, ""accuracy"": 0.55}, ""y1_a1"": {""n"": 129, ""accuracy"": 0.9457364341085271}}",0.3928331340153559
corr,transplant,dinov2_b14_518,erm,0.0,456,test_rev,0.5036752956216044,0.7125946969696969,0.7371175523349436,359,149,203,0.5069637883008357,0.5347075743048897,0.34375,"{""y0_a0"": {""n"": 18, ""accuracy"": 0.6666666666666666}, ""y0_a1"": {""n"": 192, ""accuracy"": 0.34375}, ""y1_a0"": {""n"": 138, ""accuracy"": 0.6811594202898551}, ""y1_a1"": {""n"": 11, ""accuracy"": 0.9090909090909091}}",0.3928331340153559
corr,transplant,dinov2_b14_518,mask,0.0,456,clean,0.8477788430808565,,0.8477788430808565,359,149,0,0.7855153203342619,0.7913231064237776,,"{""y0_a0"": {""n"": 210, ""accuracy"": 0.7571428571428571}, ""y0_a1"": {""n"": 0, ""accuracy"": NaN}, ""y1_a0"": {""n"": 149, ""accuracy"": 0.825503355704698}, ""y1_a1"": {""n"": 0, ""accuracy"": NaN}}",0.4860602514847177
corr,transplant,dinov2_b14_518,mask,0.0,456,test_corr,0.8477788430808565,0.9435215946843853,0.8262755102040816,359,149,143,0.7855153203342619,0.7913231064237776,0.7448979591836735,"{""y0_a0"": {""n"": 196, ""accuracy"": 0.7448979591836735}, ""y0_a1"": {""n"": 14, ""accuracy"": 0.9285714285714286}, ""y1_a0"": {""n"": 20, ""accuracy"": 0.8}, ""y1_a1"": {""n"": 129, ""accuracy"": 0.8294573643410853}}",0.4860602514847177
corr,transplant,dinov2_b14_518,mask,0.0,456,test_rev,0.8478108021732181,0.8035037878787878,0.8043478260869565,359,149,203,0.7855153203342619,0.7913231064237776,0.6666666666666666,"{""y0_a0"": {""n"": 18, ""accuracy"": 0.6666666666666666}, ""y0_a1"": {""n"": 192, ""accuracy"": 0.765625}, ""y1_a0"": {""n"": 138, ""accuracy"": 0.8333333333333334}, ""y1_a1"": {""n"": 11, ""accuracy"": 0.7272727272727273}}",0.4860602514847177
corr,transplant,dinov2_b14_518,inpaint,0.0,456,clean,0.777948226270374,,0.777948226270374,359,149,0,0.6991643454038997,0.6892457654202621,,"{""y0_a0"": {""n"": 210, ""accuracy"": 0.7476190476190476}, ""y0_a1"": {""n"": 0, ""accuracy"": NaN}, ""y1_a0"": {""n"": 149, ""accuracy"": 0.6308724832214765}, ""y1_a1"": {""n"": 0, ""accuracy"": NaN}}",0.525536552554721
corr,transplant,dinov2_b14_518,inpaint,0.0,456,test_corr,0.7814637264301694,0.8565891472868218,0.7627551020408163,359,149,143,0.7103064066852368,0.7026685842122085,0.6,"{""y0_a0"": {""n"": 196, ""accuracy"": 0.7397959183673469}, ""y0_a1"": {""n"": 14, ""accuracy"": 0.8571428571428571}, ""y1_a0"": {""n"": 20, ""accuracy"": 0.6}, ""y1_a1"": {""n"": 129, ""accuracy"": 0.6666666666666666}}",0.525536552554721
corr,transplant,dinov2_b14_518,inpaint,0.0,456,test_rev,0.7755193352508789,0.7807765151515151,0.7922705314009661,359,149,203,0.7019498607242339,0.6926014701182486,0.6363636363636364,"{""y0_a0"": {""n"": 18, ""accuracy"": 0.7222222222222222}, ""y0_a1"": {""n"": 192, ""accuracy"": 0.75}, ""y1_a0"": {""n"": 138, ""accuracy"": 0.6376811594202898}, ""y1_a1"": {""n"": 11, ""accuracy"": 0.6363636363636364}}",0.525536552554721
corr,transplant,dinov2_b14_518,balanced,0.0,456,clean,0.7663151166506871,,0.7663151166506871,359,149,0,0.7047353760445683,0.7037551933525088,,"{""y0_a0"": {""n"": 210, ""accuracy"": 0.7095238095238096}, ""y0_a1"": {""n"": 0, ""accuracy"": NaN}, ""y1_a0"": {""n"": 149, ""accuracy"": 0.697986577181208}, ""y1_a1"": {""n"": 0, ""accuracy"": NaN}}",0.4463354532585026
corr,transplant,dinov2_b14_518,balanced,0.0,456,test_corr,0.7977628635346756,0.8538205980066446,0.7775510204081633,359,149,143,0.7409470752089137,0.7473793544263343,0.6989795918367347,"{""y0_a0"": {""n"": 196, ""accuracy"": 0.6989795918367347}, ""y0_a1"": {""n"": 14, ""accuracy"": 0.8571428571428571}, ""y1_a0"": {""n"": 20, ""accuracy"": 0.75}, ""y1_a1"": {""n"": 129, ""accuracy"": 0.7906976744186046}}",0.4463354532585026
corr,transplant,dinov2_b14_518,balanced,0.0,456,test_rev,0.7387663790348353,0.7902462121212122,0.7999194847020933,359,149,203,0.6740947075208914,0.6785394694790667,0.6458333333333334,"{""y0_a0"": {""n"": 18, ""accuracy"": 0.7222222222222222}, ""y0_a1"": {""n"": 192, ""accuracy"": 0.6458333333333334}, ""y1_a0"": {""n"": 138, ""accuracy"": 0.7028985507246377}, ""y1_a1"": {""n"": 11, ""accuracy"": 0.7272727272727273}}",0.4463354532585026
corr,transplant,dinov2_b14_518,dfr,0.0,456,clean,0.7325982742090125,,0.7325982742090125,359,149,0,0.6713091922005571,0.6829817833173538,,"{""y0_a0"": {""n"": 210, ""accuracy"": 0.6142857142857143}, ""y0_a1"": {""n"": 0, ""accuracy"": NaN}, ""y1_a0"": {""n"": 149, ""accuracy"": 0.7516778523489933}, ""y1_a1"": {""n"": 0, ""accuracy"": NaN}}",0.4901853633066682
corr,transplant,dinov2_b14_518,dfr,0.0,456,test_corr,0.7217961009907319,0.8272425249169435,0.7255102040816326,359,149,143,0.6685236768802229,0.6776765739852988,0.6122448979591837,"{""y0_a0"": {""n"": 196, ""accuracy"": 0.6122448979591837}, ""y0_a1"": {""n"": 14, ""accuracy"": 0.7857142857142857}, ""y1_a0"": {""n"": 20, ""accuracy"": 0.7}, ""y1_a1"": {""n"": 129, ""accuracy"": 0.7364341085271318}}",0.4901853633066682
corr,transplant,dinov2_b14_518,dfr,0.0,456,test_rev,0.7435922019814637,0.7713068181818181,0.714170692431562,359,149,203,0.6963788300835655,0.708309364014062,0.5,"{""y0_a0"": {""n"": 18, ""accuracy"": 0.5}, ""y0_a1"": {""n"": 192, ""accuracy"": 0.6510416666666666}, ""y1_a0"": {""n"": 138, ""accuracy"": 0.7681159420289855}, ""y1_a1"": {""n"": 11, ""accuracy"": 0.9090909090909091}}",0.4901853633066682
corr,transplant,dinov2_b14_518,erm,0.0,789,clean,0.721061041866411,,0.721061041866411,359,149,0,0.6852367688022284,0.6763662511984659,,"{""y0_a0"": {""n"": 210, ""accuracy"": 0.7285714285714285}, ""y0_a1"": {""n"": 0, ""accuracy"": NaN}, ""y1_a0"": {""n"": 149, ""accuracy"": 0.6241610738255033}, ""y1_a1"": {""n"": 0, ""accuracy"": NaN}}",0.42450897781140357
corr,transplant,dinov2_b14_518,erm,0.0,789,test_corr,0.8593480345158199,0.7470049330514447,0.738563829787234,359,149,151,0.7827298050139275,0.7996644295302013,0.45454545454545453,"{""y0_a0"": {""n"": 188, ""accuracy"": 0.7287234042553191}, ""y0_a1"": {""n"": 22, ""accuracy"": 0.45454545454545453}, ""y1_a0"": {""n"": 20, ""accuracy"": 0.65}, ""y1_a1"": {""n"": 129, ""accuracy"": 0.937984496124031}}",0.42450897781140357
corr,transplant,dinov2_b14_518,erm,0.0,789,test_rev,0.49095557686161706,0.7392290249433107,0.7389770723104057,359,149,203,0.5153203342618384,0.536976669862576,0.37037037037037035,"{""y0_a0"": {""n"": 21, ""accuracy"": 0.7619047619047619}, ""y0_a1"": {""n"": 189, ""accuracy"": 0.37037037037037035}, ""y1_a0"": {""n"": 135, ""accuracy"": 0.6296296296296297}, ""y1_a1"": {""n"": 14, ""accuracy"": 1.0}}",0.42450897781140357
corr,transplant,dinov2_b14_518,mask,0.0,789,clean,0.8477788430808565,,0.8477788430808565,359,149,0,0.7855153203342619,0.7913231064237776,,"{""y0_a0"": {""n"": 210, ""accuracy"": 0.7571428571428571}, ""y0_a1"": {""n"": 0, ""accuracy"": NaN}, ""y1_a0"": {""n"": 149, ""accuracy"": 0.825503355704698}, ""y1_a1"": {""n"": 0, ""accuracy"": NaN}}",0.4860853119526253
corr,transplant,dinov2_b14_518,mask,0.0,789,test_corr,0.8477788430808565,0.864693446088795,0.8186170212765957,359,149,151,0.7855153203342619,0.7913231064237776,0.7272727272727273,"{""y0_a0"": {""n"": 188, ""accuracy"": 0.7606382978723404}, ""y0_a1"": {""n"": 22, ""accuracy"": 0.7272727272727273}, ""y1_a0"": {""n"": 20, ""accuracy"": 0.8}, ""y1_a1"": {""n"": 129, ""accuracy"": 0.8294573643410853}}",0.4860853119526253
corr,transplant,dinov2_b14_518,mask,0.0,789,test_rev,0.8478108021732181,0.8185941043083901,0.8670194003527337,359,149,203,0.7855153203342619,0.7913231064237776,0.7513227513227513,"{""y0_a0"": {""n"": 21, ""accuracy"": 0.8095238095238095}, ""y0_a1"": {""n"": 189, ""accuracy"": 0.7513227513227513}, ""y1_a0"": {""n"": 135, ""accuracy"": 0.8296296296296296}, ""y1_a1"": {""n"": 14, ""accuracy"": 0.7857142857142857}}",0.4860853119526253
corr,transplant,dinov2_b14_518,inpaint,0.0,789,clean,0.778076062639821,,0.778076062639821,359,149,0,0.7047353760445683,0.6910834132310643,,"{""y0_a0"": {""n"": 210, ""accuracy"": 0.7714285714285715}, ""y0_a1"": {""n"": 0, ""accuracy"": NaN}, ""y1_a0"": {""n"": 149, ""accuracy"": 0.610738255033557}, ""y1_a1"": {""n"": 0, ""accuracy"": NaN}}",0.5400255242170138
corr,transplant,dinov2_b14_518,inpaint,0.0,789,test_corr,0.7840524129114733,0.7829457364341086,0.7856382978723404,359,149,151,0.713091922005571,0.701150527325024,0.6,"{""y0_a0"": {""n"": 188, ""accuracy"": 0.7712765957446809}, ""y0_a1"": {""n"": 22, ""accuracy"": 0.7727272727272727}, ""y1_a0"": {""n"": 20, ""accuracy"": 0.6}, ""y1_a1"": {""n"": 129, ""accuracy"": 0.6356589147286822}}",0.5400255242170138
corr,transplant,dinov2_b14_518,inpaint,0.0,789,test_rev,0.7744007670182167,0.8212396069538928,0.801058201058201,359,149,203,0.7019498607242339,0.6887024608501119,0.6,"{""y0_a0"": {""n"": 21, ""accuracy"": 0.8571428571428571}, ""y0_a1"": {""n"": 189, ""accuracy"": 0.7566137566137566}, ""y1_a0"": {""n"": 135, ""accuracy"": 0.6}, ""y1_a1"": {""n"": 14, ""accuracy"": 0.7142857142857143}}",0.5400255242170138
corr,transplant,dinov2_b14_518,balanced,0.0,789,clean,0.751581975071908,,0.751581975071908,359,149,0,0.6768802228412256,0.670198146372643,,"{""y0_a0"": {""n"": 210, ""accuracy"": 0.7095238095238096}, ""y0_a1"": {""n"": 0, ""accuracy"": NaN}, ""y1_a0"": {""n"": 149, ""accuracy"": 0.6308724832214765}, ""y1_a1"": {""n"": 0, ""accuracy"": NaN}}",0.48979681523584007
corr,transplant,dinov2_b14_518,balanced,0.0,789,test_corr,0.7766059443911792,0.7360817477096547,0.7287234042553191,359,149,151,0.6963788300835655,0.6946628315755833,0.6363636363636364,"{""y0_a0"": {""n"": 188, ""accuracy"": 0.7127659574468085}, ""y0_a1"": {""n"": 22, ""accuracy"": 0.6363636363636364}, ""y1_a0"": {""n"": 20, ""accuracy"": 0.7}, ""y1_a1"": {""n"": 129, ""accuracy"": 0.6821705426356589}}",0.48979681523584007
corr,transplant,dinov2_b14_518,balanced,0.0,789,test_rev,0.7266858421220838,0.7955404383975813,0.7633156966490301,359,149,203,0.6434540389972145,0.6426014701182486,0.6296296296296297,"{""y0_a0"": {""n"": 21, ""accuracy"": 0.7142857142857143}, ""y0_a1"": {""n"": 189, ""accuracy"": 0.6402116402116402}, ""y1_a0"": {""n"": 135, ""accuracy"": 0.6296296296296297}, ""y1_a1"": {""n"": 14, ""accuracy"": 0.7142857142857143}}",0.48979681523584007
corr,transplant,dinov2_b14_518,dfr,0.0,789,clean,0.7147331415787792,,0.7147331415787792,359,149,0,0.637883008356546,0.6436880792585491,,"{""y0_a0"": {""n"": 210, ""accuracy"": 0.6095238095238096}, ""y0_a1"": {""n"": 0, ""accuracy"": NaN}, ""y1_a0"": {""n"": 149, ""accuracy"": 0.6778523489932886}, ""y1_a1"": {""n"": 0, ""accuracy"": NaN}}",0.4909621532811482
corr,transplant,dinov2_b14_518,dfr,0.0,789,test_corr,0.6971236816874401,0.751937984496124,0.6720744680851064,359,149,151,0.6406685236768802,0.6480185362735698,0.5957446808510638,"{""y0_a0"": {""n"": 188, ""accuracy"": 0.5957446808510638}, ""y0_a1"": {""n"": 22, ""accuracy"": 0.6818181818181818}, ""y1_a0"": {""n"": 20, ""accuracy"": 0.6}, ""y1_a1"": {""n"": 129, ""accuracy"": 0.7054263565891473}}",0.4909621532811482
corr,transplant,dinov2_b14_518,dfr,0.0,789,test_rev,0.7225631192074147,0.7263794406651549,0.6786596119929453,359,149,203,0.649025069637883,0.655161393416427,0.5714285714285714,"{""y0_a0"": {""n"": 21, ""accuracy"": 0.5714285714285714}, ""y0_a1"": {""n"": 189, ""accuracy"": 0.6243386243386243}, ""y1_a0"": {""n"": 135, ""accuracy"": 0.6888888888888889}, ""y1_a1"": {""n"": 14, ""accuracy"": 0.7142857142857143}}",0.4909621532811482
corr,transplant,dinov2_b14_518,erm,0.0,2026,clean,0.708021732182806,,0.708021732182806,359,149,0,0.6713091922005571,0.6673857462448066,,"{""y0_a0"": {""n"": 210, ""accuracy"": 0.6904761904761905}, ""y0_a1"": {""n"": 0, ""accuracy"": NaN}, ""y1_a0"": {""n"": 149, ""accuracy"": 0.6442953020134228}, ""y1_a1"": {""n"": 0, ""accuracy"": NaN}}",0.3947361221387635
corr,transplant,dinov2_b14_518,erm,0.0,2026,test_corr,0.8701502077341003,0.5781089414182939,0.6826530612244899,359,149,153,0.7771587743732591,0.8007510386705017,0.0,"{""y0_a0"": {""n"": 196, ""accuracy"": 0.7091836734693877}, ""y0_a1"": {""n"": 14, ""accuracy"": 0.0}, ""y1_a0"": {""n"": 10, ""accuracy"": 0.6}, ""y1_a1"": {""n"": 139, ""accuracy"": 0.9640287769784173}}",0.3947361221387635
corr,transplant,dinov2_b14_518,erm,0.0,2026,test_rev,0.47516778523489933,0.6420515574650913,0.7302197802197803,359,149,215,0.49303621169916434,0.5218280600830937,0.32142857142857145,"{""y0_a0"": {""n"": 14, ""accuracy"": 0.7857142857142857}, ""y0_a1"": {""n"": 196, ""accuracy"": 0.32142857142857145}, ""y1_a0"": {""n"": 130, ""accuracy"": 0.6538461538461539}, ""y1_a1"": {""n"": 19, ""accuracy"": 0.9473684210526315}}",0.3947361221387635
corr,transplant,dinov2_b14_518,mask,0.0,2026,clean,0.8477788430808565,,0.8477788430808565,359,149,0,0.7855153203342619,0.7913231064237776,,"{""y0_a0"": {""n"": 210, ""accuracy"": 0.7571428571428571}, ""y0_a1"": {""n"": 0, ""accuracy"": NaN}, ""y1_a0"": {""n"": 149, ""accuracy"": 0.825503355704698}, ""y1_a1"": {""n"": 0, ""accuracy"": NaN}}",0.4860664780561147
corr,transplant,dinov2_b14_518,mask,0.0,2026,test_corr,0.8477788430808565,0.8751284686536486,0.8408163265306123,359,149,153,0.7855153203342619,0.7913231064237776,0.75,"{""y0_a0"": {""n"": 196, ""accuracy"": 0.75}, ""y0_a1"": {""n"": 14, ""accuracy"": 0.8571428571428571}, ""y1_a0"": {""n"": 10, ""accuracy"": 0.8}, ""y1_a1"": {""n"": 139, ""accuracy"": 0.8273381294964028}}",0.4860664780561147
corr,transplant,dinov2_b14_518,mask,0.0,2026,test_rev,0.8478108021732181,0.8786251342642319,0.787912087912088,359,149,215,0.7855153203342619,0.7913231064237776,0.7142857142857143,"{""y0_a0"": {""n"": 14, ""accuracy"": 0.7142857142857143}, ""y0_a1"": {""n"": 196, ""accuracy"": 0.7602040816326531}, ""y1_a0"": {""n"": 130, ""accuracy"": 0.8307692307692308}, ""y1_a1"": {""n"": 19, ""accuracy"": 0.7894736842105263}}",0.4860664780561147
corr,transplant,dinov2_b14_518,inpaint,0.0,2026,clean,0.7775966762543944,,0.7775966762543944,359,149,0,0.7075208913649025,0.7061361457334612,,"{""y0_a0"": {""n"": 210, ""accuracy"": 0.7142857142857143}, ""y0_a1"": {""n"": 0, ""accuracy"": NaN}, ""y1_a0"": {""n"": 149, ""accuracy"": 0.697986577181208}, ""y1_a1"": {""n"": 0, ""accuracy"": NaN}}",0.499341537281621
corr,transplant,dinov2_b14_518,inpaint,0.0,2026,test_corr,0.7845317992969,0.6675231243576568,0.8122448979591836,359,149,153,0.7186629526462396,0.7195589645254075,0.5714285714285714,"{""y0_a0"": {""n"": 196, ""accuracy"": 0.7244897959183674}, ""y0_a1"": {""n"": 14, ""accuracy"": 0.5714285714285714}, ""y1_a0"": {""n"": 10, ""accuracy"": 0.8}, ""y1_a1"": {""n"": 139, ""accuracy"": 0.7194244604316546}}",0.499341537281621
corr,transplant,dinov2_b14_518,inpaint,0.0,2026,test_rev,0.7730904442313838,0.7765843179377013,0.728021978021978,359,149,215,0.7075208913649025,0.7061361457334612,0.6428571428571429,"{""y0_a0"": {""n"": 14, ""accuracy"": 0.6428571428571429}, ""y0_a1"": {""n"": 196, ""accuracy"": 0.7193877551020408}, ""y1_a0"": {""n"": 130, ""accuracy"": 0.7}, ""y1_a1"": {""n"": 19, ""accuracy"": 0.6842105263157895}}",0.499341537281621
corr,transplant,dinov2_b14_518,balanced,0.0,2026,clean,0.6775966762543943,,0.6775966762543943,359,149,0,0.6044568245125348,0.5848993288590604,,"{""y0_a0"": {""n"": 210, ""accuracy"": 0.7}, ""y0_a1"": {""n"": 0, ""accuracy"": NaN}, ""y1_a0"": {""n"": 149, ""accuracy"": 0.4697986577181208}, ""y1_a1"": {""n"": 0, ""accuracy"": NaN}}",0.5214907450024743
corr,transplant,dinov2_b14_518,balanced,0.0,2026,test_corr,0.7231064237775648,0.5621788283658786,0.6392857142857142,359,149,153,0.6323119777158774,0.6194311281559604,0.5,"{""y0_a0"": {""n"": 196, ""accuracy"": 0.7091836734693877}, ""y0_a1"": {""n"": 14, ""accuracy"": 0.5}, ""y1_a0"": {""n"": 10, ""accuracy"": 0.5}, ""y1_a1"": {""n"": 139, ""accuracy"": 0.5467625899280576}}",0.5214907450024743
corr,transplant,dinov2_b14_518,balanced,0.0,2026,test_rev,0.6361137743688079,0.6616541353383458,0.6846153846153845,359,149,215,0.584958217270195,0.5692074145094279,0.47368421052631576,"{""y0_a0"": {""n"": 14, ""accuracy"": 0.7142857142857143}, ""y0_a1"": {""n"": 196, ""accuracy"": 0.6581632653061225}, ""y1_a0"": {""n"": 130, ""accuracy"": 0.47692307692307695}, ""y1_a1"": {""n"": 19, ""accuracy"": 0.47368421052631576}}",0.5214907450024743
corr,transplant,dinov2_b14_518,dfr,0.0,2026,clean,0.7316075423457974,,0.7316075423457974,359,149,0,0.6685236768802229,0.6650047938638542,,"{""y0_a0"": {""n"": 210, ""accuracy"": 0.6857142857142857}, ""y0_a1"": {""n"": 0, ""accuracy"": NaN}, ""y1_a0"": {""n"": 149, ""accuracy"": 0.6442953020134228}, ""y1_a1"": {""n"": 0, ""accuracy"": NaN}}",0.5339231064190018
corr,transplant,dinov2_b14_518,dfr,0.0,2026,test_corr,0.713902205177373,0.5750256937307296,0.7566326530612245,359,149,153,0.6545961002785515,0.6462767657398529,0.5,"{""y0_a0"": {""n"": 196, ""accuracy"": 0.7091836734693877}, ""y0_a1"": {""n"": 14, ""accuracy"": 0.5}, ""y1_a0"": {""n"": 10, ""accuracy"": 0.7}, ""y1_a1"": {""n"": 139, ""accuracy"": 0.5899280575539568}}",0.5339231064190018
corr,transplant,dinov2_b14_518,dfr,0.0,2026,test_rev,0.7517417705337168,0.7330827067669172,0.7247252747252747,359,149,215,0.6796657381615598,0.6716043464365612,0.5263157894736842,"{""y0_a0"": {""n"": 14, ""accuracy"": 0.6428571428571429}, ""y0_a1"": {""n"": 196, ""accuracy"": 0.7244897959183674}, ""y1_a0"": {""n"": 130, ""accuracy"": 0.6384615384615384}, ""y1_a1"": {""n"": 19, ""accuracy"": 0.5263157894736842}}",0.5339231064190018
corr,transplant,dinov2_b14_518,erm,1.0,42,clean,0.7171620325982744,,0.7171620325982744,359,149,0,0.6740947075208914,0.6785394694790667,,"{""y0_a0"": {""n"": 210, ""accuracy"": 0.6523809523809524}, ""y0_a1"": {""n"": 0, ""accuracy"": NaN}, ""y1_a0"": {""n"": 149, ""accuracy"": 0.7046979865771812}, ""y1_a1"": {""n"": 0, ""accuracy"": NaN}}",0.3686097071962992
corr,transplant,dinov2_b14_518,erm,1.0,42,test_corr,0.8432726110578459,0.7846759539672925,0.7151679841897234,359,149,153,0.7298050139275766,0.7583253435602428,0.34615384615384615,"{""y0_a0"": {""n"": 184, ""accuracy"": 0.625}, ""y0_a1"": {""n"": 26, ""accuracy"": 0.34615384615384615}, ""y1_a0"": {""n"": 22, ""accuracy"": 0.8181818181818182}, ""y1_a1"": {""n"": 127, ""accuracy"": 0.9448818897637795}}",0.3686097071962992
corr,transplant,dinov2_b14_518,erm,1.0,42,test_rev,0.4827420901246404,0.7902255639097744,0.5788732394366197,359,149,197,0.47075208913649025,0.5076542026206455,0.2789473684210526,"{""y0_a0"": {""n"": 20, ""accuracy"": 0.4}, ""y0_a1"": {""n"": 190, ""accuracy"": 0.2789473684210526}, ""y1_a0"": {""n"": 142, ""accuracy"": 0.7112676056338029}, ""y1_a1"": {""n"": 7, ""accuracy"": 1.0}}",0.3686097071962992
corr,transplant,dinov2_b14_518,mask,1.0,42,clean,0.7932246724193033,,0.7932246724193033,359,149,0,0.7186629526462396,0.737104506232023,,"{""y0_a0"": {""n"": 210, ""accuracy"": 0.6285714285714286}, ""y0_a1"": {""n"": 0, ""accuracy"": NaN}, ""y1_a0"": {""n"": 149, ""accuracy"": 0.8456375838926175}, ""y1_a1"": {""n"": 0, ""accuracy"": NaN}}",0.20682122048230628
corr,transplant,dinov2_b14_518,mask,1.0,42,test_corr,0.9059763502716524,0.8304058146577832,0.8127470355731226,359,149,153,0.7437325905292479,0.77607861936721,0.3076923076923077,"{""y0_a0"": {""n"": 184, ""accuracy"": 0.625}, ""y0_a1"": {""n"": 26, ""accuracy"": 0.3076923076923077}, ""y1_a0"": {""n"": 22, ""accuracy"": 0.8636363636363636}, ""y1_a1"": {""n"": 127, ""accuracy"": 0.984251968503937}}",0.20682122048230628
corr,transplant,dinov2_b14_518,mask,1.0,42,test_rev,0.5343240651965484,0.9150375939849624,0.7221830985915493,359,149,197,0.4986072423398329,0.5490092681367849,0.22631578947368422,"{""y0_a0"": {""n"": 20, ""accuracy"": 0.5}, ""y0_a1"": {""n"": 190, ""accuracy"": 0.22631578947368422}, ""y1_a0"": {""n"": 142, ""accuracy"": 0.8380281690140845}, ""y1_a1"": {""n"": 7, ""accuracy"": 1.0}}",0.20682122048230628
corr,transplant,dinov2_b14_518,inpaint,1.0,42,clean,0.7711409395973154,,0.7711409395973154,359,149,0,0.7047353760445683,0.6930329178651327,,"{""y0_a0"": {""n"": 210, ""accuracy"": 0.7619047619047619}, ""y0_a1"": {""n"": 0, ""accuracy"": NaN}, ""y1_a0"": {""n"": 149, ""accuracy"": 0.6241610738255033}, ""y1_a1"": {""n"": 0, ""accuracy"": NaN}}",0.5298236624460142
corr,transplant,dinov2_b14_518,inpaint,1.0,42,test_corr,0.7705976350271653,0.8407026044821321,0.750494071146245,359,149,153,0.6991643454038997,0.6872962607861937,0.5909090909090909,"{""y0_a0"": {""n"": 184, ""accuracy"": 0.75}, ""y0_a1"": {""n"": 26, ""accuracy"": 0.8076923076923077}, ""y1_a0"": {""n"": 22, ""accuracy"": 0.5909090909090909}, ""y1_a1"": {""n"": 127, ""accuracy"": 0.6220472440944882}}",0.5298236624460142
corr,transplant,dinov2_b14_518,inpaint,1.0,42,test_rev,0.7683604985618409,0.781203007518797,0.6788732394366197,359,149,197,0.6991643454038997,0.6882710131032279,0.42857142857142855,"{""y0_a0"": {""n"": 20, ""accuracy"": 0.7}, ""y0_a1"": {""n"": 190, ""accuracy"": 0.7578947368421053}, ""y1_a0"": {""n"": 142, ""accuracy"": 0.6338028169014085}, ""y1_a1"": {""n"": 7, ""accuracy"": 0.42857142857142855}}",0.5298236624460142
corr,transplant,dinov2_b14_518,balanced,1.0,42,clean,0.7654841802492809,,0.7654841802492809,359,149,0,0.6657381615598886,0.6372802812400128,,"{""y0_a0"": {""n"": 210, ""accuracy"": 0.8047619047619048}, ""y0_a1"": {""n"": 0, ""accuracy"": NaN}, ""y1_a0"": {""n"": 149, ""accuracy"": 0.4697986577181208}, ""y1_a1"": {""n"": 0, ""accuracy"": NaN}}",0.5703880316539774
corr,transplant,dinov2_b14_518,balanced,1.0,42,test_corr,0.7701821668264621,0.8104179285281647,0.7514822134387352,359,149,153,0.6852367688022284,0.6607702141259189,0.4090909090909091,"{""y0_a0"": {""n"": 184, ""accuracy"": 0.782608695652174}, ""y0_a1"": {""n"": 26, ""accuracy"": 0.9615384615384616}, ""y1_a0"": {""n"": 22, ""accuracy"": 0.4090909090909091}, ""y1_a1"": {""n"": 127, ""accuracy"": 0.5354330708661418}}",0.5703880316539774
corr,transplant,dinov2_b14_518,balanced,1.0,42,test_rev,0.7443272611057846,0.7353383458646616,0.6690140845070423,359,149,197,0.6713091922005571,0.6430169383189517,0.42857142857142855,"{""y0_a0"": {""n"": 20, ""accuracy"": 0.7}, ""y0_a1"": {""n"": 190, ""accuracy"": 0.8210526315789474}, ""y1_a0"": {""n"": 142, ""accuracy"": 0.4788732394366197}, ""y1_a1"": {""n"": 7, ""accuracy"": 0.42857142857142855}}",0.5703880316539774
corr,transplant,dinov2_b14_518,dfr,1.0,42,clean,0.6963886225631192,,0.6963886225631192,359,149,0,0.6518105849582173,0.6429210610418664,,"{""y0_a0"": {""n"": 210, ""accuracy"": 0.6952380952380952}, ""y0_a1"": {""n"": 0, ""accuracy"": NaN}, ""y1_a0"": {""n"": 149, ""accuracy"": 0.5906040268456376}, ""y1_a1"": {""n"": 0, ""accuracy"": NaN}}",0.5429668078965428
corr,transplant,dinov2_b14_518,dfr,1.0,42,test_corr,0.671780121444551,0.7271350696547546,0.6655138339920948,359,149,153,0.6295264623955432,0.6151006711409396,0.5,"{""y0_a0"": {""n"": 184, ""accuracy"": 0.6847826086956522}, ""y0_a1"": {""n"": 26, ""accuracy"": 0.8076923076923077}, ""y1_a0"": {""n"": 22, ""accuracy"": 0.5}, ""y1_a1"": {""n"": 127, ""accuracy"": 0.5354330708661418}}",0.5429668078965428
corr,transplant,dinov2_b14_518,dfr,1.0,42,test_rev,0.7158836689038032,0.662406015037594,0.6528169014084506,359,149,197,0.6713091922005571,0.6595877277085331,0.42857142857142855,"{""y0_a0"": {""n"": 20, ""accuracy"": 0.65}, ""y0_a1"": {""n"": 190, ""accuracy"": 0.7368421052631579}, ""y1_a0"": {""n"": 142, ""accuracy"": 0.5985915492957746}, ""y1_a1"": {""n"": 7, ""accuracy"": 0.42857142857142855}}",0.5429668078965428
corr,transplant,dinov2_b14_518,erm,1.0,123,clean,0.716778523489933,,0.716778523489933,359,149,0,0.6713091922005571,0.6664109939277725,,"{""y0_a0"": {""n"": 210, ""accuracy"": 0.6952380952380952}, ""y0_a1"": {""n"": 0, ""accuracy"": NaN}, ""y1_a0"": {""n"": 149, ""accuracy"": 0.6375838926174496}, ""y1_a1"": {""n"": 0, ""accuracy"": NaN}}",0.41844603499472927
corr,transplant,dinov2_b14_518,erm,1.0,123,test_corr,0.8504953659316076,0.6751484308736218,0.7294560185185185,359,149,149,0.7520891364902507,0.7715244487056567,0.2222222222222222,"{""y0_a0"": {""n"": 192, ""accuracy"": 0.6979166666666666}, ""y0_a1"": {""n"": 18, ""accuracy"": 0.2222222222222222}, ""y1_a0"": {""n"": 18, ""accuracy"": 0.7222222222222222}, ""y1_a1"": {""n"": 131, ""accuracy"": 0.9083969465648855}}",0.41844603499472927
corr,transplant,dinov2_b14_518,erm,1.0,123,test_rev,0.4876957494407159,0.6744017403915881,0.7834757834757835,359,149,211,0.49025069637883006,0.5155480984340045,0.3350253807106599,"{""y0_a0"": {""n"": 13, ""accuracy"": 0.8461538461538461}, ""y0_a1"": {""n"": 197, ""accuracy"": 0.3350253807106599}, ""y1_a0"": {""n"": 135, ""accuracy"": 0.6370370370370371}, ""y1_a1"": {""n"": 14, ""accuracy"": 0.9285714285714286}}",0.41844603499472927
corr,transplant,dinov2_b14_518,mask,1.0,123,clean,0.7795461808884628,,0.7795461808884628,359,149,0,0.6963788300835655,0.6829658037711729,,"{""y0_a0"": {""n"": 210, ""accuracy"": 0.7619047619047619}, ""y0_a1"": {""n"": 0, ""accuracy"": NaN}, ""y1_a0"": {""n"": 149, ""accuracy"": 0.6040268456375839}, ""y1_a1"": {""n"": 0, ""accuracy"": NaN}}",0.4430022110270373
corr,transplant,dinov2_b14_518,mask,1.0,123,test_corr,0.8893256631511666,0.8002544529262087,0.7120949074074074,359,149,149,0.7994428969359332,0.8129753914988814,0.4444444444444444,"{""y0_a0"": {""n"": 192, ""accuracy"": 0.7604166666666666}, ""y0_a1"": {""n"": 18, ""accuracy"": 0.4444444444444444}, ""y1_a0"": {""n"": 18, ""accuracy"": 0.4444444444444444}, ""y1_a1"": {""n"": 131, ""accuracy"": 0.9541984732824428}}",0.4430022110270373
corr,transplant,dinov2_b14_518,mask,1.0,123,test_rev,0.5837967401725791,0.7447425670775925,0.770940170940171,359,149,211,0.5459610027855153,0.5582933844678811,0.4720812182741117,"{""y0_a0"": {""n"": 13, ""accuracy"": 0.6923076923076923}, ""y0_a1"": {""n"": 197, ""accuracy"": 0.4720812182741117}, ""y1_a0"": {""n"": 135, ""accuracy"": 0.6074074074074074}, ""y1_a1"": {""n"": 14, ""accuracy"": 0.8571428571428571}}",0.4430022110270373
corr,transplant,dinov2_b14_518,inpaint,1.0,123,clean,0.7707254713966123,,0.7707254713966123,359,149,0,0.7019498607242339,0.6955257270693512,,"{""y0_a0"": {""n"": 210, ""accuracy"": 0.7333333333333333}, ""y0_a1"": {""n"": 0, ""accuracy"": NaN}, ""y1_a0"": {""n"": 149, ""accuracy"": 0.6577181208053692}, ""y1_a1"": {""n"": 0, ""accuracy"": NaN}}",0.5162319988555888
corr,transplant,dinov2_b14_518,inpaint,1.0,123,test_corr,0.7737935442633429,0.763782866836302,0.7404513888888888,359,149,149,0.6963788300835655,0.6888143176733781,0.6111111111111112,"{""y0_a0"": {""n"": 192, ""accuracy"": 0.734375}, ""y0_a1"": {""n"": 18, ""accuracy"": 0.7222222222222222}, ""y1_a0"": {""n"": 18, ""accuracy"": 0.6111111111111112}, ""y1_a1"": {""n"": 131, ""accuracy"": 0.648854961832061}}",0.5162319988555888
corr,transplant,dinov2_b14_518,inpaint,1.0,123,test_rev,0.7674017257909875,0.7142857142857143,0.8398860398860398,359,149,211,0.6991643454038997,0.6931447746883989,0.6518518518518519,"{""y0_a0"": {""n"": 13, ""accuracy"": 0.7692307692307693}, ""y0_a1"": {""n"": 197, ""accuracy"": 0.7258883248730964}, ""y1_a0"": {""n"": 135, ""accuracy"": 0.6518518518518519}, ""y1_a1"": {""n"": 14, ""accuracy"": 0.7142857142857143}}",0.5162319988555888
corr,transplant,dinov2_b14_518,balanced,1.0,123,clean,0.7505592841163311,,0.7505592841163311,359,149,0,0.6852367688022284,0.6831895174177054,,"{""y0_a0"": {""n"": 210, ""accuracy"": 0.6952380952380952}, ""y0_a1"": {""n"": 0, ""accuracy"": NaN}, ""y1_a0"": {""n"": 149, ""accuracy"": 0.6711409395973155}, ""y1_a1"": {""n"": 0, ""accuracy"": NaN}}",0.4841645289857883
corr,transplant,dinov2_b14_518,balanced,1.0,123,test_corr,0.7404282518376478,0.7162849872773538,0.7132523148148148,359,149,149,0.6685236768802229,0.6640300415468201,0.5,"{""y0_a0"": {""n"": 192, ""accuracy"": 0.6927083333333334}, ""y0_a1"": {""n"": 18, ""accuracy"": 0.6666666666666666}, ""y1_a0"": {""n"": 18, ""accuracy"": 0.5}, ""y1_a1"": {""n"": 131, ""accuracy"": 0.6564885496183206}}",0.4841645289857883
corr,transplant,dinov2_b14_518,balanced,1.0,123,test_rev,0.7541067433684884,0.7037708484408992,0.7954415954415954,359,149,211,0.6768802228412256,0.6740971556407798,0.5714285714285714,"{""y0_a0"": {""n"": 13, ""accuracy"": 0.6923076923076923}, ""y0_a1"": {""n"": 197, ""accuracy"": 0.6903553299492385}, ""y1_a0"": {""n"": 135, ""accuracy"": 0.6666666666666666}, ""y1_a1"": {""n"": 14, ""accuracy"": 0.5714285714285714}}",0.4841645289857883
corr,transplant,dinov2_b14_518,dfr,1.0,123,clean,0.7174816235218919,,0.7174816235218919,359,149,0,0.6406685236768802,0.6275487376158517,,"{""y0_a0"": {""n"": 210, ""accuracy"": 0.7047619047619048}, ""y0_a1"": {""n"": 0, ""accuracy"": NaN}, ""y1_a0"": {""n"": 149, ""accuracy"": 0.5503355704697986}, ""y1_a1"": {""n"": 0, ""accuracy"": NaN}}",0.5555960780455892
corr,transplant,dinov2_b14_518,dfr,1.0,123,test_corr,0.6995845317992969,0.7014418999151824,0.6666666666666667,359,149,149,0.6239554317548747,0.6064397571108981,0.5,"{""y0_a0"": {""n"": 192, ""accuracy"": 0.7083333333333334}, ""y0_a1"": {""n"": 18, ""accuracy"": 0.7222222222222222}, ""y1_a0"": {""n"": 18, ""accuracy"": 0.5}, ""y1_a1"": {""n"": 131, ""accuracy"": 0.5038167938931297}}",0.5555960780455892
corr,transplant,dinov2_b14_518,dfr,1.0,123,test_rev,0.7361457334611698,0.6794778825235678,0.7202279202279203,359,149,211,0.649025069637883,0.6327420901246404,0.35714285714285715,"{""y0_a0"": {""n"": 13, ""accuracy"": 0.6923076923076923}, ""y0_a1"": {""n"": 197, ""accuracy"": 0.7309644670050761}, ""y1_a0"": {""n"": 135, ""accuracy"": 0.5555555555555556}, ""y1_a1"": {""n"": 14, ""accuracy"": 0.35714285714285715}}",0.5555960780455892
corr,transplant,dinov2_b14_518,erm,1.0,456,clean,0.7183764781080217,,0.7183764781080217,359,149,0,0.6740947075208914,0.679514221796101,,"{""y0_a0"": {""n"": 210, ""accuracy"": 0.6476190476190476}, ""y0_a1"": {""n"": 0, ""accuracy"": NaN}, ""y1_a0"": {""n"": 149, ""accuracy"": 0.7114093959731543}, ""y1_a1"": {""n"": 0, ""accuracy"": NaN}}",0.36233231703967533
corr,transplant,dinov2_b14_518,erm,1.0,456,test_corr,0.8533077660594439,0.7696566998892581,0.7061224489795919,359,149,143,0.7353760445682451,0.7621124960051134,0.2857142857142857,"{""y0_a0"": {""n"": 196, ""accuracy"": 0.6275510204081632}, ""y0_a1"": {""n"": 14, ""accuracy"": 0.2857142857142857}, ""y1_a0"": {""n"": 20, ""accuracy"": 0.75}, ""y1_a1"": {""n"": 129, ""accuracy"": 0.9457364341085271}}",0.36233231703967533
corr,transplant,dinov2_b14_518,erm,1.0,456,test_rev,0.4962288271013104,0.671875,0.716988727858293,359,149,203,0.48467966573816157,0.5234579737935443,0.265625,"{""y0_a0"": {""n"": 18, ""accuracy"": 0.6111111111111112}, ""y0_a1"": {""n"": 192, ""accuracy"": 0.265625}, ""y1_a0"": {""n"": 138, ""accuracy"": 0.7318840579710145}, ""y1_a1"": {""n"": 11, ""accuracy"": 1.0}}",0.36233231703967533
corr,transplant,dinov2_b14_518,mask,1.0,456,clean,0.7862256311920741,,0.7862256311920741,359,149,0,0.7075208913649025,0.7246564397571109,,"{""y0_a0"": {""n"": 210, ""accuracy"": 0.6238095238095238}, ""y0_a1"": {""n"": 0, ""accuracy"": NaN}, ""y1_a0"": {""n"": 149, ""accuracy"": 0.825503355704698}, ""y1_a1"": {""n"": 0, ""accuracy"": NaN}}",0.34529795430416366
corr,transplant,dinov2_b14_518,mask,1.0,456,test_corr,0.8935123042505593,0.8305647840531561,0.7813775510204082,359,149,143,0.7381615598885793,0.7713167146053053,0.2857142857142857,"{""y0_a0"": {""n"": 196, ""accuracy"": 0.5969387755102041}, ""y0_a1"": {""n"": 14, ""accuracy"": 0.2857142857142857}, ""y1_a0"": {""n"": 20, ""accuracy"": 0.85}, ""y1_a1"": {""n"": 129, ""accuracy"": 0.9844961240310077}}",0.34529795430416366
corr,transplant,dinov2_b14_518,mask,1.0,456,test_rev,0.6004793863854267,0.8238636363636362,0.7194041867954911,359,149,203,0.5515320334261838,0.5952221156919144,0.3125,"{""y0_a0"": {""n"": 18, ""accuracy"": 0.6111111111111112}, ""y0_a1"": {""n"": 192, ""accuracy"": 0.3125}, ""y1_a0"": {""n"": 138, ""accuracy"": 0.8405797101449275}, ""y1_a1"": {""n"": 11, ""accuracy"": 1.0}}",0.34529795430416366
corr,transplant,dinov2_b14_518,inpaint,1.0,456,clean,0.7705337168424417,,0.7705337168424417,359,149,0,0.6963788300835655,0.6936880792585491,,"{""y0_a0"": {""n"": 210, ""accuracy"": 0.7095238095238096}, ""y0_a1"": {""n"": 0, ""accuracy"": NaN}, ""y1_a0"": {""n"": 149, ""accuracy"": 0.6778523489932886}, ""y1_a1"": {""n"": 0, ""accuracy"": NaN}}",0.4965991179001358
corr,transplant,dinov2_b14_518,inpaint,1.0,456,test_corr,0.7730584851390221,0.8648947951273532,0.7561224489795918,359,149,143,0.6991643454038997,0.6970437839565357,0.6,"{""y0_a0"": {""n"": 196, ""accuracy"": 0.7040816326530612}, ""y0_a1"": {""n"": 14, ""accuracy"": 0.7857142857142857}, ""y1_a0"": {""n"": 20, ""accuracy"": 0.6}, ""y1_a1"": {""n"": 129, ""accuracy"": 0.6976744186046512}}",0.4965991179001358
corr,transplant,dinov2_b14_518,inpaint,1.0,456,test_rev,0.7693512304250559,0.7741477272727273,0.788647342995169,359,149,203,0.6935933147632312,0.6913071268775968,0.6666666666666666,"{""y0_a0"": {""n"": 18, ""accuracy"": 0.6666666666666666}, ""y0_a1"": {""n"": 192, ""accuracy"": 0.7083333333333334}, ""y1_a0"": {""n"": 138, ""accuracy"": 0.6739130434782609}, ""y1_a1"": {""n"": 11, ""accuracy"": 0.7272727272727273}}",0.4965991179001358
corr,transplant,dinov2_b14_518,balanced,1.0,456,clean,0.762320230105465,,0.762320230105465,359,149,0,0.6935933147632312,0.7000798977309044,,"{""y0_a0"": {""n"": 210, ""accuracy"": 0.6619047619047619}, ""y0_a1"": {""n"": 0, ""accuracy"": NaN}, ""y1_a0"": {""n"": 149, ""accuracy"": 0.738255033557047}, ""y1_a1"": {""n"": 0, ""accuracy"": NaN}}",0.41977331131347795
corr,transplant,dinov2_b14_518,balanced,1.0,456,test_corr,0.7902844359220198,0.8394241417497231,0.7724489795918368,359,149,143,0.7158774373259053,0.7279002876318312,0.6530612244897959,"{""y0_a0"": {""n"": 196, ""accuracy"": 0.6530612244897959}, ""y0_a1"": {""n"": 14, ""accuracy"": 0.7142857142857143}, ""y1_a0"": {""n"": 20, ""accuracy"": 0.85}, ""y1_a1"": {""n"": 129, ""accuracy"": 0.7906976744186046}}",0.41977331131347795
corr,transplant,dinov2_b14_518,balanced,1.0,456,test_rev,0.7348673697666988,0.7826704545454546,0.7870370370370371,359,149,203,0.6657381615598886,0.678219878555449,0.5989583333333334,"{""y0_a0"": {""n"": 18, ""accuracy"": 0.6666666666666666}, ""y0_a1"": {""n"": 192, ""accuracy"": 0.5989583333333334}, ""y1_a0"": {""n"": 138, ""accuracy"": 0.7391304347826086}, ""y1_a1"": {""n"": 11, ""accuracy"": 0.9090909090909091}}",0.41977331131347795
corr,transplant,dinov2_b14_518,dfr,1.0,456,clean,0.7225631192074145,,0.7225631192074145,359,149,0,0.6518105849582173,0.6672898689677214,,"{""y0_a0"": {""n"": 210, ""accuracy"": 0.5761904761904761}, ""y0_a1"": {""n"": 0, ""accuracy"": NaN}, ""y1_a0"": {""n"": 149, ""accuracy"": 0.7583892617449665}, ""y1_a1"": {""n"": 0, ""accuracy"": NaN}}",0.4830119463583624
corr,transplant,dinov2_b14_518,dfr,1.0,456,test_corr,0.6921061041866411,0.8106312292358804,0.7196428571428571,359,149,143,0.6295264623955432,0.6394694790667945,0.5714285714285714,"{""y0_a0"": {""n"": 196, ""accuracy"": 0.5714285714285714}, ""y0_a1"": {""n"": 14, ""accuracy"": 0.7142857142857143}, ""y1_a0"": {""n"": 20, ""accuracy"": 0.75}, ""y1_a1"": {""n"": 129, ""accuracy"": 0.689922480620155}}",0.4830119463583624
corr,transplant,dinov2_b14_518,dfr,1.0,456,test_rev,0.752860338766379,0.765625,0.71256038647343,359,149,203,0.6824512534818942,0.6964046021093001,0.5,"{""y0_a0"": {""n"": 18, ""accuracy"": 0.5}, ""y0_a1"": {""n"": 192, ""accuracy"": 0.625}, ""y1_a0"": {""n"": 138, ""accuracy"": 0.7681159420289855}, ""y1_a1"": {""n"": 11, ""accuracy"": 0.9090909090909091}}",0.4830119463583624
corr,transplant,dinov2_b14_518,erm,1.0,789,clean,0.7124960051134548,,0.7124960051134548,359,149,0,0.6713091922005571,0.6732342601470118,,"{""y0_a0"": {""n"": 210, ""accuracy"": 0.6619047619047619}, ""y0_a1"": {""n"": 0, ""accuracy"": NaN}, ""y1_a0"": {""n"": 149, ""accuracy"": 0.6845637583892618}, ""y1_a1"": {""n"": 0, ""accuracy"": NaN}}",0.37993731256023555
corr,transplant,dinov2_b14_518,erm,1.0,789,test_corr,0.8405241291147333,0.704721634954193,0.7207446808510638,359,149,151,0.7409470752089137,0.7649248961329498,0.3181818181818182,"{""y0_a0"": {""n"": 188, ""accuracy"": 0.6595744680851063}, ""y0_a1"": {""n"": 22, ""accuracy"": 0.3181818181818182}, ""y1_a0"": {""n"": 20, ""accuracy"": 0.7}, ""y1_a1"": {""n"": 129, ""accuracy"": 0.937984496124031}}",0.37993731256023555
corr,transplant,dinov2_b14_518,erm,1.0,789,test_rev,0.4905720677532759,0.7207105064247921,0.7619047619047619,359,149,203,0.4986072423398329,0.5304889741131351,0.2962962962962963,"{""y0_a0"": {""n"": 21, ""accuracy"": 0.7619047619047619}, ""y0_a1"": {""n"": 189, ""accuracy"": 0.2962962962962963}, ""y1_a0"": {""n"": 135, ""accuracy"": 0.6888888888888889}, ""y1_a1"": {""n"": 14, ""accuracy"": 1.0}}",0.37993731256023555
corr,transplant,dinov2_b14_518,mask,1.0,789,clean,0.7861297539149887,,0.7861297539149887,359,149,0,0.7103064066852368,0.7348354106743369,,"{""y0_a0"": {""n"": 210, ""accuracy"": 0.5904761904761905}, ""y0_a1"": {""n"": 0, ""accuracy"": NaN}, ""y1_a0"": {""n"": 149, ""accuracy"": 0.8791946308724832}, ""y1_a1"": {""n"": 0, ""accuracy"": NaN}}",0.18435684175618777
corr,transplant,dinov2_b14_518,mask,1.0,789,test_corr,0.9071268775966763,0.857646229739253,0.7888297872340426,359,149,151,0.7381615598885793,0.7722914669223394,0.4090909090909091,"{""y0_a0"": {""n"": 188, ""accuracy"": 0.5904255319148937}, ""y0_a1"": {""n"": 22, ""accuracy"": 0.4090909090909091}, ""y1_a0"": {""n"": 20, ""accuracy"": 0.9}, ""y1_a1"": {""n"": 129, ""accuracy"": 0.9844961240310077}}",0.18435684175618777
corr,transplant,dinov2_b14_518,mask,1.0,789,test_rev,0.5504953659316075,0.7913832199546484,0.7834215167548502,359,149,203,0.5069637883008357,0.5629753914988814,0.18518518518518517,"{""y0_a0"": {""n"": 21, ""accuracy"": 0.6666666666666666}, ""y0_a1"": {""n"": 189, ""accuracy"": 0.18518518518518517}, ""y1_a0"": {""n"": 135, ""accuracy"": 0.8814814814814815}, ""y1_a1"": {""n"": 14, ""accuracy"": 1.0}}",0.18435684175618777
corr,transplant,dinov2_b14_518,inpaint,1.0,789,clean,0.769766698625759,,0.769766698625759,359,149,0,0.6991643454038997,0.6775487376158518,,"{""y0_a0"": {""n"": 210, ""accuracy"": 0.8047619047619048}, ""y0_a1"": {""n"": 0, ""accuracy"": NaN}, ""y1_a0"": {""n"": 149, ""accuracy"": 0.5503355704697986}, ""y1_a1"": {""n"": 0, ""accuracy"": NaN}}",0.5721499573794105
corr,transplant,dinov2_b14_518,inpaint,1.0,789,test_corr,0.7744966442953021,0.7818886539816773,0.7726063829787234,359,149,151,0.6908077994428969,0.667481623521892,0.5271317829457365,"{""y0_a0"": {""n"": 188, ""accuracy"": 0.8085106382978723}, ""y0_a1"": {""n"": 22, ""accuracy"": 0.7727272727272727}, ""y1_a0"": {""n"": 20, ""accuracy"": 0.55}, ""y1_a1"": {""n"": 129, ""accuracy"": 0.5271317829457365}}",0.5721499573794105
corr,transplant,dinov2_b14_518,inpaint,1.0,789,test_rev,0.7665068712048578,0.8167044595616024,0.7999999999999999,359,149,203,0.6963788300835655,0.6751677852348994,0.5407407407407407,"{""y0_a0"": {""n"": 21, ""accuracy"": 0.8571428571428571}, ""y0_a1"": {""n"": 189, ""accuracy"": 0.7936507936507936}, ""y1_a0"": {""n"": 135, ""accuracy"": 0.5407407407407407}, ""y1_a1"": {""n"": 14, ""accuracy"": 0.6428571428571429}}",0.5721499573794105
corr,transplant,dinov2_b14_518,balanced,1.0,789,clean,0.7465963566634708,,0.7465963566634708,359,149,0,0.6657381615598886,0.6665228507510387,,"{""y0_a0"": {""n"": 210, ""accuracy"": 0.6619047619047619}, ""y0_a1"": {""n"": 0, ""accuracy"": NaN}, ""y1_a0"": {""n"": 149, ""accuracy"": 0.6711409395973155}, ""y1_a1"": {""n"": 0, ""accuracy"": NaN}}",0.4575139730135693
corr,transplant,dinov2_b14_518,balanced,1.0,789,test_corr,0.7587727708533076,0.7255109231853418,0.7188829787234043,359,149,151,0.6824512534818942,0.6856823266219239,0.6363636363636364,"{""y0_a0"": {""n"": 188, ""accuracy"": 0.6702127659574468}, ""y0_a1"": {""n"": 22, ""accuracy"": 0.6363636363636364}, ""y1_a0"": {""n"": 20, ""accuracy"": 0.7}, ""y1_a1"": {""n"": 129, ""accuracy"": 0.7054263565891473}}",0.4575139730135693
corr,transplant,dinov2_b14_518,balanced,1.0,789,test_rev,0.7358900607222756,0.7883597883597884,0.7774250440917108,359,149,203,0.6462395543175488,0.6488814317673378,0.6243386243386243,"{""y0_a0"": {""n"": 21, ""accuracy"": 0.7142857142857143}, ""y0_a1"": {""n"": 189, ""accuracy"": 0.6243386243386243}, ""y1_a0"": {""n"": 135, ""accuracy"": 0.6592592592592592}, ""y1_a1"": {""n"": 14, ""accuracy"": 0.7142857142857143}}",0.4575139730135693
corr,transplant,dinov2_b14_518,dfr,1.0,789,clean,0.7121124960051135,,0.7121124960051135,359,149,0,0.6267409470752089,0.6507350591243208,,"{""y0_a0"": {""n"": 210, ""accuracy"": 0.5095238095238095}, ""y0_a1"": {""n"": 0, ""accuracy"": NaN}, ""y1_a0"": {""n"": 149, ""accuracy"": 0.7919463087248322}, ""y1_a1"": {""n"": 0, ""accuracy"": NaN}}",0.43531319975644445
corr,transplant,dinov2_b14_518,dfr,1.0,789,test_corr,0.6989773090444231,0.7484143763213531,0.673936170212766,359,149,151,0.6267409470752089,0.6507350591243208,0.4946808510638298,"{""y0_a0"": {""n"": 188, ""accuracy"": 0.4946808510638298}, ""y0_a1"": {""n"": 22, ""accuracy"": 0.6363636363636364}, ""y1_a0"": {""n"": 20, ""accuracy"": 0.7}, ""y1_a1"": {""n"": 129, ""accuracy"": 0.8062015503875969}}",0.43531319975644445
corr,transplant,dinov2_b14_518,dfr,1.0,789,test_rev,0.7187919463087249,0.7055933484504913,0.6835978835978835,359,149,203,0.6267409470752089,0.6507350591243208,0.47619047619047616,"{""y0_a0"": {""n"": 21, ""accuracy"": 0.47619047619047616}, ""y0_a1"": {""n"": 189, ""accuracy"": 0.5132275132275133}, ""y1_a0"": {""n"": 135, ""accuracy"": 0.7925925925925926}, ""y1_a1"": {""n"": 14, ""accuracy"": 0.7857142857142857}}",0.43531319975644445
corr,transplant,dinov2_b14_518,erm,1.0,2026,clean,0.6995206136145733,,0.6995206136145733,359,149,0,0.6462395543175488,0.6586289549376798,,"{""y0_a0"": {""n"": 210, ""accuracy"": 0.5857142857142857}, ""y0_a1"": {""n"": 0, ""accuracy"": NaN}, ""y1_a0"": {""n"": 149, ""accuracy"": 0.7315436241610739}, ""y1_a1"": {""n"": 0, ""accuracy"": NaN}}",0.32824447713312016
corr,transplant,dinov2_b14_518,erm,1.0,2026,test_corr,0.8610738255033558,0.5996916752312436,0.6857142857142857,359,149,153,0.7270194986072424,0.758868648130393,0.07142857142857142,"{""y0_a0"": {""n"": 196, ""accuracy"": 0.6071428571428571}, ""y0_a1"": {""n"": 14, ""accuracy"": 0.07142857142857142}, ""y1_a0"": {""n"": 10, ""accuracy"": 0.7}, ""y1_a1"": {""n"": 139, ""accuracy"": 0.9640287769784173}}",0.32824447713312016
corr,transplant,dinov2_b14_518,erm,1.0,2026,test_rev,0.47344199424736333,0.6635338345864662,0.7153846153846154,359,149,215,0.4623955431754875,0.508309364014062,0.2193877551020408,"{""y0_a0"": {""n"": 14, ""accuracy"": 0.5}, ""y0_a1"": {""n"": 196, ""accuracy"": 0.2193877551020408}, ""y1_a0"": {""n"": 130, ""accuracy"": 0.7538461538461538}, ""y1_a1"": {""n"": 19, ""accuracy"": 0.9473684210526315}}",0.32824447713312016
corr,transplant,dinov2_b14_518,mask,1.0,2026,clean,0.7870246085011185,,0.7870246085011185,359,149,0,0.713091922005571,0.7079737935442634,,"{""y0_a0"": {""n"": 210, ""accuracy"": 0.7380952380952381}, ""y0_a1"": {""n"": 0, ""accuracy"": NaN}, ""y1_a0"": {""n"": 149, ""accuracy"": 0.6778523489932886}, ""y1_a1"": {""n"": 0, ""accuracy"": NaN}}",0.3066618140722749
corr,transplant,dinov2_b14_518,mask,1.0,2026,test_corr,0.9191754554170661,0.7209660842754367,0.7729591836734695,359,149,153,0.8161559888579387,0.8370086289549377,0.14285714285714285,"{""y0_a0"": {""n"": 196, ""accuracy"": 0.7551020408163265}, ""y0_a1"": {""n"": 14, ""accuracy"": 0.14285714285714285}, ""y1_a0"": {""n"": 10, ""accuracy"": 0.7}, ""y1_a1"": {""n"": 139, ""accuracy"": 0.9784172661870504}}",0.3066618140722749
corr,transplant,dinov2_b14_518,mask,1.0,2026,test_rev,0.5135506551613934,0.8219656283566058,0.6461538461538462,359,149,215,0.4818941504178273,0.5132790028763183,0.3163265306122449,"{""y0_a0"": {""n"": 14, ""accuracy"": 0.5}, ""y0_a1"": {""n"": 196, ""accuracy"": 0.3163265306122449}, ""y1_a0"": {""n"": 130, ""accuracy"": 0.6692307692307692}, ""y1_a1"": {""n"": 19, ""accuracy"": 0.8947368421052632}}",0.3066618140722749
corr,transplant,dinov2_b14_518,inpaint,1.0,2026,clean,0.7697986577181208,,0.7697986577181208,359,149,0,0.6935933147632312,0.6942313838286993,,"{""y0_a0"": {""n"": 210, ""accuracy"": 0.6904761904761905}, ""y0_a1"": {""n"": 0, ""accuracy"": NaN}, ""y1_a0"": {""n"": 149, ""accuracy"": 0.697986577181208}, ""y1_a1"": {""n"": 0, ""accuracy"": NaN}}",0.48997247672425825
corr,transplant,dinov2_b14_518,inpaint,1.0,2026,test_corr,0.7730265260466602,0.6402877697841726,0.8086734693877551,359,149,153,0.6935933147632312,0.6942313838286993,0.5,"{""y0_a0"": {""n"": 196, ""accuracy"": 0.7040816326530612}, ""y0_a1"": {""n"": 14, ""accuracy"": 0.5}, ""y1_a0"": {""n"": 10, ""accuracy"": 0.8}, ""y1_a1"": {""n"": 139, ""accuracy"": 0.6906474820143885}}",0.48997247672425825
corr,transplant,dinov2_b14_518,inpaint,1.0,2026,test_rev,0.7659635666347075,0.7580558539205156,0.7164835164835165,359,149,215,0.6963788300835655,0.6966123362096517,0.6428571428571429,"{""y0_a0"": {""n"": 14, ""accuracy"": 0.6428571428571429}, ""y0_a1"": {""n"": 196, ""accuracy"": 0.6989795918367347}, ""y1_a0"": {""n"": 130, ""accuracy"": 0.7}, ""y1_a1"": {""n"": 19, ""accuracy"": 0.6842105263157895}}",0.48997247672425825
corr,transplant,dinov2_b14_518,balanced,1.0,2026,clean,0.6804729945669543,,0.6804729945669543,359,149,0,0.6183844011142061,0.5958293384467881,,"{""y0_a0"": {""n"": 210, ""accuracy"": 0.7285714285714285}, ""y0_a1"": {""n"": 0, ""accuracy"": NaN}, ""y1_a0"": {""n"": 149, ""accuracy"": 0.46308724832214765}, ""y1_a1"": {""n"": 0, ""accuracy"": NaN}}",0.5400306136474902
corr,transplant,dinov2_b14_518,balanced,1.0,2026,test_corr,0.7214125918823906,0.5940390544707091,0.6413265306122449,359,149,153,0.6350974930362117,0.6169383189517418,0.5,"{""y0_a0"": {""n"": 196, ""accuracy"": 0.7346938775510204}, ""y0_a1"": {""n"": 14, ""accuracy"": 0.5714285714285714}, ""y1_a0"": {""n"": 10, ""accuracy"": 0.5}, ""y1_a1"": {""n"": 139, ""accuracy"": 0.5107913669064749}}",0.5400306136474902
corr,transplant,dinov2_b14_518,balanced,1.0,2026,test_rev,0.651581975071908,0.6796455424274973,0.6862637362637363,359,149,215,0.5988857938718662,0.5791626717801215,0.42105263157894735,"{""y0_a0"": {""n"": 14, ""accuracy"": 0.7142857142857143}, ""y0_a1"": {""n"": 196, ""accuracy"": 0.6938775510204082}, ""y1_a0"": {""n"": 130, ""accuracy"": 0.46923076923076923}, ""y1_a1"": {""n"": 19, ""accuracy"": 0.42105263157894735}}",0.5400306136474902
corr,transplant,dinov2_b14_518,dfr,1.0,2026,clean,0.7263023330137424,,0.7263023330137424,359,149,0,0.649025069637883,0.6463886225631192,,"{""y0_a0"": {""n"": 210, ""accuracy"": 0.6619047619047619}, ""y0_a1"": {""n"": 0, ""accuracy"": NaN}, ""y1_a0"": {""n"": 149, ""accuracy"": 0.6308724832214765}, ""y1_a1"": {""n"": 0, ""accuracy"": NaN}}",0.5311906565307353
corr,transplant,dinov2_b14_518,dfr,1.0,2026,test_corr,0.6870885266858421,0.5431654676258992,0.7535714285714286,359,149,153,0.6295264623955432,0.6199744327261105,0.5,"{""y0_a0"": {""n"": 196, ""accuracy"": 0.6887755102040817}, ""y0_a1"": {""n"": 14, ""accuracy"": 0.5}, ""y1_a0"": {""n"": 10, ""accuracy"": 0.7}, ""y1_a1"": {""n"": 139, ""accuracy"": 0.5539568345323741}}",0.5311906565307353
corr,transplant,dinov2_b14_518,dfr,1.0,2026,test_rev,0.7588047299456695,0.7000537056928035,0.7225274725274726,359,149,215,0.6713091922005571,0.6615372323426014,0.47368421052631576,"{""y0_a0"": {""n"": 14, ""accuracy"": 0.6428571428571429}, ""y0_a1"": {""n"": 196, ""accuracy"": 0.7244897959183674}, ""y1_a0"": {""n"": 130, ""accuracy"": 0.6230769230769231}, ""y1_a1"": {""n"": 19, ""accuracy"": 0.47368421052631576}}",0.5311906565307353
