method,baseline,env,lo,hi,estimand,delta_mean_bootstrap,ci95_lo,ci95_hi,n_boot_valid,bootstrap_seed_clusters_per_rep,seed_delta_mean,seed_delta_sd,seed_deltas_json,ci_excludes_zero,p_boot_two_sided,estimator
mask,erm,test_rev,0.0,1.0,mean_seed_specific_interaction,0.4320127468298889,0.36180676418802893,0.5068243339062048,10000,3,0.4326518776279542,0.04606548421850912,"[0.3963462374945628, 0.48447150935189215, 0.4171378860374076]",True,0.0001,crossed cluster x image (Poisson) bootstrap
inpaint,erm,test_rev,0.0,1.0,mean_seed_specific_interaction,-0.09336056653416808,-0.1237791886017305,-0.06486019686855732,10000,3,-0.09346092503987241,0.010657547029686545,"[-0.08273162244454113, -0.09360591561548498, -0.10404523705959112]",True,0.0001,crossed cluster x image (Poisson) bootstrap
balanced,erm,test_rev,0.0,1.0,mean_seed_specific_interaction,-0.07580921616075595,-0.1060765434426163,-0.04836623291376238,10000,3,-0.07591706539074959,0.011228113612613827,"[-0.06837755545889512, -0.07055241409308394, -0.0888212266202697]",True,0.0001,crossed cluster x image (Poisson) bootstrap
dfr,erm,test_rev,0.0,1.0,mean_seed_specific_interaction,-0.08459283568613656,-0.12267183460491467,-0.05002257786542194,10000,3,-0.08490648107872979,0.02467282945106477,"[-0.06159199652022618, -0.08238364506307078, -0.11074380165289244]",True,0.0001,crossed cluster x image (Poisson) bootstrap
leace,erm,test_rev,0.0,1.0,mean_seed_specific_interaction,-0.09578800673642686,-0.128623982964658,-0.06569029073730302,10000,3,-0.0958967667101638,0.013646286215181179,"[-0.08281861678990865, -0.0948238364506307, -0.11004784688995206]",True,0.0001,crossed cluster x image (Poisson) bootstrap
umte_protect,erm,test_rev,0.0,1.0,mean_seed_specific_interaction,0.1316672915150969,0.007894348902556816,0.24302123270131226,10000,3,0.13107148035377705,0.11263407322351968,"[0.21200521966072206, 0.002435841670291483, 0.1787733797303176]",True,0.0396,crossed cluster x image (Poisson) bootstrap
umte_protect_balanced,erm,test_rev,0.0,1.0,mean_seed_specific_interaction,-0.12313703464759693,-0.1761645933014354,-0.06267794523513476,10000,3,-0.12353197042192256,0.04583017010160329,"[-0.07107438016528922, -0.15580687255328401, -0.14371465854719445]",True,0.0001,crossed cluster x image (Poisson) bootstrap
i2e,erm,test_rev,0.0,1.0,mean_seed_specific_interaction,-0.00929600491655737,-0.03902756515714879,0.019077230052967,10000,3,-0.009424387414817973,0.00929347742780608,"[-0.0008699434536754147, -0.008090474119182234, -0.01931274467159627]",False,0.5262,crossed cluster x image (Poisson) bootstrap
i2e_balanced,erm,test_rev,0.0,1.0,mean_seed_specific_interaction,-0.07598098020278948,-0.10629343351972663,-0.04703306658725125,10000,3,-0.07609105408148466,0.009569509799137017,"[-0.06872553284036542, -0.07264027838190507, -0.0869073510221835]",True,0.0001,crossed cluster x image (Poisson) bootstrap
i2e_rank1,erm,test_rev,0.0,1.0,mean_seed_specific_interaction,-0.006407060742075073,-0.026087108756546094,0.011987558771471892,10000,3,-0.00640858344207625,0.0035501083816854334,"[-0.0025228360156590024, -0.007220530665506708, -0.009482383645063042]",False,0.5054,crossed cluster x image (Poisson) bootstrap
insert_aug,erm,test_rev,0.0,1.0,mean_seed_specific_interaction,-0.02055298812303318,-0.039352875820036846,-0.0035823938887976203,10000,3,-0.02073365231259966,0.010396582562676813,"[-0.00887342322749024, -0.025054371465854708, -0.02827316224445403]",True,0.0168,crossed cluster x image (Poisson) bootstrap
mte,erm,test_rev,0.0,1.0,mean_seed_specific_interaction,0.18167634598685745,0.11804477460432648,0.24655405875800618,10000,3,0.18202116862403947,0.019183255896623144,"[0.18051326663766853, 0.2019138755980861, 0.1636363636363637]",True,0.0001,crossed cluster x image (Poisson) bootstrap
mte_balanced,erm,test_rev,0.0,1.0,mean_seed_specific_interaction,-0.07991762057209433,-0.12897606255053062,-0.02891839838811625,10000,3,-0.08026678265912714,0.03513950622513536,"[-0.040104393214441036, -0.09534580252283603, -0.10535015224010436]",True,0.0022,crossed cluster x image (Poisson) bootstrap
ui2e,erm,test_rev,0.0,1.0,mean_seed_specific_interaction,-0.020381574754880123,-0.049460743734149944,0.007642845981683418,10000,3,-0.02044367116137445,0.010398280934421052,"[-0.009221400608960373, -0.0223575467594605, -0.02975206611570247]",False,0.1558,crossed cluster x image (Poisson) bootstrap
ui2e_balanced,erm,test_rev,0.0,1.0,mean_seed_specific_interaction,-0.08472216874369183,-0.11499214242399504,-0.05670569946779619,10000,3,-0.08487748296360736,0.009502050044825669,"[-0.07455415397999132, -0.08682035667681604, -0.09325793823401474]",True,0.0001,crossed cluster x image (Poisson) bootstrap
umte,erm,test_rev,0.0,1.0,mean_seed_specific_interaction,0.15591863174656403,0.09174581697123685,0.22020709439605637,10000,3,0.15621284616499928,0.018015252599294065,"[0.15293605915615482, 0.17564158329708573, 0.1400608960417573]",True,0.0001,crossed cluster x image (Poisson) bootstrap
umte_balanced,erm,test_rev,0.0,1.0,mean_seed_specific_interaction,-0.05281664622846501,-0.10826101464682256,0.0026846185675806593,10000,3,-0.053327533710308794,0.04421701018862326,"[-0.0033927794693344726, -0.06907351022183555, -0.08751631143975636]",False,0.0654,crossed cluster x image (Poisson) bootstrap
