key,estimate,ci95_lo,ci95_hi
trapA|mte_protect|mte|test_rev,0.39466521749353983,0.360596109362725,0.4292873741314992
trapA|mte_protect|mte|clean,0.1825899523572495,0.15770895275682592,0.20801157866088824
trapA|mte_protect|mask|test_rev,0.0025006782217283697,-0.014438123722313411,0.02054390417132412
trapA|mte_protect|mask|clean,-0.016425193770888157,-0.028246006398572075,-0.005704165259587748
trapA|mte_protect_balanced|mte_balanced|test_rev,0.17591830107354628,0.14007494465403605,0.21288325055299673
trapA|mte_protect_balanced|mte_balanced|clean,0.13549651567944251,0.10785650554230716,0.16271750693406106
trapB|mte_protect|mte|test_rev,0.1029472552910053,0.0745498168968869,0.132168047230096
trapB|mte_protect|mte|clean,0.07395114840361228,0.05368715753767376,0.09432701219247369
trapB|mte_protect|mask|test_rev,-0.019177827380952372,-0.03154518123031697,-0.0074623370255370094
trapB|mte_protect|mask|clean,-0.019840183460143667,-0.029481765874277543,-0.010778946579728365
trapB|mte_protect_balanced|mte_balanced|test_rev,0.08384796626984126,0.05588786470643482,0.1120122063379073
trapB|mte_protect_balanced|mte_balanced|clean,0.06764648368058027,0.04687556674997711,0.0885495559078549
