phase,artifact,backbone,method,overlap,seed,C,clean_val_auc,thr,k,energy_remaining_at_k,n_aug
corr,caliper,dinov2_b14_518,erm,0.0,42,10.0,0.8352223190932868,0.4832661880466327,,,
corr,caliper,dinov2_b14_518,mask,0.0,42,10.0,0.8387096774193549,0.6776360872308432,,,
corr,caliper,dinov2_b14_518,inpaint,0.0,42,10.0,0.8421970357454228,0.5082736842399023,,,
corr,caliper,dinov2_b14_518,balanced,0.0,42,10.0,0.8387096774193549,0.5217314751188116,,,
corr,caliper,dinov2_b14_518,dfr,0.0,42,10.0,0.8700959023539669,0.530550079942327,,,
corr,caliper,dinov2_b14_518,leace,0.0,42,10.0,0.8413251961639058,0.51152854772047,,,
corr,caliper,dinov2_b14_518,umte_protect,0.0,42,10.0,0.8221447253705318,0.6959080745094681,64.0,,
corr,caliper,dinov2_b14_518,umte_protect_balanced,0.0,42,10.0,0.8116826503923279,0.6879838901105632,64.0,,
corr,caliper,dinov2_b14_518,i2e,0.0,42,10.0,0.8395815170008718,0.5345318172898157,64.0,0.20864795819766035,
corr,caliper,dinov2_b14_518,i2e_balanced,0.0,42,10.0,0.8387096774193549,0.49618571798413263,64.0,0.20864795819766035,
corr,caliper,dinov2_b14_518,i2e_rank1,0.0,42,10.0,0.8404533565823887,0.4909965492050108,1.0,,
corr,caliper,dinov2_b14_518,insert_aug,0.0,42,1.0,0.84306887532694,0.5159185103436791,,,102.0
corr,caliper,dinov2_b14_518,mte,0.0,42,10.0,0.8526591107236269,0.6818109337013702,64.0,,
corr,caliper,dinov2_b14_518,mte_balanced,0.0,42,10.0,0.8404533565823888,0.39896791361550776,64.0,,
corr,caliper,dinov2_b14_518,ui2e,0.0,42,10.0,0.8544027898866607,0.5137413944629693,64.0,,
corr,caliper,dinov2_b14_518,ui2e_balanced,0.0,42,10.0,0.8387096774193549,0.48642007146020844,64.0,,
corr,caliper,dinov2_b14_518,umte,0.0,42,10.0,0.8596338273757629,0.596516531755424,64.0,,
corr,caliper,dinov2_b14_518,umte_balanced,0.0,42,10.0,0.8517872711421098,0.7038779356868605,64.0,,
corr,caliper,dinov2_b14_518,erm,0.0,123,10.0,0.8291194420226677,0.47889679407209773,,,
corr,caliper,dinov2_b14_518,mask,0.0,123,10.0,0.8387096774193549,0.6776360872308432,,,
corr,caliper,dinov2_b14_518,inpaint,0.0,123,10.0,0.8421970357454228,0.5082237461251035,,,
corr,caliper,dinov2_b14_518,balanced,0.0,123,10.0,0.8055797733217088,0.5731936692301157,,,
corr,caliper,dinov2_b14_518,dfr,0.0,123,10.0,0.9049694856146469,0.5116408905740508,,,
corr,caliper,dinov2_b14_518,leace,0.0,123,10.0,0.8404533565823888,0.5075452856773451,,,
corr,caliper,dinov2_b14_518,umte_protect,0.0,123,10.0,0.8299912816041849,0.6917099027326311,64.0,,
corr,caliper,dinov2_b14_518,umte_protect_balanced,0.0,123,10.0,0.8108108108108109,0.7339356709613937,64.0,,
corr,caliper,dinov2_b14_518,i2e,0.0,123,10.0,0.8404533565823888,0.533406329800436,64.0,0.19900185079239874,
corr,caliper,dinov2_b14_518,i2e_balanced,0.0,123,10.0,0.8038360941586749,0.5244372614502364,64.0,0.19900185079239874,
corr,caliper,dinov2_b14_518,i2e_rank1,0.0,123,10.0,0.8352223190932868,0.48863686719919913,1.0,,
corr,caliper,dinov2_b14_518,insert_aug,0.0,123,10.0,0.8465562336530078,0.5124990841975641,,,129.0
corr,caliper,dinov2_b14_518,mte,0.0,123,10.0,0.8526591107236269,0.6818109337013702,64.0,,
corr,caliper,dinov2_b14_518,mte_balanced,0.0,123,10.0,0.8526591107236269,0.6925352398251673,64.0,,
corr,caliper,dinov2_b14_518,ui2e,0.0,123,10.0,0.8535309503051439,0.5154513083590381,64.0,,
corr,caliper,dinov2_b14_518,ui2e_balanced,0.0,123,10.0,0.8125544899738448,0.4966047284670556,64.0,,
corr,caliper,dinov2_b14_518,umte,0.0,123,10.0,0.8596338273757629,0.596516531755424,64.0,,
corr,caliper,dinov2_b14_518,umte_balanced,0.0,123,10.0,0.8596338273757629,0.6734299139674889,64.0,,
corr,caliper,dinov2_b14_518,erm,0.0,456,10.0,0.8378378378378379,0.47611436354438136,,,
corr,caliper,dinov2_b14_518,mask,0.0,456,10.0,0.8387096774193549,0.6776360872308432,,,
corr,caliper,dinov2_b14_518,inpaint,0.0,456,10.0,0.8421970357454228,0.5085932178557419,,,
corr,caliper,dinov2_b14_518,balanced,0.0,456,10.0,0.8456843940714909,0.5059487314484437,,,
corr,caliper,dinov2_b14_518,dfr,0.0,456,10.0,0.9075850043591979,0.5185498161761118,,,
corr,caliper,dinov2_b14_518,leace,0.0,456,10.0,0.8395815170008718,0.5110566589918771,,,
corr,caliper,dinov2_b14_518,umte_protect,0.0,456,10.0,0.8186573670444638,0.6671941959916079,64.0,,
corr,caliper,dinov2_b14_518,umte_protect_balanced,0.0,456,10.0,0.7837837837837837,0.6325144877881608,64.0,,
corr,caliper,dinov2_b14_518,i2e,0.0,456,10.0,0.8387096774193548,0.5287215224603025,64.0,0.19943629665564688,
corr,caliper,dinov2_b14_518,i2e_balanced,0.0,456,10.0,0.8387096774193548,0.5186260517860661,64.0,0.19943629665564688,
corr,caliper,dinov2_b14_518,i2e_rank1,0.0,456,10.0,0.8430688753269399,0.5143423169352147,1.0,,
corr,caliper,dinov2_b14_518,insert_aug,0.0,456,10.0,0.8360941586748039,0.4990583167917925,,,108.0
corr,caliper,dinov2_b14_518,mte,0.0,456,10.0,0.8526591107236269,0.6818109337013702,64.0,,
corr,caliper,dinov2_b14_518,mte_balanced,0.0,456,10.0,0.8265039232781167,0.6132352216607688,64.0,,
corr,caliper,dinov2_b14_518,ui2e,0.0,456,10.0,0.8552746294681778,0.514463164367151,64.0,,
corr,caliper,dinov2_b14_518,ui2e_balanced,0.0,456,10.0,0.8526591107236268,0.5336752039024318,64.0,,
corr,caliper,dinov2_b14_518,umte,0.0,456,10.0,0.8596338273757629,0.596516531755424,64.0,,
corr,caliper,dinov2_b14_518,umte_balanced,0.0,456,10.0,0.8238884045335658,0.5675492180591041,64.0,,
corr,caliper,dinov2_b14_518,erm,0.25,42,10.0,0.8360941586748039,0.4744714711270299,,,
corr,caliper,dinov2_b14_518,mask,0.25,42,10.0,0.8334786399302528,0.5910923156958071,,,
corr,caliper,dinov2_b14_518,inpaint,0.25,42,10.0,0.8430688753269399,0.5083679890735012,,,
corr,caliper,dinov2_b14_518,balanced,0.25,42,10.0,0.8343504795117699,0.46690602524121344,,,
corr,caliper,dinov2_b14_518,dfr,0.25,42,10.0,0.8613775065387969,0.5404767462017791,,,
corr,caliper,dinov2_b14_518,leace,0.25,42,10.0,0.8413251961639059,0.5088041591039109,,,
corr,caliper,dinov2_b14_518,umte_protect,0.25,42,10.0,0.8195292066259808,0.5752755071316693,64.0,,
corr,caliper,dinov2_b14_518,umte_protect_balanced,0.25,42,10.0,0.8020924149956408,0.6962435726475523,64.0,,
corr,caliper,dinov2_b14_518,i2e,0.25,42,10.0,0.8395815170008718,0.5342682052933893,64.0,0.20864795819766035,
corr,caliper,dinov2_b14_518,i2e_balanced,0.25,42,10.0,0.8387096774193549,0.48622723145011165,64.0,0.20864795819766035,
corr,caliper,dinov2_b14_518,i2e_rank1,0.25,42,10.0,0.8317349607672189,0.4881318352942877,1.0,,
corr,caliper,dinov2_b14_518,insert_aug,0.25,42,1.0,0.8395815170008718,0.5154966427002138,,,102.0
corr,caliper,dinov2_b14_518,mte,0.25,42,10.0,0.8544027898866607,0.4954807899398407,64.0,,
corr,caliper,dinov2_b14_518,mte_balanced,0.25,42,10.0,0.8421970357454228,0.4145638842491617,64.0,,
corr,caliper,dinov2_b14_518,ui2e,0.25,42,0.01,0.8526591107236269,0.49992753261886425,64.0,,
corr,caliper,dinov2_b14_518,ui2e_balanced,0.25,42,10.0,0.8334786399302527,0.48653766648909,64.0,,
corr,caliper,dinov2_b14_518,umte,0.25,42,10.0,0.861377506538797,0.6214194057238396,64.0,,
corr,caliper,dinov2_b14_518,umte_balanced,0.25,42,10.0,0.8482999128160418,0.7184858754054702,64.0,,
corr,caliper,dinov2_b14_518,erm,0.25,123,10.0,0.8282476024411509,0.4735646998628044,,,
corr,caliper,dinov2_b14_518,mask,0.25,123,10.0,0.8282476024411509,0.5739824329933599,,,
corr,caliper,dinov2_b14_518,inpaint,0.25,123,10.0,0.8439407149084569,0.5088861849743428,,,
corr,caliper,dinov2_b14_518,balanced,0.25,123,10.0,0.8003487358326068,0.5559880319587792,,,
corr,caliper,dinov2_b14_518,dfr,0.25,123,10.0,0.9040976460331299,0.5075316316207407,,,
corr,caliper,dinov2_b14_518,leace,0.25,123,10.0,0.8413251961639059,0.5074627822558557,,,
corr,caliper,dinov2_b14_518,umte_protect,0.25,123,10.0,0.8282476024411508,0.582995866179263,64.0,,
corr,caliper,dinov2_b14_518,umte_protect_balanced,0.25,123,10.0,0.8090671316477768,0.504093270365143,64.0,,
corr,caliper,dinov2_b14_518,i2e,0.25,123,10.0,0.8387096774193548,0.528605381836582,64.0,0.19900185079239874,
corr,caliper,dinov2_b14_518,i2e_balanced,0.25,123,1.0,0.8038360941586747,0.5059086560538751,64.0,0.19900185079239874,
corr,caliper,dinov2_b14_518,i2e_rank1,0.25,123,10.0,0.8273757628596338,0.493836657736957,1.0,,
corr,caliper,dinov2_b14_518,insert_aug,0.25,123,10.0,0.8430688753269399,0.49490097307235176,,,129.0
corr,caliper,dinov2_b14_518,mte,0.25,123,10.0,0.8465562336530079,0.48862988705154803,64.0,,
corr,caliper,dinov2_b14_518,mte_balanced,0.25,123,10.0,0.8500435919790758,0.6848244347372234,64.0,,
corr,caliper,dinov2_b14_518,ui2e,0.25,123,10.0,0.8561464690496949,0.5154972204400907,64.0,,
corr,caliper,dinov2_b14_518,ui2e_balanced,0.25,123,10.0,0.8142981691368788,0.5238913643170642,64.0,,
corr,caliper,dinov2_b14_518,umte,0.25,123,10.0,0.8570183086312119,0.5825314224688687,64.0,,
corr,caliper,dinov2_b14_518,umte_balanced,0.25,123,10.0,0.8544027898866607,0.5142376848493939,64.0,,
corr,caliper,dinov2_b14_518,erm,0.25,456,10.0,0.8360941586748039,0.4755238404632704,,,
corr,caliper,dinov2_b14_518,mask,0.25,456,10.0,0.8256320836965998,0.6167536223065718,,,
corr,caliper,dinov2_b14_518,inpaint,0.25,456,10.0,0.8439407149084569,0.5090374260965735,,,
corr,caliper,dinov2_b14_518,balanced,0.25,456,10.0,0.8439407149084568,0.5062186573169891,,,
corr,caliper,dinov2_b14_518,dfr,0.25,456,10.0,0.9067131647776809,0.5078502313102187,,,
corr,caliper,dinov2_b14_518,leace,0.25,456,10.0,0.8421970357454229,0.5046509487142526,,,
corr,caliper,dinov2_b14_518,umte_protect,0.25,456,10.0,0.8116826503923278,0.6337790102909611,64.0,,
corr,caliper,dinov2_b14_518,umte_protect_balanced,0.25,456,10.0,0.7855274629468177,0.6682762359443525,64.0,,
corr,caliper,dinov2_b14_518,i2e,0.25,456,1.0,0.8395815170008718,0.504512159786732,64.0,0.19943629665564688,
corr,caliper,dinov2_b14_518,i2e_balanced,0.25,456,10.0,0.8360941586748039,0.5156782475544945,64.0,0.19943629665564688,
corr,caliper,dinov2_b14_518,i2e_rank1,0.25,456,10.0,0.8387096774193549,0.5181264910770886,1.0,,
corr,caliper,dinov2_b14_518,insert_aug,0.25,456,10.0,0.8360941586748039,0.5129707904535815,,,108.0
corr,caliper,dinov2_b14_518,mte,0.25,456,10.0,0.8482999128160418,0.6654248973593517,64.0,,
corr,caliper,dinov2_b14_518,mte_balanced,0.25,456,10.0,0.8334786399302528,0.644439943139455,64.0,,
corr,caliper,dinov2_b14_518,ui2e,0.25,456,0.01,0.85178727114211,0.4999276482267579,64.0,,
corr,caliper,dinov2_b14_518,ui2e_balanced,0.25,456,10.0,0.8500435919790759,0.5479136272460059,64.0,,
corr,caliper,dinov2_b14_518,umte,0.25,456,10.0,0.8570183086312118,0.6265190669129154,64.0,,
corr,caliper,dinov2_b14_518,umte_balanced,0.25,456,10.0,0.8317349607672188,0.5771512080796988,64.0,,
corr,caliper,dinov2_b14_518,erm,0.5,42,10.0,0.838709677419355,0.46994430987372043,,,
corr,caliper,dinov2_b14_518,mask,0.5,42,10.0,0.8360941586748039,0.6817759933320244,,,
corr,caliper,dinov2_b14_518,inpaint,0.5,42,10.0,0.8430688753269399,0.5089375447480115,,,
corr,caliper,dinov2_b14_518,balanced,0.5,42,10.0,0.8395815170008719,0.45847058746991876,,,
corr,caliper,dinov2_b14_518,dfr,0.5,42,10.0,0.8639930252833479,0.549791677913429,,,
corr,caliper,dinov2_b14_518,leace,0.5,42,10.0,0.8448125544899739,0.5044443979060776,,,
corr,caliper,dinov2_b14_518,umte_protect,0.5,42,10.0,0.8081952920662597,0.6636336933264715,64.0,,
corr,caliper,dinov2_b14_518,umte_protect_balanced,0.5,42,10.0,0.7994768962510898,0.6368679166075988,64.0,,
corr,caliper,dinov2_b14_518,i2e,0.5,42,10.0,0.8404533565823888,0.5282256622393424,64.0,0.20864795819766035,
corr,caliper,dinov2_b14_518,i2e_balanced,0.5,42,10.0,0.8404533565823888,0.4812100655069833,64.0,0.20864795819766035,
corr,caliper,dinov2_b14_518,i2e_rank1,0.5,42,10.0,0.8378378378378377,0.48358740196211514,1.0,,
corr,caliper,dinov2_b14_518,insert_aug,0.5,42,1.0,0.8413251961639058,0.5147631646349656,,,102.0
corr,caliper,dinov2_b14_518,mte,0.5,42,10.0,0.8526591107236268,0.5262307472412171,64.0,,
corr,caliper,dinov2_b14_518,mte_balanced,0.5,42,10.0,0.8448125544899738,0.4003466469824935,64.0,,
corr,caliper,dinov2_b14_518,ui2e,0.5,42,1.0,0.8526591107236269,0.5020802378449053,64.0,,
corr,caliper,dinov2_b14_518,ui2e_balanced,0.5,42,10.0,0.8334786399302527,0.4948159595222782,64.0,,
corr,caliper,dinov2_b14_518,umte,0.5,42,10.0,0.8456843940714909,0.5488075444808904,64.0,,
corr,caliper,dinov2_b14_518,umte_balanced,0.5,42,10.0,0.8430688753269399,0.35890774465469,64.0,,
corr,caliper,dinov2_b14_518,erm,0.5,123,10.0,0.8326068003487359,0.4700663014291368,,,
corr,caliper,dinov2_b14_518,mask,0.5,123,10.0,0.8204010462074978,0.5496547950667627,,,
corr,caliper,dinov2_b14_518,inpaint,0.5,123,10.0,0.8430688753269399,0.5089946453306571,,,
corr,caliper,dinov2_b14_518,balanced,0.5,123,10.0,0.8029642545771578,0.5250259263260934,,,
corr,caliper,dinov2_b14_518,dfr,0.5,123,10.0,0.9049694856146469,0.5091323890899286,,,
corr,caliper,dinov2_b14_518,leace,0.5,123,10.0,0.8439407149084568,0.5173134225986961,,,
corr,caliper,dinov2_b14_518,umte_protect,0.5,123,10.0,0.8204010462074978,0.6139383987711334,64.0,,
corr,caliper,dinov2_b14_518,umte_protect_balanced,0.5,123,10.0,0.8090671316477768,0.6856036843504909,64.0,,
corr,caliper,dinov2_b14_518,i2e,0.5,123,10.0,0.8413251961639058,0.5297886586187941,64.0,0.19900185079239874,
corr,caliper,dinov2_b14_518,i2e_balanced,0.5,123,1.0,0.8047079337401918,0.5053722341873021,64.0,0.19900185079239874,
corr,caliper,dinov2_b14_518,i2e_rank1,0.5,123,10.0,0.8308631211857018,0.519364724084085,1.0,,
corr,caliper,dinov2_b14_518,insert_aug,0.5,123,10.0,0.8465562336530079,0.4908619758353339,,,129.0
corr,caliper,dinov2_b14_518,mte,0.5,123,10.0,0.8439407149084568,0.5445531775557398,64.0,,
corr,caliper,dinov2_b14_518,mte_balanced,0.5,123,10.0,0.8544027898866609,0.6581664217996925,64.0,,
corr,caliper,dinov2_b14_518,ui2e,0.5,123,10.0,0.8535309503051438,0.5130646674402024,64.0,,
corr,caliper,dinov2_b14_518,ui2e_balanced,0.5,123,10.0,0.8151700087183958,0.5198350649963496,64.0,,
corr,caliper,dinov2_b14_518,umte,0.5,123,10.0,0.8448125544899738,0.5940209758848656,64.0,,
corr,caliper,dinov2_b14_518,umte_balanced,0.5,123,10.0,0.8535309503051439,0.48688857156734006,64.0,,
corr,caliper,dinov2_b14_518,erm,0.5,456,10.0,0.8360941586748039,0.47480048595576496,,,
corr,caliper,dinov2_b14_518,mask,0.5,456,10.0,0.8265039232781168,0.6924212275127962,,,
corr,caliper,dinov2_b14_518,inpaint,0.5,456,10.0,0.8421970357454228,0.5085512056253709,,,
corr,caliper,dinov2_b14_518,balanced,0.5,456,10.0,0.8395815170008718,0.5203665916377739,,,
corr,caliper,dinov2_b14_518,dfr,0.5,456,10.0,0.905841325196164,0.48629641270854135,,,
corr,caliper,dinov2_b14_518,leace,0.5,456,10.0,0.8430688753269399,0.5356396404201059,,,
corr,caliper,dinov2_b14_518,umte_protect,0.5,456,10.0,0.8064516129032258,0.633931744027482,64.0,,
corr,caliper,dinov2_b14_518,umte_protect_balanced,0.5,456,10.0,0.7855274629468177,0.5945098906808155,64.0,,
corr,caliper,dinov2_b14_518,i2e,0.5,456,10.0,0.8387096774193548,0.5296005587792743,64.0,0.19943629665564688,
corr,caliper,dinov2_b14_518,i2e_balanced,0.5,456,10.0,0.8404533565823888,0.5036130014946221,64.0,0.19943629665564688,
corr,caliper,dinov2_b14_518,i2e_rank1,0.5,456,10.0,0.8369659982563208,0.4817386370461455,1.0,,
corr,caliper,dinov2_b14_518,insert_aug,0.5,456,10.0,0.836094158674804,0.5118354246495984,,,108.0
corr,caliper,dinov2_b14_518,mte,0.5,456,10.0,0.8474280732345248,0.6427317329690628,64.0,,
corr,caliper,dinov2_b14_518,mte_balanced,0.5,456,10.0,0.8334786399302527,0.644011330100398,64.0,,
corr,caliper,dinov2_b14_518,ui2e,0.5,456,1.0,0.85178727114211,0.5020058204609188,64.0,,
corr,caliper,dinov2_b14_518,ui2e_balanced,0.5,456,10.0,0.8552746294681779,0.5376918927441001,64.0,,
corr,caliper,dinov2_b14_518,umte,0.5,456,10.0,0.8465562336530078,0.5982927605422981,64.0,,
corr,caliper,dinov2_b14_518,umte_balanced,0.5,456,10.0,0.8238884045335658,0.5623377942905626,64.0,,
corr,caliper,dinov2_b14_518,erm,0.75,42,10.0,0.8326068003487359,0.4702603193586131,,,
corr,caliper,dinov2_b14_518,mask,0.75,42,10.0,0.8151700087183957,0.5354616180924269,,,
corr,caliper,dinov2_b14_518,inpaint,0.75,42,10.0,0.8430688753269399,0.5079198619802407,,,
corr,caliper,dinov2_b14_518,balanced,0.75,42,10.0,0.8352223190932868,0.5190306060629888,,,
corr,caliper,dinov2_b14_518,dfr,0.75,42,10.0,0.8631211857018309,0.5280338727450197,,,
corr,caliper,dinov2_b14_518,leace,0.75,42,10.0,0.8430688753269399,0.5105223505881586,,,
corr,caliper,dinov2_b14_518,umte_protect,0.75,42,10.0,0.7986050566695727,0.2320489036770529,64.0,,
corr,caliper,dinov2_b14_518,umte_protect_balanced,0.75,42,10.0,0.7977332170880558,0.250142042605616,64.0,,
corr,caliper,dinov2_b14_518,i2e,0.75,42,10.0,0.8395815170008718,0.5340613654617955,64.0,0.20864795819766035,
corr,caliper,dinov2_b14_518,i2e_balanced,0.75,42,1.0,0.8369659982563208,0.49940190651836736,64.0,0.20864795819766035,
corr,caliper,dinov2_b14_518,i2e_rank1,0.75,42,10.0,0.8308631211857018,0.48513917949983754,1.0,,
corr,caliper,dinov2_b14_518,insert_aug,0.75,42,1.0,0.8413251961639059,0.5148034975008893,,,102.0
corr,caliper,dinov2_b14_518,mte,0.75,42,10.0,0.8387096774193548,0.5754361467723117,64.0,,
corr,caliper,dinov2_b14_518,mte_balanced,0.75,42,10.0,0.8369659982563208,0.6953819686298709,64.0,,
corr,caliper,dinov2_b14_518,ui2e,0.75,42,10.0,0.8535309503051439,0.5123542231908624,64.0,,
corr,caliper,dinov2_b14_518,ui2e_balanced,0.75,42,10.0,0.8326068003487358,0.4848255321779297,64.0,,
corr,caliper,dinov2_b14_518,umte,0.75,42,10.0,0.8352223190932868,0.5186133750877868,64.0,,
corr,caliper,dinov2_b14_518,umte_balanced,0.75,42,10.0,0.8369659982563209,0.37814792419289356,64.0,,
corr,caliper,dinov2_b14_518,erm,0.75,123,10.0,0.8256320836965998,0.4718499123376796,,,
corr,caliper,dinov2_b14_518,mask,0.75,123,10.0,0.8108108108108109,0.49641860764315365,,,
corr,caliper,dinov2_b14_518,inpaint,0.75,123,10.0,0.8421970357454228,0.5075660916161588,,,
corr,caliper,dinov2_b14_518,balanced,0.75,123,10.0,0.8090671316477769,0.5570560008533944,,,
corr,caliper,dinov2_b14_518,dfr,0.75,123,10.0,0.9032258064516129,0.5097667675751238,,,
corr,caliper,dinov2_b14_518,leace,0.75,123,10.0,0.8413251961639059,0.5092703565184991,,,
corr,caliper,dinov2_b14_518,umte_protect,0.75,123,10.0,0.8142981691368788,0.5353694808071152,64.0,,
corr,caliper,dinov2_b14_518,umte_protect_balanced,0.75,123,10.0,0.8064516129032259,0.6905150084884073,64.0,,
corr,caliper,dinov2_b14_518,i2e,0.75,123,10.0,0.8395815170008718,0.5296685621748541,64.0,0.19900185079239874,
corr,caliper,dinov2_b14_518,i2e_balanced,0.75,123,0.01,0.8055797733217088,0.4998801437816656,64.0,0.19900185079239874,
corr,caliper,dinov2_b14_518,i2e_rank1,0.75,123,10.0,0.8247602441150828,0.49216377135191564,1.0,,
corr,caliper,dinov2_b14_518,insert_aug,0.75,123,10.0,0.8421970357454229,0.4932823450288564,,,129.0
corr,caliper,dinov2_b14_518,mte,0.75,123,10.0,0.8352223190932868,0.6275849804100817,64.0,,
corr,caliper,dinov2_b14_518,mte_balanced,0.75,123,10.0,0.8526591107236269,0.6187832891003638,64.0,,
corr,caliper,dinov2_b14_518,ui2e,0.75,123,10.0,0.8570183086312119,0.5145026699362377,64.0,,
corr,caliper,dinov2_b14_518,ui2e_balanced,0.75,123,10.0,0.8186573670444638,0.5229242368449614,64.0,,
corr,caliper,dinov2_b14_518,umte,0.75,123,10.0,0.8404533565823888,0.5504914919961911,64.0,,
corr,caliper,dinov2_b14_518,umte_balanced,0.75,123,10.0,0.8500435919790759,0.6058256705350298,64.0,,
corr,caliper,dinov2_b14_518,erm,0.75,456,10.0,0.8326068003487359,0.4742905099197486,,,
corr,caliper,dinov2_b14_518,mask,0.75,456,10.0,0.8160418482999128,0.5940799029103186,,,
corr,caliper,dinov2_b14_518,inpaint,0.75,456,10.0,0.8421970357454228,0.5080709003883983,,,
corr,caliper,dinov2_b14_518,balanced,0.75,456,10.0,0.8448125544899738,0.516059769243516,,,
corr,caliper,dinov2_b14_518,dfr,0.75,456,10.0,0.9058413251961639,0.5189447239376836,,,
corr,caliper,dinov2_b14_518,leace,0.75,456,10.0,0.8413251961639059,0.5089730126592182,,,
corr,caliper,dinov2_b14_518,umte_protect,0.75,456,10.0,0.8029642545771578,0.5661976360597121,64.0,,
corr,caliper,dinov2_b14_518,umte_protect_balanced,0.75,456,10.0,0.7829119442022668,0.5664584281338683,64.0,,
corr,caliper,dinov2_b14_518,i2e,0.75,456,1.0,0.8378378378378378,0.5055957549014525,64.0,0.19943629665564688,
corr,caliper,dinov2_b14_518,i2e_balanced,0.75,456,10.0,0.8413251961639059,0.5072230087484353,64.0,0.19943629665564688,
corr,caliper,dinov2_b14_518,i2e_rank1,0.75,456,10.0,0.8326068003487359,0.4815110318679633,1.0,,
corr,caliper,dinov2_b14_518,insert_aug,0.75,456,10.0,0.8360941586748039,0.5116732196038978,,,108.0
corr,caliper,dinov2_b14_518,mte,0.75,456,10.0,0.8360941586748039,0.5129512907240146,64.0,,
corr,caliper,dinov2_b14_518,mte_balanced,0.75,456,10.0,0.8247602441150829,0.5549279282039062,64.0,,
corr,caliper,dinov2_b14_518,ui2e,0.75,456,10.0,0.8561464690496948,0.5133853799531276,64.0,,
corr,caliper,dinov2_b14_518,ui2e_balanced,0.75,456,10.0,0.8605056669572798,0.5380660822489391,64.0,,
corr,caliper,dinov2_b14_518,umte,0.75,456,10.0,0.8387096774193549,0.5638979754178701,64.0,,
corr,caliper,dinov2_b14_518,umte_balanced,0.75,456,10.0,0.8273757628596339,0.5607970028579822,64.0,,
corr,caliper,dinov2_b14_518,erm,1.0,42,10.0,0.8308631211857018,0.4710944514920135,,,
corr,caliper,dinov2_b14_518,mask,1.0,42,10.0,0.8230165649520488,0.15728020701897946,,,
corr,caliper,dinov2_b14_518,inpaint,1.0,42,10.0,0.8430688753269399,0.5100417635574694,,,
corr,caliper,dinov2_b14_518,balanced,1.0,42,10.0,0.8430688753269399,0.4586934768217759,,,
corr,caliper,dinov2_b14_518,dfr,1.0,42,10.0,0.8692240627724499,0.5504960697217323,,,
corr,caliper,dinov2_b14_518,leace,1.0,42,10.0,0.8448125544899738,0.5159601940964555,,,
corr,caliper,dinov2_b14_518,umte_protect,1.0,42,10.0,0.8038360941586747,0.6269717082431007,64.0,,
corr,caliper,dinov2_b14_518,umte_protect_balanced,1.0,42,10.0,0.8090671316477769,0.26165177158092084,64.0,,
corr,caliper,dinov2_b14_518,i2e,1.0,42,10.0,0.8387096774193548,0.5299993828603896,64.0,0.20864795819766035,
corr,caliper,dinov2_b14_518,i2e_balanced,1.0,42,10.0,0.8395815170008719,0.48347080345208604,64.0,0.20864795819766035,
corr,caliper,dinov2_b14_518,i2e_rank1,1.0,42,10.0,0.8369659982563209,0.4964098982439987,1.0,,
corr,caliper,dinov2_b14_518,insert_aug,1.0,42,1.0,0.8413251961639059,0.5131030356216253,,,102.0
corr,caliper,dinov2_b14_518,mte,1.0,42,10.0,0.8439407149084569,0.5908828862402105,64.0,,
corr,caliper,dinov2_b14_518,mte_balanced,1.0,42,10.0,0.8387096774193549,0.32109308693012584,64.0,,
corr,caliper,dinov2_b14_518,ui2e,1.0,42,10.0,0.8578901482127289,0.512445066309431,64.0,,
corr,caliper,dinov2_b14_518,ui2e_balanced,1.0,42,10.0,0.8369659982563208,0.48850058689977066,64.0,,
corr,caliper,dinov2_b14_518,umte,1.0,42,10.0,0.8265039232781168,0.4931064723520291,64.0,,
corr,caliper,dinov2_b14_518,umte_balanced,1.0,42,10.0,0.8334786399302528,0.4080487664159855,64.0,,
corr,caliper,dinov2_b14_518,erm,1.0,123,10.0,0.8238884045335659,0.4689834448577629,,,
corr,caliper,dinov2_b14_518,mask,1.0,123,10.0,0.8047079337401918,0.533454652830598,,,
corr,caliper,dinov2_b14_518,inpaint,1.0,123,10.0,0.8421970357454228,0.5088916204291442,,,
corr,caliper,dinov2_b14_518,balanced,1.0,123,10.0,0.8064516129032259,0.5495271680819187,,,
corr,caliper,dinov2_b14_518,dfr,1.0,123,10.0,0.9006102877070619,0.5116287341908834,,,
corr,caliper,dinov2_b14_518,leace,1.0,123,10.0,0.8430688753269397,0.5179474190498692,,,
corr,caliper,dinov2_b14_518,umte_protect,1.0,123,10.0,0.8020924149956408,0.540281277208768,64.0,,
corr,caliper,dinov2_b14_518,umte_protect_balanced,1.0,123,10.0,0.8029642545771577,0.6847456172168841,64.0,,
corr,caliper,dinov2_b14_518,i2e,1.0,123,10.0,0.8360941586748039,0.5308075138311198,64.0,0.19900185079239874,
corr,caliper,dinov2_b14_518,i2e_balanced,1.0,123,0.01,0.8081952920662598,0.4998738626072512,64.0,0.19900185079239874,
corr,caliper,dinov2_b14_518,i2e_rank1,1.0,123,10.0,0.8238884045335658,0.4916783137522119,1.0,,
corr,caliper,dinov2_b14_518,insert_aug,1.0,123,10.0,0.8439407149084569,0.49623946069313446,,,129.0
corr,caliper,dinov2_b14_518,mte,1.0,123,10.0,0.8395815170008718,0.617635189358424,64.0,,
corr,caliper,dinov2_b14_518,mte_balanced,1.0,123,10.0,0.8474280732345248,0.63768058576857,64.0,,
corr,caliper,dinov2_b14_518,ui2e,1.0,123,10.0,0.8578901482127288,0.5114604506601588,64.0,,
corr,caliper,dinov2_b14_518,ui2e_balanced,1.0,123,10.0,0.8186573670444638,0.5231415002937446,64.0,,
corr,caliper,dinov2_b14_518,umte,1.0,123,10.0,0.8256320836965998,0.6141417495784562,64.0,,
corr,caliper,dinov2_b14_518,umte_balanced,1.0,123,10.0,0.8456843940714909,0.5919807358274816,64.0,,
corr,caliper,dinov2_b14_518,erm,1.0,456,10.0,0.8308631211857018,0.48092890376890596,,,
corr,caliper,dinov2_b14_518,mask,1.0,456,10.0,0.8256320836965998,0.5384124875324701,,,
corr,caliper,dinov2_b14_518,inpaint,1.0,456,10.0,0.8421970357454228,0.5091792617918873,,,
corr,caliper,dinov2_b14_518,balanced,1.0,456,10.0,0.8456843940714909,0.5186245686788913,,,
corr,caliper,dinov2_b14_518,dfr,1.0,456,10.0,0.905841325196164,0.4861258321302925,,,
corr,caliper,dinov2_b14_518,leace,1.0,456,10.0,0.8439407149084569,0.5202764360745914,,,
corr,caliper,dinov2_b14_518,umte_protect,1.0,456,10.0,0.7959895379250217,0.6960940711186969,64.0,,
corr,caliper,dinov2_b14_518,umte_protect_balanced,1.0,456,10.0,0.7829119442022668,0.6422182002346649,64.0,,
corr,caliper,dinov2_b14_518,i2e,1.0,456,10.0,0.8360941586748039,0.531187768340129,64.0,0.19943629665564688,
corr,caliper,dinov2_b14_518,i2e_balanced,1.0,456,10.0,0.8387096774193548,0.504653316978742,64.0,0.19943629665564688,
corr,caliper,dinov2_b14_518,i2e_rank1,1.0,456,10.0,0.8334786399302528,0.4769705227035318,1.0,,
corr,caliper,dinov2_b14_518,insert_aug,1.0,456,10.0,0.8369659982563208,0.5091148229774451,,,108.0
corr,caliper,dinov2_b14_518,mte,1.0,456,10.0,0.8352223190932867,0.6019047395613031,64.0,,
corr,caliper,dinov2_b14_518,mte_balanced,1.0,456,10.0,0.8334786399302528,0.6164445316866755,64.0,,
corr,caliper,dinov2_b14_518,ui2e,1.0,456,10.0,0.8552746294681779,0.5120163811964362,64.0,,
corr,caliper,dinov2_b14_518,ui2e_balanced,1.0,456,10.0,0.8552746294681778,0.5370145959553815,64.0,,
corr,caliper,dinov2_b14_518,umte,1.0,456,10.0,0.8230165649520488,0.5167670137224336,64.0,,
corr,caliper,dinov2_b14_518,umte_balanced,1.0,456,10.0,0.8186573670444638,0.549654592777051,64.0,,
