method,env,seed,auc
balanced,clean,0,0.8423766761721644
balanced,clean,1,0.852903514592559
balanced,clean,2,0.8570128410305801
balanced,clean,3,0.8753013157894737
balanced,clean,4,0.86228625219132
balanced,test_corr,0,0.9083579525086838
balanced,test_corr,1,0.8819522251325089
balanced,test_corr,2,0.8808991417509275
balanced,test_corr,3,0.8716091222381906
balanced,test_corr,4,0.8596009863426608
balanced,test_rev,0,0.5055697627552085
balanced,test_rev,1,0.5525267781191951
balanced,test_rev,2,0.49899289048225215
balanced,test_rev,3,0.5808416755623398
balanced,test_rev,4,0.5598562081558125
dfr,clean,0,0.8163215101736377
dfr,clean,1,0.7933735402354526
dfr,clean,2,0.7984267022249674
dfr,clean,3,0.8148506578947368
dfr,clean,4,0.7855275337158897
dfr,test_corr,0,0.7621132523269756
dfr,test_corr,1,0.7416419951868974
dfr,test_corr,2,0.74765923596567
dfr,test_corr,3,0.7636281583959502
dfr,test_corr,4,0.7727855475681531
dfr,test_rev,0,0.6680397075787688
dfr,test_rev,1,0.6487457250490426
dfr,test_rev,2,0.6781994994760953
dfr,test_rev,3,0.6904757765314177
dfr,test_rev,4,0.6441860786809053
erm,clean,0,0.857222702198466
erm,clean,1,0.8947197429278578
erm,clean,2,0.8976630188002739
erm,clean,3,0.8991585526315791
erm,clean,4,0.8919703747926511
erm,test_corr,0,0.93767166466829
erm,test_corr,1,0.9463324206740819
erm,test_corr,2,0.9475846596523501
erm,test_corr,3,0.9500524638099169
erm,test_corr,4,0.9468367274612869
erm,test_rev,0,0.1851329376937082
erm,test_rev,1,0.2010468204781001
erm,test_rev,2,0.17989071606092882
erm,test_rev,3,0.20995295434868025
erm,test_rev,4,0.19171900071930503
jtt,clean,0,0.869661193625478
jtt,clean,1,0.8816436392562708
jtt,clean,2,0.8737050030686047
jtt,clean,3,0.8833059210526316
jtt,clean,4,0.871402405575216
jtt,test_corr,0,0.9475005871518808
jtt,test_corr,1,0.9446196387452296
jtt,test_corr,2,0.9413718312835205
jtt,test_corr,3,0.9452045342655813
jtt,test_corr,4,0.9453675345039625
jtt,test_rev,0,0.18512425122652917
jtt,test_rev,1,0.18765342082877629
jtt,test_rev,2,0.16439698992890484
jtt,test_rev,3,0.1817238249887862
jtt,test_rev,4,0.17411850550545016
mask,clean,0,0.8482557838230731
mask,clean,1,0.8759512712823874
mask,clean,2,0.8854501034427257
mask,clean,3,0.8851993421052631
mask,clean,4,0.8702470120147838
mask,test_corr,0,0.9471563307333837
mask,test_corr,1,0.9405423520886048
mask,test_corr,2,0.9511046616410517
mask,test_corr,3,0.9529734050753141
mask,test_corr,4,0.943249235559568
mask,test_rev,0,0.1996341260024183
mask,test_rev,1,0.21602173497908095
mask,test_rev,2,0.23179279349492116
mask,test_rev,3,0.2728404377018912
mask,test_rev,4,0.2420323133956731
mask_dfr,clean,0,0.7855030992907942
mask_dfr,clean,1,0.8007316789827379
mask_dfr,clean,2,0.8126777206222005
mask_dfr,clean,3,0.8424684210526315
mask_dfr,clean,4,0.7686980645684982
mask_dfr,test_corr,0,0.7763637374998454
mask_dfr,test_corr,1,0.7715878539646265
mask_dfr,test_corr,2,0.777278461739244
mask_dfr,test_corr,3,0.8039525637646637
mask_dfr,test_corr,4,0.764036916970391
mask_dfr,test_rev,0,0.5929799446845769
mask_dfr,test_rev,1,0.6057115080811764
mask_dfr,test_rev,2,0.6480347076091757
mask_dfr,test_rev,3,0.7048815513590386
mask_dfr,test_rev,4,0.6217821474022022
mask_jtt,clean,0,0.8591060896193276
mask_jtt,clean,1,0.8689002959401267
mask_jtt,clean,2,0.8666602982762163
mask_jtt,clean,3,0.8808473684210525
mask_jtt,clean,4,0.8582806696438507
mask_jtt,test_corr,0,0.9458979715447656
mask_jtt,test_corr,1,0.9407086836188795
mask_jtt,test_corr,2,0.9495596890167735
mask_jtt,test_corr,3,0.9540158435733077
mask_jtt,test_corr,4,0.9432249873474073
mask_jtt,test_rev,0,0.20000938138455338
mask_jtt,test_rev,1,0.20882940124646288
mask_jtt,test_rev,2,0.21370985200772435
mask_jtt,test_rev,3,0.2521549550927874
mask_jtt,test_rev,4,0.21602148232169535
mte,clean,0,0.8311596641522034
mte,clean,1,0.8550142785040091
mte,clean,2,0.8666681497164976
mte,clean,3,0.8616328947368421
mte,clean,4,0.8458855551584232
mte,test_corr,0,0.9371432279756239
mte,test_corr,1,0.9362109306403702
mte,test_corr,2,0.9479743208894468
mte,test_corr,3,0.9393309496695526
mte,test_corr,4,0.9360263770808387
mte,test_rev,0,0.2602413448041028
mte,test_rev,1,0.27165599013940245
mte,test_rev,2,0.2569454186475463
mte,test_rev,3,0.2872496896656038
mte,test_rev,4,0.28640271399324957
mte_aug,clean,0,0.8507184227565158
mte_aug,clean,1,0.8753533527738889
mte_aug,clean,2,0.8811475141685782
mte_aug,clean,3,0.8863822368421052
mte_aug,clean,4,0.868571200391721
mte_aug,test_corr,0,0.9478967601577274
mte_aug,test_corr,1,0.9413084664603909
mte_aug,test_corr,2,0.9507025710184017
mte_aug,test_corr,3,0.9546778572884913
mte_aug,test_corr,4,0.9433953465815617
mte_aug,test_rev,0,0.2019360398048672
mte_aug,test_rev,1,0.22000416644966408
mte_aug,test_rev,2,0.2391915413192009
mte_aug,test_rev,3,0.27555781955749964
mte_aug,test_rev,4,0.2444132822442317
mte_balanced,clean,0,0.810855029024896
mte_balanced,clean,1,0.8151073201371207
mte_balanced,clean,2,0.8422933533632299
mte_balanced,clean,3,0.8427361842105263
mte_balanced,clean,4,0.8355171253546372
mte_balanced,test_corr,0,0.8789540043758268
mte_balanced,test_corr,1,0.870169274794528
mte_balanced,test_corr,2,0.8821737752394211
mte_balanced,test_corr,3,0.872353809966632
mte_balanced,test_corr,4,0.8651214959779054
mte_balanced,test_rev,0,0.41012459868521633
mte_balanced,test_rev,1,0.47036439074353764
mte_balanced,test_rev,2,0.4833363641874281
mte_balanced,test_rev,3,0.4786521229654407
mte_balanced,test_rev,4,0.46262726166104134
mte_protect,clean,0,0.8445756015064474
mte_protect,clean,1,0.874705553028677
mte_protect,clean,2,0.883213751535938
mte_protect,clean,3,0.8765703947368422
mte_protect,clean,4,0.8636367206984992
mte_protect,test_corr,0,0.9431315591045626
mte_protect,test_corr,1,0.9364595004365429
mte_protect,test_corr,2,0.9494931918040632
mte_protect,test_corr,3,0.9485083867502773
mte_protect,test_corr,4,0.9405042135931746
mte_protect,test_rev,0,0.25552633041931316
mte_protect,test_rev,1,0.28043851882714443
mte_protect,test_rev,2,0.2548515314472761
mte_protect,test_rev,3,0.2991449722350683
mte_protect,test_rev,4,0.28480502683561115
mte_protect_balanced,clean,0,0.8414694226705791
mte_protect_balanced,clean,1,0.8536773300936783
mte_protect_balanced,clean,2,0.85573567341149
mte_protect_balanced,clean,3,0.8634881578947369
mte_protect_balanced,clean,4,0.8465323137066991
mte_protect_balanced,test_corr,0,0.9296320102844287
mte_protect_balanced,test_corr,1,0.9184592135301116
mte_protect_balanced,test_corr,2,0.9025691539938722
mte_protect_balanced,test_corr,3,0.9094414966358514
mte_protect_balanced,test_corr,4,0.9102660712797958
mte_protect_balanced,test_rev,0,0.37452050701171635
mte_protect_balanced,test_rev,1,0.41491415377671303
mte_protect_balanced,test_rev,2,0.4620944067752578
mte_protect_balanced,test_rev,3,0.46883964491486235
mte_protect_balanced,test_rev,4,0.39434515575720686
