archive,path,size,sha256
wtss_outputs.tar,results/capsule/dino518_matched/predictions.csv.gz,181771,c344c8d8a59f32d251e914e3db8f77e851c5944dcdbfbaff5ab17133e48f7056
wtss_outputs.tar,results/capsule/dino518_matched05/predictions.csv.gz,157015,e2118b46ceda22412dff594785b62a61bdedad352fd01417c57cbb695bc018d1
wtss_outputs.tar,results/capsule/dino518_repro/predictions.csv.gz,556225,53b639cf4e6429fe5a978f367d2850a65c31f09feebdef36b26a4daec9bc36f0
wtss_outputs.tar,results/finetune/isic/resnet50/predictions.csv.gz,826913,bf0df68c82d16ad60b1f0ad27f1e47f3567c899b67dc14033eda13dbd1d4deab
wtss_outputs.tar,results/finetune/ovary/resnet50_power/predictions.csv.gz,191553,5dc110726985c488f21507ff0b4bdd9691d8ccee7f9f2adeb1a99ae362fcb570
wtss_outputs.tar,results/finetune/ovary/resnet50_power_g4/predictions.csv.gz,131374,5a341442ed053ddc56c5f5c0822264fefc32f37cdb041135337383311eda88e0
wtss_outputs.tar,results/finetune/thyroid/convnext_tiny.fb_in22k_ft_in1k_round6/predictions.csv.gz,437613,0da3bc424609e3fe87177185b4269b93c2596abc6602b16305276ef22784753f
wtss_outputs.tar,results/finetune/thyroid/resnet50_round6_smoke/predictions.csv.gz,40598,9023d8a711cdf2f16eac5fa2fe38e10977c01111e3427bb40509af9cbd094b8f
wtss_outputs.tar,results/natural/capsule_dino518_repro/predictions.csv.gz,2989609,0b69bdf4a16f89d49d3d276ccb73f732009db8f6c4a593e43dbdd7b5d3ec91d2
wtss_outputs.tar,results/natural/isic_BCN_dino518_repro/predictions.csv.gz,29159607,57c2ef0a6259dbafa748ef340cd176ad70521d216268ae8032acc8cef4876d97
wtss_outputs.tar,results/natural/isic_HAM_dino518_repro/predictions.csv.gz,24449611,23137534d736ae34b97915e5de689c29d6db2bc6bb92ef06aa6707c231c0cf2d
wtss_outputs.tar,results/natural/isic_MSK_dino518_repro/predictions.csv.gz,10036887,847237fe5c4cb3cc499485253d496a1438c8ff20487bd04444b0a634989b2c36
wtss_outputs.tar,results/natural/thyroid_dino518_repro/predictions.csv.gz,1824584,017f027d66ddb3ada7929bcf249c1dafba22b14a91ba2f324560c2e24f5e5969
wtss_outputs.tar,results/ovary/dino518_matched/predictions.csv.gz,192199,5e2ae9496083c917810f23e8784d983c9865caa373eac0ed5fd3cc44df8a3548
wtss_outputs.tar,results/ovary/dino518_matched05/predictions.csv.gz,184507,1322c8ce3e80e4d42ed11b9a2776dd76024f05eed284c5dbc70e170f487f5b35
wtss_outputs.tar,results/ovary/dino518_repro/predictions.csv.gz,277901,ff63fd80efe6ca45a27f230982d662dc1a2ecf66c7746cee88153fd60369080e
wtss_outputs.tar,results/rerun_2026-09-28/ablation_umte/capsule_e0.50/predictions.csv.gz,534172,3255910fb69f794ae6a416024ab8642fc18bf069d09ffdba77ea335cd831c87d
wtss_outputs.tar,results/rerun_2026-09-28/ablation_umte/capsule_e0.90/predictions.csv.gz,535070,a17b4ab4d7bafd158a9b7fb210d2458af5b7a385cb563d7f85b0d23c6c543229
wtss_outputs.tar,results/rerun_2026-09-28/ablation_umte/capsule_e0.99/predictions.csv.gz,535070,f494c261ef12db56cc31dae5fe7651ffc446a9c9dfd2a03a1cc2c1e49b172a95
wtss_outputs.tar,results/rerun_2026-09-28/ablation_umte/capsule_k1/predictions.csv.gz,491961,f5d3513203957179f5b0dbf2ca3135b02dce1532d98c179714147695f1e783e3
wtss_outputs.tar,results/rerun_2026-09-28/ablation_umte/capsule_k16/predictions.csv.gz,532981,fc50362d84bde8ddc6140c4e0c083905d818267d4f1c42326c8694fcc78ab035
wtss_outputs.tar,results/rerun_2026-09-28/ablation_umte/capsule_k4/predictions.csv.gz,494331,33af485ad4b41fdc95afccaa67648f8d3c27d395139effa43fbb25e2ae1940bf
wtss_outputs.tar,results/rerun_2026-09-28/ablation_umte/capsule_k64/predictions.csv.gz,535070,e48b528fceb9544e94b5431d85e7c652d562742bc044db369e3028f16b93fd8c
wtss_outputs.tar,results/rerun_2026-09-28/ablation_umte/ovary_e0.50/predictions.csv.gz,383527,14a3b8c38eb5e9b4fef72b6631168996b18b83ca9b2a68b12e48db132d7193f9
wtss_outputs.tar,results/rerun_2026-09-28/ablation_umte/ovary_e0.90/predictions.csv.gz,385249,fdc52b53d6bcadf8e3a0207108469ebae1c5226f5178ba5c9d3cd3139eaf307d
wtss_outputs.tar,results/rerun_2026-09-28/ablation_umte/ovary_e0.99/predictions.csv.gz,385249,396d4c1c74ce654dd80d9b7078ca2aedfc65c3e72f6eb4c58bda0c1f0609a30f
wtss_outputs.tar,results/rerun_2026-09-28/ablation_umte/ovary_k1/predictions.csv.gz,354198,8629727cab4da3babb3eedd9fbd420f2a7053d99156eaddf1c3113ecb5feb5e4
wtss_outputs.tar,results/rerun_2026-09-28/ablation_umte/ovary_k16/predictions.csv.gz,381626,0efec79bc5331cf756abf132d6c21b2013ecc0a1dfaa1c4d67dae153c4965fe8
wtss_outputs.tar,results/rerun_2026-09-28/ablation_umte/ovary_k4/predictions.csv.gz,354187,8caa1a7334ed013f267e54946c0785abfbffd993a2463f44586f37146f5af0c2
wtss_outputs.tar,results/rerun_2026-09-28/ablation_umte/ovary_k64/predictions.csv.gz,385249,4a4a9837598a251022fa2e53747744912e68c862ea712672ef343d8d2b4af38f
wtss_outputs.tar,results/rerun_2026-09-28/ablation_umte/thyroid_e0.50/predictions.csv.gz,1363980,0ebfd651effd6455f953f602d09aff5aaf4f2d0412170d14d80cc5687d8ad76f
wtss_outputs.tar,results/rerun_2026-09-28/ablation_umte/thyroid_e0.90/predictions.csv.gz,1366479,5fc3802f843171ab8de4b84a79da8637373cb26b1876ffc6d6f563da477aa54d
wtss_outputs.tar,results/rerun_2026-09-28/ablation_umte/thyroid_e0.99/predictions.csv.gz,1366479,1e4eb8d6904b38dff58e7cad83d9e973f29c63e08076517dd6d2b9a42a9ce400
wtss_outputs.tar,results/rerun_2026-09-28/ablation_umte/thyroid_k1/predictions.csv.gz,1338451,b9366c6a4bd10f7373f9d86f03a81e637d49daae5055269b59254b9c0e1f2015
wtss_outputs.tar,results/rerun_2026-09-28/ablation_umte/thyroid_k16/predictions.csv.gz,1364111,3c74081dc256a8772db03f1348d60a9f4832b1b111e00f066917a6597ff7c6fd
wtss_outputs.tar,results/rerun_2026-09-28/ablation_umte/thyroid_k4/predictions.csv.gz,1338117,f90b030ba87fc974b0e6b1fdae422a5639e4eafb47d750f6008bbf593637d6b2
wtss_outputs.tar,results/rerun_2026-09-28/ablation_umte/thyroid_k64/predictions.csv.gz,1366479,b62d9be4a5b05b485dfe1f70939032e99d6d479cca34383623cdc7e3c2e86b92
wtss_outputs.tar,results/rerun_2026-09-28/capsule/convnext384_universal/predictions.csv.gz,3366936,f329664de69519935aad187bf30e90c7f58f3b83195fa1691409932675bf6862
wtss_outputs.tar,results/rerun_2026-09-28/capsule/dino518_emb_groups/predictions.csv.gz,2096781,c59f8ac4aafe07a1e72d8b12b446ffa031bbba09c44f3613dffb9c115073d50f
wtss_outputs.tar,results/rerun_2026-09-28/capsule/dino518_jtt/predictions.csv.gz,1757405,78b75201c38dc1b44e178f3020a39ee9c4dbf69ac7a677fcf42c6f13ec4028e9
wtss_outputs.tar,results/rerun_2026-09-28/capsule/dino518_main/predictions.csv.gz,4122525,a81f8db0af0b7d77581f803c46009f67fda540400dd32542e0f11db76bdcbaa4
wtss_outputs.tar,results/rerun_2026-09-28/capsule/dino518_matched/predictions.csv.gz,181771,c344c8d8a59f32d251e914e3db8f77e851c5944dcdbfbaff5ab17133e48f7056
wtss_outputs.tar,results/rerun_2026-09-28/capsule/dino518_matched05/predictions.csv.gz,157015,e2118b46ceda22412dff594785b62a61bdedad352fd01417c57cbb695bc018d1
wtss_outputs.tar,results/rerun_2026-09-28/capsule/dino518_protect_tmpl/predictions.csv.gz,1773187,5d4ca0f69c7f2e8f349d5609329e6f8ab7302fca276f47e9ebb9719c2bedd0be
wtss_outputs.tar,results/rerun_2026-09-28/capsule/dino518_repro/predictions.csv.gz,556225,53b639cf4e6429fe5a978f367d2850a65c31f09feebdef36b26a4daec9bc36f0
wtss_outputs.tar,results/rerun_2026-09-28/capsule/dino518_sens_strictB/predictions.csv.gz,1357241,49271967cf3e51398136070c1c4b99e882bc9482e6467e050ca0e2b0a1a3c738
wtss_outputs.tar,results/rerun_2026-09-28/capsule/dino518_splice_v2/predictions.csv.gz,2069085,0609085072340dea870d19bccedf869e4f7d9dcc429ba799427507c6ac27413c
wtss_outputs.tar,results/rerun_2026-09-28/capsule/dino518_universal/predictions.csv.gz,6580911,08f862d6876ee0fae6213798e1bf43df60ec909019d7ececa90d57c3bf7c4384
wtss_outputs.tar,results/rerun_2026-09-28/capsule/dinol518_scale/predictions.csv.gz,2103596,6f9b95df4e4600e90012d0cb6144099e49d243b0e9db7f07b588876c3651cbf3
wtss_outputs.tar,results/rerun_2026-09-28/capsule/dinos518_scale/predictions.csv.gz,2109093,622d8e8687cf0eba6675d2b41425d52031b870abd209c69b77eff6913d855471
wtss_outputs.tar,results/rerun_2026-09-28/capsule/medsiglip448_main/predictions.csv.gz,4204080,82e9e33df9dd4feef0a48a77b85b6e6ad58494c6d5e81ff4c9e6deb69f274a46
wtss_outputs.tar,results/rerun_2026-09-28/capsule/medsiglip448_universal/predictions.csv.gz,3380264,5b10beb114e05911e3523530706fb3643a7f11740cf6b2ca815d1c59c48058a4
wtss_outputs.tar,results/rerun_2026-09-28/cxr_drain/dino518_universal/predictions.csv.gz,9675979,aef8993afc76f0cbb8cdf9cffc97694ffb0cd502db5072b80c637a42dd9d054a
wtss_outputs.tar,results/rerun_2026-09-28/cxr_drain/raddino518_universal/predictions.csv.gz,9714705,f5eeaf9f1a160c345815357be3cfe6d1e207b2dd17a4533d3e28c598aa84e033
wtss_outputs.tar,results/rerun_2026-09-28/cxr_traps/medsiglip448/Atelectasis/predictions.csv.gz,64089077,b1cde464022b1438b6a87c95602403fd5913688d87ac1ca0140f811f3642d718
wtss_outputs.tar,results/rerun_2026-09-28/cxr_traps/medsiglip448/Atelectasis/trapA/predictions.csv.gz,13309704,efda5558a133c2ca9929bda5f3a435690bae38b5e08977b8db43d16c06d10fe5
wtss_outputs.tar,results/rerun_2026-09-28/cxr_traps/medsiglip448/Atelectasis/trapB/predictions.csv.gz,51378615,6b666b6a22ce1600f9e20d117317f06ea65a5889039d870254ed5fd24c5f034b
wtss_outputs.tar,results/rerun_2026-09-28/cxr_traps/medsiglip448/Consolidation/predictions.csv.gz,63737428,426d85160c04a4d2d104a32f4e395fff6d2c97465741972bb8f8d7ae3a671178
wtss_outputs.tar,results/rerun_2026-09-28/cxr_traps/medsiglip448/Consolidation/trapA/predictions.csv.gz,12987662,3f14fdfce6c8ebe276cb794230c138a3e53df392cf1ecec15ad5ae7cda6da4bd
wtss_outputs.tar,results/rerun_2026-09-28/cxr_traps/medsiglip448/Consolidation/trapB/predictions.csv.gz,51354088,afa05cae355c7aeca26a119b1c9be3f88ac7e317f7726fb9054782f893749241
wtss_outputs.tar,results/rerun_2026-09-28/cxr_traps/medsiglip448/Effusion/predictions.csv.gz,64163058,485fcc8108bd868bf99b161c99407c222695a01f8075e4472d4bd09766f16bd8
wtss_outputs.tar,results/rerun_2026-09-28/cxr_traps/medsiglip448/Effusion/trapA/predictions.csv.gz,13426182,4f8725b2953ee68e257134fed439b3895f64b75f15e686494e01c45143c84342
wtss_outputs.tar,results/rerun_2026-09-28/cxr_traps/medsiglip448/Effusion/trapB/predictions.csv.gz,51353285,bea4bc767fa1f39b2c2ea914d5dd67385ca5c2e196a63bbc033129a7655b64a9
wtss_outputs.tar,results/rerun_2026-09-28/cxr_traps/medsiglip448/Infiltration/predictions.csv.gz,64346126,97ae80ced6d725a58d45c0ce810adeb2a29eebdaefff9a5abf9ee9ca802a0a13
wtss_outputs.tar,results/rerun_2026-09-28/cxr_traps/medsiglip448/Infiltration/trapA/predictions.csv.gz,13553383,3a6b0cd05ffc2b44c103920628de234ae2f94de3246c0ede3487b61241b438d4
wtss_outputs.tar,results/rerun_2026-09-28/cxr_traps/medsiglip448/Infiltration/trapB/predictions.csv.gz,51155868,1c8cf3b22d6d6c556c7005bdc1c3a21ea94ffbe2e5bd9aab857672cd7285ad5b
wtss_outputs.tar,results/rerun_2026-09-28/cxr_traps/raddino518/Atelectasis/predictions.csv.gz,63933441,0956c991cfcb32470f80b78268ae8e64bbff09826bc19690a2cfa10c77c4c9ab
wtss_outputs.tar,results/rerun_2026-09-28/cxr_traps/raddino518/Atelectasis/trapA/predictions.csv.gz,13173815,fbbe4a7579bef71eb01bf139037a7229e3029b96e189e55dd79258c076742253
wtss_outputs.tar,results/rerun_2026-09-28/cxr_traps/raddino518/Atelectasis/trapB/predictions.csv.gz,51258916,899ec6cbc4aa2ee0a768e12baf5c2d6533278d41bb4e4286e480639e16438f23
wtss_outputs.tar,results/rerun_2026-09-28/cxr_traps/raddino518/Consolidation/predictions.csv.gz,63640507,5dc9f3dc896ccc0570ddbf0f2f45a887269f501f4bed576efdcaee81e9503cbe
wtss_outputs.tar,results/rerun_2026-09-28/cxr_traps/raddino518/Consolidation/trapA/predictions.csv.gz,12954883,db03eb58416b756b0551a8070f2c67776aba3aaca0ef4ee9dd65eacb10faf178
wtss_outputs.tar,results/rerun_2026-09-28/cxr_traps/raddino518/Consolidation/trapB/predictions.csv.gz,51306213,5af30363c0802f855f63a042d40717979c26f8863abf7f9ec5cc0469ff7f4802
wtss_outputs.tar,results/rerun_2026-09-28/cxr_traps/raddino518/Effusion/predictions.csv.gz,64056049,e438424336a3e54dc14ce175a47ae085670d7868cec2b493b391d8f560b2a040
wtss_outputs.tar,results/rerun_2026-09-28/cxr_traps/raddino518/Effusion/trapA/predictions.csv.gz,13373821,8d55426b37c810afc85c32aea6fbfd912974f01344830dad46760d04b602a14b
wtss_outputs.tar,results/rerun_2026-09-28/cxr_traps/raddino518/Effusion/trapB/predictions.csv.gz,51215923,be0529e094133a49a815444a6bba3172e94eebc4509e4a3cb36e8a1a9507cf40
wtss_outputs.tar,results/rerun_2026-09-28/cxr_traps/raddino518/Infiltration/predictions.csv.gz,64142874,b28617d8d5dfdc704d2e96874ce7cb8425f38c4ef5fddcc99203f6d4fdf57474
wtss_outputs.tar,results/rerun_2026-09-28/cxr_traps/raddino518/Infiltration/trapA/predictions.csv.gz,13494562,9b1bdbec63124d3c1851c162ed024607e4921b9339e758d59c839de0c4cd1074
wtss_outputs.tar,results/rerun_2026-09-28/cxr_traps/raddino518/Infiltration/trapB/predictions.csv.gz,50976350,a40fb60e7fe8de77fc82951a4febeb07991ea56c124dac3bcdd866503a24ea62
wtss_outputs.tar,results/rerun_2026-09-28/external_isic2020/traps_dino518/predictions.csv.gz,5230080,591b8b977224bb15985f4604f6c74a42f495b0ad2ca4d259df28e78b07c03fa1
wtss_outputs.tar,results/rerun_2026-09-28/finetune/capsule/resnet50/predictions.csv.gz,357887,7cfcb0974f47586a0935881ff9d9f7fca8b2e070570d75116eded3b21f708e80
wtss_outputs.tar,results/rerun_2026-09-28/finetune/isic/resnet50/predictions.csv.gz,826913,bf0df68c82d16ad60b1f0ad27f1e47f3567c899b67dc14033eda13dbd1d4deab
wtss_outputs.tar,results/rerun_2026-09-28/finetune/ovary/resnet50_power/predictions.csv.gz,191553,5dc110726985c488f21507ff0b4bdd9691d8ccee7f9f2adeb1a99ae362fcb570
wtss_outputs.tar,results/rerun_2026-09-28/finetune/ovary/resnet50_power_g4/predictions.csv.gz,131374,5a341442ed053ddc56c5f5c0822264fefc32f37cdb041135337383311eda88e0
wtss_outputs.tar,results/rerun_2026-09-28/finetune/thyroid/resnet50/predictions.csv.gz,991800,684e8c1160aa24014cf3605bb6af330dbf597baf0c3ea5cbc42c19134da31e76
wtss_outputs.tar,results/rerun_2026-09-28/finetune/thyroid/vit_small_patch16_224.augreg_in21k_ft_in1k/predictions.csv.gz,925804,b87abed2b6bbf812daf4fc8b0a0993900fe7421e5207f28849070e6bf17450eb
wtss_outputs.tar,results/rerun_2026-09-28/leakage/grouped/predictions.csv.gz,164045,3ad665086b8d1388b497ce4d63e27d530b9302679f152eb29d2670352959daf7
wtss_outputs.tar,results/rerun_2026-09-28/leakage/random_0/predictions.csv.gz,162766,697ce8a65f1ffb059ac65b946d046239e387e3a1ce8f8cb7fedfe71ed50f0e52
wtss_outputs.tar,results/rerun_2026-09-28/leakage/random_1/predictions.csv.gz,163285,28b5dac70fae587b5a9ce49303a63f45f2b91b3c96b0e6e6ba8cb0f70edbeeb5
wtss_outputs.tar,results/rerun_2026-09-28/leakage/random_2/predictions.csv.gz,165592,8f92ba2708ba80d0331a0b05c93e85a8309c1650fc8ad8fdf3c847d3124bcc26
wtss_outputs.tar,results/rerun_2026-09-28/leakage/random_3/predictions.csv.gz,164018,8fe05ed19ada2b58209e8d70fbc3e84ea4226c430783230438673828d970c391
wtss_outputs.tar,results/rerun_2026-09-28/leakage/random_4/predictions.csv.gz,165063,6238faaa4811247bd400e23026d1f27723cddc9c06f686dadf7e9a533412c283
wtss_outputs.tar,results/rerun_2026-09-28/natural/capsule_dino518_repro/predictions.csv.gz,2989609,0b69bdf4a16f89d49d3d276ccb73f732009db8f6c4a593e43dbdd7b5d3ec91d2
wtss_outputs.tar,results/rerun_2026-09-28/natural/isic_BCN_dino518_repro/predictions.csv.gz,29159607,57c2ef0a6259dbafa748ef340cd176ad70521d216268ae8032acc8cef4876d97
wtss_outputs.tar,results/rerun_2026-09-28/natural/isic_HAM_dino518_repro/predictions.csv.gz,24449611,23137534d736ae34b97915e5de689c29d6db2bc6bb92ef06aa6707c231c0cf2d
wtss_outputs.tar,results/rerun_2026-09-28/natural/isic_MSK_dino518_repro/predictions.csv.gz,10036887,847237fe5c4cb3cc499485253d496a1438c8ff20487bd04444b0a634989b2c36
wtss_outputs.tar,results/rerun_2026-09-28/natural/thyroid_dino518_repro/predictions.csv.gz,1824584,017f027d66ddb3ada7929bcf249c1dafba22b14a91ba2f324560c2e24f5e5969
wtss_outputs.tar,results/rerun_2026-09-28/ovary/dino518_emb_groups/predictions.csv.gz,1041998,0f468cea618871dd2ab40dfdd8ead11bdfb9ccd9dd36ee4460cdc27f473ecb6d
wtss_outputs.tar,results/rerun_2026-09-28/ovary/dino518_lama/predictions.csv.gz,278364,40ad7257b92f4d702fa52430868e7ef849cbaeb400f2768e2f1224114be575a7
wtss_outputs.tar,results/rerun_2026-09-28/ovary/dino518_main/predictions.csv.gz,2031627,577c5e05beaa5a4f33591033edff2d5ebcfbd6a40393d06b382764f42fc015f0
wtss_outputs.tar,results/rerun_2026-09-28/ovary/dino518_matched/predictions.csv.gz,192199,5e2ae9496083c917810f23e8784d983c9865caa373eac0ed5fd3cc44df8a3548
wtss_outputs.tar,results/rerun_2026-09-28/ovary/dino518_matched05/predictions.csv.gz,184507,1322c8ce3e80e4d42ed11b9a2776dd76024f05eed284c5dbc70e170f487f5b35
wtss_outputs.tar,results/rerun_2026-09-28/ovary/dino518_repro/predictions.csv.gz,277901,ff63fd80efe6ca45a27f230982d662dc1a2ecf66c7746cee88153fd60369080e
wtss_outputs.tar,results/rerun_2026-09-28/ovary/dino518_sens_px50/predictions.csv.gz,893958,b7852e67504a3311c6e40984496e44a039f989ca009dc474c1b6d428a9dfa543
wtss_outputs.tar,results/rerun_2026-09-28/ovary/dino518_sens_strictloc/predictions.csv.gz,871603,f08518f5c2239efc16b85e7b3b0c98ce7635478b6a75769efaece53b0aa67b8d
wtss_outputs.tar,results/rerun_2026-09-28/ovary/dino518_universal/predictions.csv.gz,3245210,766da9ad5ceb296d9ff0dc4d473955dd0061df0704104bf8ed8389dd5ec58984
wtss_outputs.tar,results/rerun_2026-09-28/ovary/dinol518_scale/predictions.csv.gz,1039649,7816468fb69be89a7f46a63b10004d7ee96a6394d228689b1859016863ccb7b0
wtss_outputs.tar,results/rerun_2026-09-28/ovary/dinos518_scale/predictions.csv.gz,1046210,045936096f83de829a6f22d330271fb401f4ba40ee500fbed0bcfb6f49ab3b05
wtss_outputs.tar,results/rerun_2026-09-28/ovary/medsiglip448_universal/predictions.csv.gz,1646849,f1c9938aaae5f4e028f5bac57f56b955ce415ad994193e17fd07cbcc95b00c67
wtss_outputs.tar,results/rerun_2026-09-28/review2/transplant/capsule_dino518/fold0/predictions.csv.gz,117458,39d4fee8df462b2f0ac5adba239d244b884a454df5bba8862af1030cd62ff78f
wtss_outputs.tar,results/rerun_2026-09-28/review2/transplant/capsule_dino518/fold1/predictions.csv.gz,104338,b082d7128314abe338383423212f82c4a70a322273c2a991938c3ab32a2cd7ef
wtss_outputs.tar,results/rerun_2026-09-28/review2/transplant/capsule_dino518/fold2/predictions.csv.gz,109100,6f67e2d2cac30985432841396140f8531015d91cc55f3a9aa8c8df0661cf5596
wtss_outputs.tar,results/rerun_2026-09-28/review2/transplant/capsule_dino518/fold3/predictions.csv.gz,103280,d9348a3b6b90f1e05ecf75f903e628a73e1cff980f06a314d959b95c1ef4dfca
wtss_outputs.tar,results/rerun_2026-09-28/review2/transplant/capsule_dino518/fold4/predictions.csv.gz,105032,e631c024ccc022ddf61a3b8b977d53409c2c25567fd329d9064463e1beff6aa5
wtss_outputs.tar,results/rerun_2026-09-28/review2/transplant/capsule_dino518/predictions.csv.gz,533231,b888ad959382f83f49aee02515e45e7328e0f365eb6830e8f69bd870c2ef6d9e
wtss_outputs.tar,results/rerun_2026-09-28/review2/transplant/capsule_dino518_neutral/fold0/predictions.csv.gz,44887,6b63006da5e7de84475f0057411291a7fc16f52c5a612c650d114ed1b4390816
wtss_outputs.tar,results/rerun_2026-09-28/review2/transplant/capsule_dino518_neutral/fold1/predictions.csv.gz,40258,3cb5fc8229f478a96e4d9a86754e4f125de1f0fe0f82a198843fc6889757d2df
wtss_outputs.tar,results/rerun_2026-09-28/review2/transplant/capsule_dino518_neutral/fold2/predictions.csv.gz,41926,5cf19c19b8c5d0d17aaf06b9098263230900f9ab21cd48451655ad8b262e4e29
wtss_outputs.tar,results/rerun_2026-09-28/review2/transplant/capsule_dino518_neutral/fold3/predictions.csv.gz,39592,f88eec9fda3de47c6a2ead80e5581bd7a12ae38ca72ebc0c5f50be59b64b7a59
wtss_outputs.tar,results/rerun_2026-09-28/review2/transplant/capsule_dino518_neutral/fold4/predictions.csv.gz,40680,1684a73e2cb59a85586ed0dc11427687687983fda260b7c4290724d54dead82b
wtss_outputs.tar,results/rerun_2026-09-28/review2/transplant/capsule_dino518_neutral/predictions.csv.gz,204276,b3b33ee373ed51c428b46c863c15801f32064a373a45854c52be1514fc84bcf0
wtss_outputs.tar,results/rerun_2026-09-28/review2/transplant/isic_dino518/fold0/predictions.csv.gz,287070,665288de956991b4aa92c4e9f6b96c5e7ce9315dc3c0afb6a65792aec7c5ce29
wtss_outputs.tar,results/rerun_2026-09-28/review2/transplant/isic_dino518/fold1/predictions.csv.gz,289639,08772e079aca9beb14124a1b10cc17ef8ebd788eaf1cccfb41b70c7e3f7e8329
wtss_outputs.tar,results/rerun_2026-09-28/review2/transplant/isic_dino518/fold2/predictions.csv.gz,287001,43267ed009e4339793c171b907f618a344da85741f6a4f5c8c7a4164d40742cb
wtss_outputs.tar,results/rerun_2026-09-28/review2/transplant/isic_dino518/fold3/predictions.csv.gz,288682,4246caa558d3ca4acc585f7f969a3e12588258368e81e706f25764817d059852
wtss_outputs.tar,results/rerun_2026-09-28/review2/transplant/isic_dino518/fold4/predictions.csv.gz,287070,181a98dd89fb11b6b4c3202e32dc7a23033934f50a5c95c4846c53d0273e15c4
wtss_outputs.tar,results/rerun_2026-09-28/review2/transplant/isic_dino518/predictions.csv.gz,1433662,d8f08975f068d41332070d8a0f3fc9ccd263eb2f86a674f9bfe889208c95c0a5
wtss_outputs.tar,results/rerun_2026-09-28/review2/transplant/isic_dino518_neutral/fold0/predictions.csv.gz,116880,7162485c64b9bb8b980b7327620d8248e5c516090ca6ce1e9bdb43f5a9210511
wtss_outputs.tar,results/rerun_2026-09-28/review2/transplant/isic_dino518_neutral/fold1/predictions.csv.gz,118281,1ae96927269f447ad2984bc24bf8b6958b31462aa55849a48c184821f5b7566d
wtss_outputs.tar,results/rerun_2026-09-28/review2/transplant/isic_dino518_neutral/fold2/predictions.csv.gz,117154,4b50c56ab8e3c34fd3048a1a665c2cefd477b0e376f80d2d21960176960a2b18
wtss_outputs.tar,results/rerun_2026-09-28/review2/transplant/isic_dino518_neutral/fold3/predictions.csv.gz,117530,8128cc4ef18292ba6c7fdc260b7d2a66a0d72f372422e43a8bd24c5b89b8d0f9
wtss_outputs.tar,results/rerun_2026-09-28/review2/transplant/isic_dino518_neutral/fold4/predictions.csv.gz,116581,aee995abeeb318f3824782f83dd8fd0c3946c730a746944d7b3d09cac41c8223
wtss_outputs.tar,results/rerun_2026-09-28/review2/transplant/isic_dino518_neutral/predictions.csv.gz,574634,5893e8b871f618cbad93149da99a5912376b6069ede66c27311c28f464971947
wtss_outputs.tar,results/rerun_2026-09-28/review2/transplant/ovary_dino518/fold0/predictions.csv.gz,109599,57a8a189317c9afd36470ce17fe5e5a7522133548523a82324076cea9f980a25
wtss_outputs.tar,results/rerun_2026-09-28/review2/transplant/ovary_dino518/fold1/predictions.csv.gz,111368,a7c799d13f61f28d6771c8b59f437899ab3a276f77a388bb958260bef6d47e63
wtss_outputs.tar,results/rerun_2026-09-28/review2/transplant/ovary_dino518/fold2/predictions.csv.gz,107076,7ed1f161913896b25df68b403e2a1a91e029ba21c4b180fd4b19392928497441
wtss_outputs.tar,results/rerun_2026-09-28/review2/transplant/ovary_dino518/fold3/predictions.csv.gz,108735,76c7f6bcc110f62b5a156cc814408408fd37f114587f479dcabe0381fca00a89
wtss_outputs.tar,results/rerun_2026-09-28/review2/transplant/ovary_dino518/fold4/predictions.csv.gz,106356,a74a86dcb57d964aa8b757a37fc10e468766b481cda8766ff0115597899d1021
wtss_outputs.tar,results/rerun_2026-09-28/review2/transplant/ovary_dino518/predictions.csv.gz,538617,f1e30987896bcab7a4a836031b33a89caecae8c131de2163510ba6a844ee5f63
wtss_outputs.tar,results/rerun_2026-09-28/review2/transplant/ovary_dino518_neutral/fold0/predictions.csv.gz,41797,caceda71d60edad7b260b7fd2b38e886dc6bcd6bf5cae736e3aec237094d1808
wtss_outputs.tar,results/rerun_2026-09-28/review2/transplant/ovary_dino518_neutral/fold1/predictions.csv.gz,42702,980d1bd446721c895df7ada4995444e271ff6f02b2ac678eb9c2840b729ef921
wtss_outputs.tar,results/rerun_2026-09-28/review2/transplant/ovary_dino518_neutral/fold2/predictions.csv.gz,41165,32e93b6f73de3204c9d375f8ebc360e550bdd9f98af765811042235b41f8eda9
wtss_outputs.tar,results/rerun_2026-09-28/review2/transplant/ovary_dino518_neutral/fold3/predictions.csv.gz,41750,33834533cb8b3cb0812b9ffb063f22d97c89e30ddbc06c85b066125c143fb4b9
wtss_outputs.tar,results/rerun_2026-09-28/review2/transplant/ovary_dino518_neutral/fold4/predictions.csv.gz,40378,aeb3f3ba4080cbd0f73bfdd96826652d0d86d7964415c251d5d552b431a98856
wtss_outputs.tar,results/rerun_2026-09-28/review2/transplant/ovary_dino518_neutral/predictions.csv.gz,205494,cb61d5f835922291d4ca92ed3352f4e941d849be33b56167ba4ecb202c09d440
wtss_outputs.tar,results/rerun_2026-09-28/review2/transplant/thyroid_dino518/fold0/predictions.csv.gz,641164,461e691325be4ad13bd9996354d8aee7f5c02a20f5c4c3850b3d43aa1fa11fcb
wtss_outputs.tar,results/rerun_2026-09-28/review2/transplant/thyroid_dino518/fold1/predictions.csv.gz,636713,1c3f0d0a180ca209c1cefddcc511578102f882ad8e48be6bc15d9e65fd2fda29
wtss_outputs.tar,results/rerun_2026-09-28/review2/transplant/thyroid_dino518/fold2/predictions.csv.gz,631625,d0e83caae3edc6622008477e5174287e556707757972e5010e2ec8926ad1a308
wtss_outputs.tar,results/rerun_2026-09-28/review2/transplant/thyroid_dino518/fold3/predictions.csv.gz,630437,2784370a2d0fc089a4ba793cfbacb5a9916f26b3aca896da5a7114af97ef4ec0
wtss_outputs.tar,results/rerun_2026-09-28/review2/transplant/thyroid_dino518/fold4/predictions.csv.gz,629812,7a01ebd12bd2faa1af8ca860b8bc62c65582dc6d430723419ae28f4a94320fbe
wtss_outputs.tar,results/rerun_2026-09-28/review2/transplant/thyroid_dino518/predictions.csv.gz,3222737,392b1488aa8f9a40c25e2b36dec3de626e14000afea88e999625e76e3578485b
wtss_outputs.tar,results/rerun_2026-09-28/review2/transplant/thyroid_dino518_neutral/fold0/predictions.csv.gz,306670,cfcacf4a1eb8fbf176d887bc0eeb9c7cda51322a2d3017865996f06f78a27102
wtss_outputs.tar,results/rerun_2026-09-28/review2/transplant/thyroid_dino518_neutral/fold1/predictions.csv.gz,306959,1cd9f01941cc8d2812065e5bbc22d6e5aab43d409d9a8bddb1e544c9a4694d20
wtss_outputs.tar,results/rerun_2026-09-28/review2/transplant/thyroid_dino518_neutral/fold2/predictions.csv.gz,305434,aaaacac172b361214af888ceaa5bf22493c8126540a46a99f942747cd2d923cc
wtss_outputs.tar,results/rerun_2026-09-28/review2/transplant/thyroid_dino518_neutral/fold3/predictions.csv.gz,306537,49772952da5885ec907d872a8f6a2ab856eb7115e5c8da1680fb8997744e739c
wtss_outputs.tar,results/rerun_2026-09-28/review2/transplant/thyroid_dino518_neutral/fold4/predictions.csv.gz,303069,a53aedab9c52ab38803e11d0f93fd0fb10bf27fcf33c84bb565c4f872918d7e4
wtss_outputs.tar,results/rerun_2026-09-28/review2/transplant/thyroid_dino518_neutral/predictions.csv.gz,1508954,404f356f2a4d8f5d9b0d825a2bdbafaecc41e2f8e491e5d7019b3bd2c6f13592
wtss_outputs.tar,results/rerun_2026-09-28/spec_e13/dermlip224_spec/predictions.csv.gz,15149756,3d079be125951fc4816b49c8fdfe32d3fd7eb13415e0be8d26cadfb24ff5c9e1
wtss_outputs.tar,results/rerun_2026-09-28/spec_e13/dermlip224_spec_universal/predictions.csv.gz,7586869,21b18b2293129504ac03f93db55eb84b414a92fedcbf4f305a04278606a8f55f
wtss_outputs.tar,results/rerun_2026-09-28/spec_e13/dino518_e12_contrast/predictions.csv.gz,3227841,941547aaefe1287a9034a8564c47d65dbeec057a8ddeecf1ecbe48b887607c80
wtss_outputs.tar,results/rerun_2026-09-28/spec_e13/dino518_matched/predictions.csv.gz,1098665,3e3dbddf0696e60af25b830bee7746fe104ea0da6b81e4f1991a10073cd286cc
wtss_outputs.tar,results/rerun_2026-09-28/spec_e13/dino518_matched05/predictions.csv.gz,1081748,817d6fc4db0fb0785e6d51ad9682e27bfd521f8e344286d7a9ba8c190651468f
wtss_outputs.tar,results/rerun_2026-09-28/spec_e13/dino518_repro/predictions.csv.gz,2121621,296cfec96c826744bae067822d14bb977fda41d23e0a9bd1d046580d6f07700d
wtss_outputs.tar,results/rerun_2026-09-28/spec_e13/dino518_spec/predictions.csv.gz,15079189,85ce3bbc1f61163afe1c0379f1b1e0964e8a4a2b2342ac69754b16378898d653
wtss_outputs.tar,results/rerun_2026-09-28/spec_e13/dino518_spec_ablation/predictions.csv.gz,5343702,0d1a8d20fb6ee9201b3f3e488195aa809747574b6bf7c8d3a67a255bc988d825
wtss_outputs.tar,results/rerun_2026-09-28/spec_e13/dino518_spec_splice_v2/predictions.csv.gz,7517236,4ca1645b4f4523816d4db42397e36aa2d3d0d6cedf6de2dfc0c1678fbc7f4fb7
wtss_outputs.tar,results/rerun_2026-09-28/spec_e13/dino518_spec_universal/predictions.csv.gz,24284201,4f224be3148db584a61d1a3d33c0bf1d9f267fb5d384a95f0f85d9290d254434
wtss_outputs.tar,results/rerun_2026-09-28/spec_e13/dinol518_spec_scale/predictions.csv.gz,8601898,61fab170209e61579a784b8806e82c12db3492bef87b0fa59ed1085e78337023
wtss_outputs.tar,results/rerun_2026-09-28/spec_e13/dinos518_spec_scale/predictions.csv.gz,8633951,a0ac3ecc0e6a3695ac8514783dbdb881636071446a3554f1772e36aac8e615dc
wtss_outputs.tar,results/rerun_2026-09-28/synthetic/capsule/dino518_debris_corr_main/predictions.csv.gz,1280336,085ddddc2416cb035c1594ec14890ca8361e88b9c16e0955d1e9c1ee5defc1de
wtss_outputs.tar,results/rerun_2026-09-28/synthetic/capsule/medsiglip448_debris_corr_main/predictions.csv.gz,1275509,6f6a5515264ae5d95cd696cab52dad3654b75c443da024b12ea089ebb8d29195
wtss_outputs.tar,results/rerun_2026-09-28/synthetic/isic2018/dermlip224_ruler_fixed_corr_main/predictions.csv.gz,3951936,f4dcccedb4c837a587048f8433342805b45c792d1ba957cde06f83ba4cdaa2ad
wtss_outputs.tar,results/rerun_2026-09-28/synthetic/isic2018/dino224_ruler_fixed_corr_main/predictions.csv.gz,3804517,ba8d42588d12d9f543fa4c9cd746bfd0db37f25d048bd39fc735d897b9149205
wtss_outputs.tar,results/rerun_2026-09-28/synthetic/isic2018/dino518_ruler_fixed_corr_dilation/predictions.csv.gz,679480,02528702c7a6bca1af4af1359896824bacdf87c63f229c03ca9753c9c9ad1fc9
wtss_outputs.tar,results/rerun_2026-09-28/synthetic/isic2018/dino518_ruler_fixed_corr_main/predictions.csv.gz,2019244,e6ebeec9203e350c8a92f1607c6687dda2a0e9d3cc601574fcc0f23b3f393643
wtss_outputs.tar,results/rerun_2026-09-28/synthetic/isic2018/dino518_ruler_fixed_corr_proposed/predictions.csv.gz,2908804,ea86c87550dfa3b5849428cd806bafb971ac658fc33c94ffaf6b9367e556eca6
wtss_outputs.tar,results/rerun_2026-09-28/synthetic/isic2018/dino518_ruler_fixed_occlusion_occlusion/predictions.csv.gz,464476,8746ef0b3f5064f007910bcff6855958e2d76003d3850e006349ba95a5e76ef0
wtss_outputs.tar,results/rerun_2026-09-28/synthetic/isic2018/dino518_ruler_variable_corr_stress/predictions.csv.gz,2226455,f9d4a861228517588fd8ef08c33848a4db00b900e6b8158e2ec662526bd1a216
wtss_outputs.tar,results/rerun_2026-09-28/synthetic/nih_ptx/dino518_tube_corr_main/predictions.csv.gz,18384101,9be2f848228f776eee669d22b988e1d04f4b6668730c31377c5c8efbae054c5b
wtss_outputs.tar,results/rerun_2026-09-28/synthetic/nih_ptx/raddino518_tube_corr_main/predictions.csv.gz,18307999,7a0f2fe4ab88065ea2c7212d0cc7a0c324ea82722d97d8d8f82f91b98885f0bf
wtss_outputs.tar,results/rerun_2026-09-28/synthetic/ovary/dino518_caliper_corr_main/predictions.csv.gz,541928,1097ecf0acae6dfc8d729247d8fcdb4761180ff8cf81f2fed042af8ac2e31faa
wtss_outputs.tar,results/rerun_2026-09-28/synthetic/thyroid/dino518_caliper_corr_main/predictions.csv.gz,2017754,43d3b4119bcc4da2db901fec16a1be9f962c5ce9e9ef5d7fcc19f958d01ed599
wtss_outputs.tar,results/rerun_2026-09-28/synthetic/thyroid/medsiglip448_caliper_corr_main/predictions.csv.gz,2013592,113ca90665686048fdb523466a040061d07ea7d0e5d81a8b8d3386d62c24a6a6
wtss_outputs.tar,results/rerun_2026-09-28/thyroid/convnext384_universal/predictions.csv.gz,5990755,685ad43ae5cb91dd3e7150f65fa7d1b73a63f0a22b96d91b1109ee4562777822
wtss_outputs.tar,results/rerun_2026-09-28/thyroid/dino518_ablation/predictions.csv.gz,2632754,2860958c588438dd5e5e4c1e86c6adc55bdf6b31779a41524e23e63b730b40c0
wtss_outputs.tar,results/rerun_2026-09-28/thyroid/dino518_emb_groups/predictions.csv.gz,3745978,d954582ca54f5d99c3a98765688dfda1548da8aacd01608f2f1e1b173d64c019
wtss_outputs.tar,results/rerun_2026-09-28/thyroid/dino518_jtt/predictions.csv.gz,3177548,da078e90168649dbd926b8a77503b9bbdd90e6d16752a2a169a9ebe95d53e3e2
wtss_outputs.tar,results/rerun_2026-09-28/thyroid/dino518_lama/predictions.csv.gz,1028365,12c498740896235cdab68194a552465f69499a2309098b87669d97fa376f436c
wtss_outputs.tar,results/rerun_2026-09-28/thyroid/dino518_main/predictions.csv.gz,7470565,a355dfd2be1c33935ea5e7a656ef9f6a372b1fd69e1c71f2c547544ba07d1229
wtss_outputs.tar,results/rerun_2026-09-28/thyroid/dino518_matched/predictions.csv.gz,722533,833bd5ec887b3aea38ebf6b724990effbd2c9ec9fc9d1f055855913e790018b6
wtss_outputs.tar,results/rerun_2026-09-28/thyroid/dino518_matched05/predictions.csv.gz,710011,1eef6090ba5b31068829a77c9199648c2c2449a117b063411aa88b06e46e6e2c
wtss_outputs.tar,results/rerun_2026-09-28/thyroid/dino518_protect_generic/predictions.csv.gz,3252179,ab2a21afc6c76f5cbe0757dd944443574daa6badbe487851bb35eef5386b201d
wtss_outputs.tar,results/rerun_2026-09-28/thyroid/dino518_repro/predictions.csv.gz,1031091,046ed278fc72d5f7e061313300549b26fb3abd62b757afb86f40586577af440e
wtss_outputs.tar,results/rerun_2026-09-28/thyroid/dino518_sens_px50/predictions.csv.gz,3040490,cb2ff2e1594ba7f5244fbd3fd7cbec2579dacf2c62bf5556aeff3e52f8bfb597
wtss_outputs.tar,results/rerun_2026-09-28/thyroid/dino518_sens_strictloc/predictions.csv.gz,2887319,d5dfb415e98de9a5a788d6ccf5097b1b8584533285051880bb4f6c2c38e55011
wtss_outputs.tar,results/rerun_2026-09-28/thyroid/dino518_splice_v2/predictions.csv.gz,3730410,8c360287c8f13fb1f9126775c1046bf4cc971f7b5dea37a8ed245827d7704f92
wtss_outputs.tar,results/rerun_2026-09-28/thyroid/dino518_universal/predictions.csv.gz,11580045,43228d7c64b0a7ac2404f2cc3f5fafe4d41e1eb7a2f064e51b912f4ccb37df9b
wtss_outputs.tar,results/rerun_2026-09-28/thyroid/dinol518_scale/predictions.csv.gz,3751952,5db077664e184c9eb9883cc736915dcfb7795dd44650814f43be1af3d8947e3d
wtss_outputs.tar,results/rerun_2026-09-28/thyroid/dinos518_scale/predictions.csv.gz,3764330,091a38508a815e1d9c142e49f09ca21cafd8ea346c9810c0ec4cea10fd20fa4b
wtss_outputs.tar,results/rerun_2026-09-28/thyroid/medsiglip448_main/predictions.csv.gz,7557375,96fcde75ec94e4ff0e37d4d3c7eff8277293f9f50918615cb9b4c3b2c354ad10
wtss_outputs.tar,results/rerun_2026-09-28/thyroid/medsiglip448_universal/predictions.csv.gz,6004681,0f4083582d7675f44b92b2adf9868e81b927bbc637662d56d3baa1648d35f979
wtss_outputs.tar,results/review2/transplant/capsule_dino518/fold0/predictions.csv.gz,117458,39d4fee8df462b2f0ac5adba239d244b884a454df5bba8862af1030cd62ff78f
wtss_outputs.tar,results/review2/transplant/capsule_dino518/fold1/predictions.csv.gz,104338,b082d7128314abe338383423212f82c4a70a322273c2a991938c3ab32a2cd7ef
wtss_outputs.tar,results/review2/transplant/capsule_dino518/fold2/predictions.csv.gz,109100,6f67e2d2cac30985432841396140f8531015d91cc55f3a9aa8c8df0661cf5596
wtss_outputs.tar,results/review2/transplant/capsule_dino518/fold3/predictions.csv.gz,103280,d9348a3b6b90f1e05ecf75f903e628a73e1cff980f06a314d959b95c1ef4dfca
wtss_outputs.tar,results/review2/transplant/capsule_dino518/fold4/predictions.csv.gz,105032,e631c024ccc022ddf61a3b8b977d53409c2c25567fd329d9064463e1beff6aa5
wtss_outputs.tar,results/review2/transplant/capsule_dino518/predictions.csv.gz,533231,81de5c512760c5126bd35ab3309fc52b40ea97687861a147e1e84f18e4fd431e
wtss_outputs.tar,results/review2/transplant/capsule_dino518_neutral/fold0/predictions.csv.gz,44887,6b63006da5e7de84475f0057411291a7fc16f52c5a612c650d114ed1b4390816
wtss_outputs.tar,results/review2/transplant/capsule_dino518_neutral/fold1/predictions.csv.gz,40258,3cb5fc8229f478a96e4d9a86754e4f125de1f0fe0f82a198843fc6889757d2df
wtss_outputs.tar,results/review2/transplant/capsule_dino518_neutral/fold2/predictions.csv.gz,41926,5cf19c19b8c5d0d17aaf06b9098263230900f9ab21cd48451655ad8b262e4e29
wtss_outputs.tar,results/review2/transplant/capsule_dino518_neutral/fold3/predictions.csv.gz,39592,f88eec9fda3de47c6a2ead80e5581bd7a12ae38ca72ebc0c5f50be59b64b7a59
wtss_outputs.tar,results/review2/transplant/capsule_dino518_neutral/fold4/predictions.csv.gz,40680,1684a73e2cb59a85586ed0dc11427687687983fda260b7c4290724d54dead82b
wtss_outputs.tar,results/review2/transplant/capsule_dino518_neutral/predictions.csv.gz,204276,6e2b315f1e7d8ea7f89381e94bc089ec621912343e34e14c3ecd27c98fa28fad
wtss_outputs.tar,results/review2/transplant/isic_dino518/fold0/predictions.csv.gz,287070,665288de956991b4aa92c4e9f6b96c5e7ce9315dc3c0afb6a65792aec7c5ce29
wtss_outputs.tar,results/review2/transplant/isic_dino518/fold1/predictions.csv.gz,289639,08772e079aca9beb14124a1b10cc17ef8ebd788eaf1cccfb41b70c7e3f7e8329
wtss_outputs.tar,results/review2/transplant/isic_dino518/fold2/predictions.csv.gz,287001,43267ed009e4339793c171b907f618a344da85741f6a4f5c8c7a4164d40742cb
wtss_outputs.tar,results/review2/transplant/isic_dino518/fold3/predictions.csv.gz,288682,4246caa558d3ca4acc585f7f969a3e12588258368e81e706f25764817d059852
wtss_outputs.tar,results/review2/transplant/isic_dino518/fold4/predictions.csv.gz,287070,181a98dd89fb11b6b4c3202e32dc7a23033934f50a5c95c4846c53d0273e15c4
wtss_outputs.tar,results/review2/transplant/isic_dino518/predictions.csv.gz,1433662,036138ebb9571838f19ec6284fba2023419ea6910ac0a7aa527dccbd79a66c97
wtss_outputs.tar,results/review2/transplant/isic_dino518_neutral/fold0/predictions.csv.gz,116880,7162485c64b9bb8b980b7327620d8248e5c516090ca6ce1e9bdb43f5a9210511
wtss_outputs.tar,results/review2/transplant/isic_dino518_neutral/fold1/predictions.csv.gz,118281,1ae96927269f447ad2984bc24bf8b6958b31462aa55849a48c184821f5b7566d
wtss_outputs.tar,results/review2/transplant/isic_dino518_neutral/fold2/predictions.csv.gz,117154,4b50c56ab8e3c34fd3048a1a665c2cefd477b0e376f80d2d21960176960a2b18
wtss_outputs.tar,results/review2/transplant/isic_dino518_neutral/fold3/predictions.csv.gz,117530,8128cc4ef18292ba6c7fdc260b7d2a66a0d72f372422e43a8bd24c5b89b8d0f9
wtss_outputs.tar,results/review2/transplant/isic_dino518_neutral/fold4/predictions.csv.gz,116581,aee995abeeb318f3824782f83dd8fd0c3946c730a746944d7b3d09cac41c8223
wtss_outputs.tar,results/review2/transplant/isic_dino518_neutral/predictions.csv.gz,574634,86959822604870560ca78a3aa240c5b4e0657406f68f3630ed3473e7c7cb04a4
wtss_outputs.tar,results/review2/transplant/ovary_dino518/fold0/predictions.csv.gz,109599,57a8a189317c9afd36470ce17fe5e5a7522133548523a82324076cea9f980a25
wtss_outputs.tar,results/review2/transplant/ovary_dino518/fold1/predictions.csv.gz,111368,a7c799d13f61f28d6771c8b59f437899ab3a276f77a388bb958260bef6d47e63
wtss_outputs.tar,results/review2/transplant/ovary_dino518/fold2/predictions.csv.gz,107076,7ed1f161913896b25df68b403e2a1a91e029ba21c4b180fd4b19392928497441
wtss_outputs.tar,results/review2/transplant/ovary_dino518/fold3/predictions.csv.gz,108735,76c7f6bcc110f62b5a156cc814408408fd37f114587f479dcabe0381fca00a89
wtss_outputs.tar,results/review2/transplant/ovary_dino518/fold4/predictions.csv.gz,106356,a74a86dcb57d964aa8b757a37fc10e468766b481cda8766ff0115597899d1021
wtss_outputs.tar,results/review2/transplant/ovary_dino518/predictions.csv.gz,538617,c498cae59233662a8ed46c3fdae3992c29d0f8c3ba5fb4ba2fd326a57fff2ef3
wtss_outputs.tar,results/review2/transplant/ovary_dino518_neutral/fold0/predictions.csv.gz,41797,caceda71d60edad7b260b7fd2b38e886dc6bcd6bf5cae736e3aec237094d1808
wtss_outputs.tar,results/review2/transplant/ovary_dino518_neutral/fold1/predictions.csv.gz,42702,980d1bd446721c895df7ada4995444e271ff6f02b2ac678eb9c2840b729ef921
wtss_outputs.tar,results/review2/transplant/ovary_dino518_neutral/fold2/predictions.csv.gz,41165,32e93b6f73de3204c9d375f8ebc360e550bdd9f98af765811042235b41f8eda9
wtss_outputs.tar,results/review2/transplant/ovary_dino518_neutral/fold3/predictions.csv.gz,41750,33834533cb8b3cb0812b9ffb063f22d97c89e30ddbc06c85b066125c143fb4b9
wtss_outputs.tar,results/review2/transplant/ovary_dino518_neutral/fold4/predictions.csv.gz,40378,aeb3f3ba4080cbd0f73bfdd96826652d0d86d7964415c251d5d552b431a98856
wtss_outputs.tar,results/review2/transplant/ovary_dino518_neutral/predictions.csv.gz,205494,6b128f45279f27b8a636f1fcbed67bd2d7f9a24ac33e994338c22b582f6c2fd8
wtss_outputs.tar,results/review2/transplant/thyroid_dino518/fold0/predictions.csv.gz,641164,461e691325be4ad13bd9996354d8aee7f5c02a20f5c4c3850b3d43aa1fa11fcb
wtss_outputs.tar,results/review2/transplant/thyroid_dino518/fold1/predictions.csv.gz,636713,1c3f0d0a180ca209c1cefddcc511578102f882ad8e48be6bc15d9e65fd2fda29
wtss_outputs.tar,results/review2/transplant/thyroid_dino518/fold2/predictions.csv.gz,631625,d0e83caae3edc6622008477e5174287e556707757972e5010e2ec8926ad1a308
wtss_outputs.tar,results/review2/transplant/thyroid_dino518/fold3/predictions.csv.gz,630437,2784370a2d0fc089a4ba793cfbacb5a9916f26b3aca896da5a7114af97ef4ec0
wtss_outputs.tar,results/review2/transplant/thyroid_dino518/fold4/predictions.csv.gz,629812,7a01ebd12bd2faa1af8ca860b8bc62c65582dc6d430723419ae28f4a94320fbe
wtss_outputs.tar,results/review2/transplant/thyroid_dino518/predictions.csv.gz,3222737,ec98c743909145d1848dd3df7a17ea8b4d0d03618cbfef8258e48f7a5141db45
wtss_outputs.tar,results/review2/transplant/thyroid_dino518_neutral/fold0/predictions.csv.gz,306670,cfcacf4a1eb8fbf176d887bc0eeb9c7cda51322a2d3017865996f06f78a27102
wtss_outputs.tar,results/review2/transplant/thyroid_dino518_neutral/fold1/predictions.csv.gz,306959,1cd9f01941cc8d2812065e5bbc22d6e5aab43d409d9a8bddb1e544c9a4694d20
wtss_outputs.tar,results/review2/transplant/thyroid_dino518_neutral/fold2/predictions.csv.gz,305434,aaaacac172b361214af888ceaa5bf22493c8126540a46a99f942747cd2d923cc
wtss_outputs.tar,results/review2/transplant/thyroid_dino518_neutral/fold3/predictions.csv.gz,306537,49772952da5885ec907d872a8f6a2ab856eb7115e5c8da1680fb8997744e739c
wtss_outputs.tar,results/review2/transplant/thyroid_dino518_neutral/fold4/predictions.csv.gz,303069,a53aedab9c52ab38803e11d0f93fd0fb10bf27fcf33c84bb565c4f872918d7e4
wtss_outputs.tar,results/review2/transplant/thyroid_dino518_neutral/predictions.csv.gz,1508954,fba3c46bd79600e807f65225a29e73777209e4feb962158359a371825e594d59
wtss_outputs.tar,results/round4/dose_response/capsule/predictions.csv.gz,1163037,66bd288cf8e0237fddeb558809e0124efc49425764301f266b070c496617a28c
wtss_outputs.tar,results/round4/dose_response/isic/predictions.csv.gz,4262776,5b7f845bbd9fcbe8db516069d8d9a9b737bbf460bf664435e66dd68fe3a298ff
wtss_outputs.tar,results/round4/dose_response/ovary/predictions.csv.gz,346855,fcc121b5c3be0e39420760576bb888a23e02e6c9ef10e8df46dd1f08d763082b
wtss_outputs.tar,results/round4/dose_response/thyroid/predictions.csv.gz,1615020,a3a62f2b5265abfe71b804ee1f5737536e74648f26fa01f517a4a0107ce24f00
wtss_outputs.tar,results/round4/masking_variants/capsule/predictions.csv.gz,1696324,b4d87c572be3d428d1755d67f5de34061814221cf0b736f426e82efeaa21cb56
wtss_outputs.tar,results/round4/masking_variants/isic/predictions.csv.gz,6399433,ab94fcf778c6981d999ebc9036f0120cfb66336d673810f331e8ac59730ea9a9
wtss_outputs.tar,results/round4/masking_variants/ovary/predictions.csv.gz,828829,c73878693e078dadc0b8c9cd34d4f17969e080197f0489c11ff4c42529a296d1
wtss_outputs.tar,results/round4/masking_variants/thyroid/predictions.csv.gz,3153011,c79502a1100db2d32c1692177f20b786cac11a6f41c32b9886ec8ee2e4e796ab
wtss_outputs.tar,results/round4/natural_isic2020/predictions.csv.gz,65225275,3ff84530bece1267d74056a0795920c86fd04692fd60109ff156f9e53f3665b1
wtss_outputs.tar,results/round5/predictions.csv.gz,83321919,b973dea7892064dc75b51c8c675ad207d0cb633e3a956881cba0f201ae0aaf64
wtss_outputs.tar,results/round6/clean_traps/capsule/predictions.csv.gz,556188,bebb3f1de71b55f79c49bc7cb406036132b11ec0fdd676553b8860e9bb4e5f5b
wtss_outputs.tar,results/round6/clean_traps/isic/predictions.csv.gz,1509193,bda05ca1ac5caf003a934c34f4c0c63ce0618a3eab0a07ca6058a44a0ae47c21
wtss_outputs.tar,results/round6/clean_traps/ovary/predictions.csv.gz,277901,dadc7806215da6fc2e07b3715638e35728c5af58eb77e1b2fb30cc39bd2deb74
wtss_outputs.tar,results/round6/exploratory/consensus_traps/thyroid/predictions.csv.gz,983198,30b5071d3ee051b8a2e26645025aa9981e0f63efab71edf8053427956faf38fd
wtss_outputs.tar,results/round6/ft_natural/predictions.csv.gz,310107,13b659388b992bd0568a6c33e756224c6b4fdd3a936455896fbeb184ca74c0f5
wtss_outputs.tar,results/round8/confirm/ft/natural/predictions.csv.gz,153576,f712198e8f71a6144d61708dbbbbd25ab9ec68b723c449bb68cbc1289e76ee40
wtss_outputs.tar,results/round8/confirm/ft/traps/predictions.csv.gz,619103,d304899dfaa377e88ad6ef414bf1eac8f026b51341d61ad8dd054b440c17b28a
wtss_outputs.tar,results/round8/confirm/natural/capsule_dino518/predictions.csv.gz,2312562,860b5de874d06955afb9c1d5ec5f79ce5dd1a94ba29c60759b5c33fc4d79c9aa
wtss_outputs.tar,results/round8/confirm/natural/isic2020_dino518/predictions.csv.gz,49319892,25846f545f75d5871f3368d9ad5f07694d7175d14c9ab993868476b692524d3c
wtss_outputs.tar,results/round8/confirm/natural/isic_BCN_dino518/predictions.csv.gz,17918897,cf06c565bfba775c0f7d50900775111f6cc32c20792a2c3e693e0b9827de81d1
wtss_outputs.tar,results/round8/confirm/natural/isic_HAM_dino518/predictions.csv.gz,15847873,c93b347e521de3092c2bfa29f4d7c9a422df82f8ed15c991a84e3649aa647b1b
wtss_outputs.tar,results/round8/confirm/natural/isic_MSK_dino518/predictions.csv.gz,9147718,77c8b3162a024a8bcc4c8535e0ff278391567d36d9ce3980c2314f0ca6bd4cf2
wtss_outputs.tar,results/round8/confirm/natural/thyroid_dino518/predictions.csv.gz,1476177,7cede3c287c78f6bbc285914e1426781d19618fa29beeeed0ecc2c584f3e0ef4
wtss_outputs.tar,results/round8/confirm/sweeps/capsule/predictions.csv.gz,1599916,6e005036ce5b9a66a9cefad5535761d00df04e9975e7172cc3a88ec829084346
wtss_outputs.tar,results/round8/confirm/sweeps/isic2018/predictions.csv.gz,6070106,5ccc82029144622d8b8583e2f408d07c61e14e999c4c5516329683b36f75a2ca
wtss_outputs.tar,results/round8/confirm/sweeps/ovary/predictions.csv.gz,532050,98c08666819eff1ed428aeea13f30327d97a85bf8600f40f86ac233776903619
wtss_outputs.tar,results/round8/confirm/sweeps/thyroid/predictions.csv.gz,3803283,676948c58e740acad608ffd99941d08450cc1f06e348b9878e4acb9039849b01
wtss_outputs.tar,results/round8/confirm/trap/capsule_convnext384/predictions.csv.gz,8039210,fd5d65eb9b70a9f072ccad4eeedea65d7ab7c2236ae11a6d9f614b9758fa73b8
wtss_outputs.tar,results/round8/confirm/trap/capsule_dino518/predictions.csv.gz,8684797,a01d7166925376ca9346cb3123762ea4f32f6c4297d9a85932d2b94e78ff1dbd
wtss_outputs.tar,results/round8/confirm/trap/capsule_medsiglip448/predictions.csv.gz,7969533,42839b43a63ce7f7f808a4f3b9a2657752a7c8c2921f8e568168c40e5e7aea52
wtss_outputs.tar,results/round8/confirm/trap/isic_dino518/predictions.csv.gz,32098348,0339045c43c91e4119715a8008113537d5674a4f724acbd2a2a6b369ca68f72e
wtss_outputs.tar,results/round8/confirm/trap/ovary_dino518/predictions.csv.gz,4231834,656b6649e83b1ebbf1ea568b5098291abf42e27f984266d15bbe83c672056fd1
wtss_outputs.tar,results/round8/confirm/trap/ovary_medsiglip448/predictions.csv.gz,3911525,058c3d8d1d7f3b39e0937a7362d2a76764d4f1e393ad1c3825821547247a38a4
wtss_outputs.tar,results/round8/confirm/trap/thyroid_convnext384/predictions.csv.gz,13719688,9846561f5796ccbf7dd676756f60343317702feb86f386fc3bf62577c53388f8
wtss_outputs.tar,results/round8/confirm/trap/thyroid_dino518/predictions.csv.gz,15334505,7c46e143ac2335ef717b8bd0467b93132bf587a1a74f31fa7b571302efae361d
wtss_outputs.tar,results/round8/confirm/trap/thyroid_medsiglip448/predictions.csv.gz,13769225,609f0fcb1074c9ecdc6e1454ccbfb22abe732680035e153b9d0173b20fcde4e9
wtss_outputs.tar,results/round8/dev/trap/capsule_convnext384/predictions.csv.gz,2491632,cb68d55d431f6182484e9bd951562ff3fa01b92b65fbc5b60f0927e728758ade
wtss_outputs.tar,results/round8/dev/trap/capsule_dino518/predictions.csv.gz,2693754,574d3412992f44fc331e2b49979eab005c9dcebec6e06cb51748dfd76189dcf4
wtss_outputs.tar,results/round8/dev/trap/capsule_medsiglip448/predictions.csv.gz,2470706,bb4956b59f3d810e25049c1e4b14e40f2c8dd7194df5c7293fa48cecab7cae1c
wtss_outputs.tar,results/round8/dev/trap/isic_dino518/predictions.csv.gz,12242308,437ef74b0fe13d73bddf7383e3edef2af561f78077eba0af18219f998c786acc
wtss_outputs.tar,results/round8/dev/trap/thyroid_convnext384/predictions.csv.gz,4440128,af8762e4ade3baa44859d842a6dae6f5a7ed4105f451afb29076d0688bc7d6a5
wtss_outputs.tar,results/round8/dev/trap/thyroid_dino518/predictions.csv.gz,4902490,5eff85e0cd2595257c36db11107f7202a92ccaffb58ef007a56072c24d8c4b05
wtss_outputs.tar,results/round8/dev/trap/thyroid_medsiglip448/predictions.csv.gz,4433433,fbe04c9cabcafd7eb930a9c228cb7cdf9d9ec4b568edbd3580024c68ee1ce41b
wtss_outputs.tar,results/round9/confirm/natural/capsule_dino518/predictions.csv.gz,958160,4e39a74daf387b908c6f2fb6d02f04c173b5b43ebb0b7115b491d54b220d8eb0
wtss_outputs.tar,results/round9/confirm/natural/isic2020_dino518/predictions.csv.gz,18859328,3d1d5b97bc183c87883a96d436dfc11ad68b2213d521eac236ea5b4c96d9e441
wtss_outputs.tar,results/round9/confirm/natural/isic_BCN_dino518/predictions.csv.gz,6908700,295d60b3826987e9f694801bb19e2f681d76207bf6c3bf362adbb6ca67e2d33e
wtss_outputs.tar,results/round9/confirm/natural/isic_HAM_dino518/predictions.csv.gz,6028655,a6b1e92cfc49e2057d44e947f26a7e19ea7aa3cabc077681808810fdfaac8b7d
wtss_outputs.tar,results/round9/confirm/natural/isic_MSK_dino518/predictions.csv.gz,3470370,e776b8844ca15a05257514c4bce42922999a118692103a7d00aea73f691fbe78
wtss_outputs.tar,results/round9/confirm/natural/thyroid_dino518/predictions.csv.gz,570072,401d588371452a8bdfa9e17b14ab1065256c9845b85acc0689f6939731151f40
wtss_outputs.tar,results/round9/confirm/trap/capsule_convnext384/predictions.csv.gz,3545195,21fd7503ef0b564e69d6437fed531501b45eae9ef7481a324272a4c140d36eb4
wtss_outputs.tar,results/round9/confirm/trap/capsule_dino518/predictions.csv.gz,3520683,53ec84eaf25ea7b2c493317148780ae2d147447803f0969645acf15574b244bd
wtss_outputs.tar,results/round9/confirm/trap/capsule_medsiglip448/predictions.csv.gz,3491424,250797539ed8afad0ba307ef9bc635c25f1ed5b840fe666df9d84c7d6e2f1a80
wtss_outputs.tar,results/round9/confirm/trap/isic_dino518/predictions.csv.gz,11659091,b30302161609536dc3d9e35f41f3d1fc98b1680e6372176a909f5daf36126cd1
wtss_outputs.tar,results/round9/confirm/trap/ovary_dino518/predictions.csv.gz,1824647,2b4ea874c6af7be32277829e4e0e9348a2ed305189be410e447e5bed274ef511
wtss_outputs.tar,results/round9/confirm/trap/ovary_medsiglip448/predictions.csv.gz,1818143,5ce55328b5625acd8db2aa9acbe3308116bb4402f77bc89e574be4380eb4f23a
wtss_outputs.tar,results/round9/confirm/trap/thyroid_convnext384/predictions.csv.gz,5863900,9f6557d7e9c32cbf44e3a9ac5973bfe8366a4eabe8ab9c4f9670796d34cf2b4f
wtss_outputs.tar,results/round9/confirm/trap/thyroid_dino518/predictions.csv.gz,5893242,f65c28a3f6e4debc1f2b29fcf2c52d5267eb22b2e3bdc0183effad1d2226e12f
wtss_outputs.tar,results/round9/confirm/trap/thyroid_medsiglip448/predictions.csv.gz,6004270,ef371fd64787ca7d0b046f56114cbf6c7f9ae00ddcdaa0df8179d24cf9423f69
wtss_outputs.tar,results/spec_e13/dino518_matched/predictions.csv.gz,1098665,3e3dbddf0696e60af25b830bee7746fe104ea0da6b81e4f1991a10073cd286cc
wtss_outputs.tar,results/spec_e13/dino518_matched05/predictions.csv.gz,1081748,817d6fc4db0fb0785e6d51ad9682e27bfd521f8e344286d7a9ba8c190651468f
wtss_outputs.tar,results/spec_e13/dino518_repro/predictions.csv.gz,2121621,296cfec96c826744bae067822d14bb977fda41d23e0a9bd1d046580d6f07700d
wtss_outputs.tar,results/spec_e13/dinol518_spec_scale/predictions.csv.gz,8601898,61fab170209e61579a784b8806e82c12db3492bef87b0fa59ed1085e78337023
wtss_outputs.tar,results/spec_e13/dinos518_spec_scale/predictions.csv.gz,8633951,a0ac3ecc0e6a3695ac8514783dbdb881636071446a3554f1772e36aac8e615dc
wtss_outputs.tar,results/thyroid/dino518_matched/predictions.csv.gz,722533,833bd5ec887b3aea38ebf6b724990effbd2c9ec9fc9d1f055855913e790018b6
wtss_outputs.tar,results/thyroid/dino518_matched05/predictions.csv.gz,710011,1eef6090ba5b31068829a77c9199648c2c2449a117b063411aa88b06e46e6e2c
wtss_outputs.tar,results/thyroid/dino518_repro/predictions.csv.gz,1031091,046ed278fc72d5f7e061313300549b26fb3abd62b757afb86f40586577af440e
wtss_outputs.tar,results/rerun_2026-09-28/analysis/E10/mendeley_inpaint.npz,1491854,30ee8123fc11d1c01642976f466fd02bffb994fe9c6ff3e231ea25628302173f
wtss_outputs.tar,results/rerun_2026-09-28/analysis/E10/mendeley_orig.npz,1491854,c6be601097d5cb95945be8801126ce49592604d7201883a356d71d5de846ab35
wtss_outputs.tar,results/rerun_2026-09-28/text_dirs/dermlip224_isic.npz,17382,06ec973776ed6bd4c41759fc1cf0c987d71a7cd94a00d333be0e53866a9fba6b
wtss_outputs.tar,results/rerun_2026-09-28/text_dirs/medsiglip448_capsule.npz,42470,1324fe8aff7f5b41d2ba45341f2ddbb60dff4c55a3247a33418e5a5b707d7611
wtss_outputs.tar,results/rerun_2026-09-28/text_dirs/medsiglip448_ovary.npz,33254,2afa8923dfd4729930c06855670ac824dec6bccf24297b744c50426f256a2539
wtss_outputs.tar,results/rerun_2026-09-28/text_dirs/medsiglip448_thyroid.npz,33254,96c24de6d77eeedff0dabc82466b371b79fadb504fc5dacb7ebe24289ee87b5e
wtss_outputs.tar,weights/isic2019_lesion_unet_spec_256.pt,124237115,cda5febace37d7c6c6ef78cc9ae577d517a093854b2398b19406ed88c1537040
wtss_outputs.tar,weights/isic2019_lesion_unet_spec_report.json,320,efdf0065bf8713168b620f5e7e84fb5fbb027e6747378eb0dad49fb666932aee
wtss_outputs.tar,weights/isic2020_hair_unet.pt,97919947,b93232a73935f1fdcbea42072b3408089bdb21b8ee32387096c0fb65ffb549bd
wtss_outputs.tar,weights/capsule_debris_probe.pt,6219,c8dbecf8bb970e41096ee2f4a579a50c9c6c93aeb804410930aecd03302d66af
wtss_outputs.tar,weights/capsule_debris_probe_eval.json,259,5226f4a3a6320eb98f39b309b9097d9db942750c1a43c43b8b86626df42fa231
wtss_outputs.tar,weights/drain_detector_raddino518_logreg.npz,4512,31df2a6ef0e6494a114cd34b3bd1efa948f4a3eadc832ff65ce6f58086fd182c
wtss_outputs.tar,weights/DRAIN_DETECTOR.json,249,6aa451977be7c4fdafc3eddfa7990cd32571d58c4b3d1693f3aa21030d209a2f
wtss_outputs.tar,results/rerun_2026-09-28/_logs/C4_archive.log,0,e3b0c44298fc1c149afbf4c8996fb92427ae41e4649b934ca495991b7852b855
wtss_outputs.tar,results/rerun_2026-09-28/_logs/C4_stage.log,41,033246faaea30f5cd73965d76a437ab70090cdccc511ae7117763ad55117c9d1
wtss_outputs.tar,results/rerun_2026-09-28/_logs/a2_matched_regression.log,1632,9d29908a3645349ae6825a394364c4d788438ac47530b1b1b1b91b2c126bf869
wtss_outputs.tar,results/rerun_2026-09-28/_logs/abl_isic.log,2729,4b524cf84703bb987c78556b04aa330205df4f691b04f75d563631a3924457ca
wtss_outputs.tar,results/rerun_2026-09-28/_logs/abl_thy.log,2058,8addac0295566f69a48894497c1207315b2434f828c68896f1309ddc25e3b165
wtss_outputs.tar,results/rerun_2026-09-28/_logs/adhoc_bootstraps.log,6433,60d5f3a4e03a74226cc39cdde9f8f6b1530e2644e27419e6e2e611f569ec84fb
wtss_outputs.tar,results/rerun_2026-09-28/_logs/clinical_repro.log,5154,ece5c0d23e0726edb92377ff560bf31c733a923ffbc9ed5de286208241fc7696
wtss_outputs.tar,results/rerun_2026-09-28/_logs/cp_capsule_matched.log,801,e40c418e24e71420c05338e9d219c81764bb4367e021268b018f8157946c3b65
wtss_outputs.tar,results/rerun_2026-09-28/_logs/cp_capsule_matched05.log,824,4a75b1eb4110103a657d37f5d542f3e82529c0aaab2c82bc1199b2a86fa4ea0c
wtss_outputs.tar,results/rerun_2026-09-28/_logs/cp_capsule_repro.log,756,63d90393e8cf6aceadde56a81ee9ab2aee4dfdfcf8ccafb1002813fb54edf4cb
wtss_outputs.tar,results/rerun_2026-09-28/_logs/cp_ft_isic.log,459,4ecead702f57e05a1396b76963aa91c32b5596eb9ffc78aa5d6a49bfe877a4da
wtss_outputs.tar,results/rerun_2026-09-28/_logs/cp_ft_ovary_g4.log,273,ffcf91ed1753afd4cee55f6a886dd158d7f2f22ea4615d1869090c4bcd7c9751
wtss_outputs.tar,results/rerun_2026-09-28/_logs/cp_ft_ovary_power.log,284,b984b00e6fc7fd0d4ca1f4d5ad8d1c480b641a24259e412c4af965ed2f74619a
wtss_outputs.tar,results/rerun_2026-09-28/_logs/cp_isic_matched.log,3802,2826132bd63436e485125da5a30405c3d5e061f0225ef1619179fe0d77665575
wtss_outputs.tar,results/rerun_2026-09-28/_logs/cp_isic_matched05.log,3852,22de489c7c8cb6b9ca12193f32bfcf3c439614c7de1e5eac6c0cf6cbd537c38e
wtss_outputs.tar,results/rerun_2026-09-28/_logs/cp_isic_repro.log,3778,2c07791d870d5c0c6ef7320e43473273bea8406ab5c1100789996538c8952d8c
wtss_outputs.tar,results/rerun_2026-09-28/_logs/cp_isic_scale_dinol518.log,3922,87d27fce47e1533f098e179559b88b1f8fc702aa2f764e1e1433f1e756b519ea
wtss_outputs.tar,results/rerun_2026-09-28/_logs/cp_isic_scale_dinos518.log,3922,c1192e812cdc7a5feba3cbb62c82914574ab55bc6f45cca803f09a2324d913ae
wtss_outputs.tar,results/rerun_2026-09-28/_logs/cp_nat_capsule.log,1526,2f7ff84c73f56135603564f347e6ba346eef494d40287d16865809810425c81b
wtss_outputs.tar,results/rerun_2026-09-28/_logs/cp_nat_isic_BCN.log,1522,019f7c80fa57e6630b40d57fe81c1df91ba71a730a5aabb6b8f9c8771154c225
wtss_outputs.tar,results/rerun_2026-09-28/_logs/cp_nat_isic_HAM.log,1511,584287f166af88a8b83c45af9c3da5cda02264494698d3511081fd2fcd928022
wtss_outputs.tar,results/rerun_2026-09-28/_logs/cp_nat_isic_MSK.log,1524,0fa645cae986a989ddf57c8c1797f1b3eae9f6cba5b40f9cc797f2af233aed5c
wtss_outputs.tar,results/rerun_2026-09-28/_logs/cp_nat_thyroid.log,1521,19de1320a4b22d6585fe9e122ef766ead40913e4354c1546d0a14951d84f53ac
wtss_outputs.tar,results/rerun_2026-09-28/_logs/cp_neu_capsule.log,539,7b965c338e78eacdd6db646f759b0ec05057dd2568534a3267b32bf764659c5e
wtss_outputs.tar,results/rerun_2026-09-28/_logs/cp_neu_isic.log,536,ed838bb263fd4150973ed271a40367977d725d03c860c042e4a3b6fb70c6c9fe
wtss_outputs.tar,results/rerun_2026-09-28/_logs/cp_neu_ovary.log,505,77ee3f9fdfd26577bc313854966987a277bc9d95e141dd682a1e55130f982fe0
wtss_outputs.tar,results/rerun_2026-09-28/_logs/cp_neu_thyroid.log,539,46825a4740a8daec11853e2d411383fbeae553534fdb24d868d9828f49eec3f5
wtss_outputs.tar,results/rerun_2026-09-28/_logs/cp_ovary_matched.log,798,a55aec0beda5bb638d60f6eebd35a6d7d71d417a8a463bf3fb023c0a3cd09599
wtss_outputs.tar,results/rerun_2026-09-28/_logs/cp_ovary_matched05.log,823,1e4cf2b7fc0ece1c4ea545c18e639cb918c666435ba84c714315496a3ce2ebd4
wtss_outputs.tar,results/rerun_2026-09-28/_logs/cp_ovary_repro.log,753,6c6ace777c6b0c5887a74007e3719054eb7568706c1acc971c52a8696b8e8752
wtss_outputs.tar,results/rerun_2026-09-28/_logs/cp_thyroid_matched.log,799,8767f77a35c5348e8a8289124e649d2d995ee98a9fdd39db664312f7bce7d47c
wtss_outputs.tar,results/rerun_2026-09-28/_logs/cp_thyroid_matched05.log,824,ac50d03f7b78fb8c1809ae3b7b94436d447fa892dbe56ec58320dc37f5a1e87d
wtss_outputs.tar,results/rerun_2026-09-28/_logs/cp_thyroid_repro.log,755,4fad83f2af60e20b17b955bf83d9388a5939b006c311a6ee8db8fc2b0498e465
wtss_outputs.tar,results/rerun_2026-09-28/_logs/cp_tr_capsule.log,942,44b9d04395edc25594b7d606a04d0434867f62eadb63e6e8247515f7bd9ed8ea
wtss_outputs.tar,results/rerun_2026-09-28/_logs/cp_tr_isic.log,939,66aa52b5fe9755b17bc88c62f80281028a994cc386e3a1edc0dc43431d3063cc
wtss_outputs.tar,results/rerun_2026-09-28/_logs/cp_tr_ovary.log,908,180c571effaaaea5e5f24195f57ef1f87ebb838fb7f49cb981cddaf353147404
wtss_outputs.tar,results/rerun_2026-09-28/_logs/cp_tr_thyroid.log,942,62ed031cdb0a8f38254d88c7c11a6cda44ebe59685d6409209616fc0bdef9e91
wtss_outputs.tar,results/rerun_2026-09-28/_logs/cross_cohort.log,12115,6db503dbb67de0dd8d98faa72a07767085b466227d006dd9391ea3bf0d83eb55
wtss_outputs.tar,results/rerun_2026-09-28/_logs/crossed_ci.log,16527,a1a87ed7ca62e03359887ae9fa5d5fc2229221bf2549501419f6a4bf0e10d627
wtss_outputs.tar,results/rerun_2026-09-28/_logs/cxr_devmatched.log,2913,672bf97d90393f272ff6ba6d83b4e75c78ee58aa5b48cbe903c81e83acba3b03
wtss_outputs.tar,results/rerun_2026-09-28/_logs/cxr_medsiglip.log,30059,4e06224c9dad81772e58d3362fed0bcb4eef0ecf3958349c9c3de4f52ad1521b
wtss_outputs.tar,results/rerun_2026-09-28/_logs/cxr_prepare.log,27169,413e2c57bc7d5c9bd853a3d549697bf35ec19db24163e7eba7038842beeca223
wtss_outputs.tar,results/rerun_2026-09-28/_logs/cxr_rerun.log,5842,ac725da6f332089d760d07432bf1297e92942310f9f90ccabd09dee224cb3f3a
wtss_outputs.tar,results/rerun_2026-09-28/_logs/cxr_rerun2.log,28950,caa3e2bd06f53bc286849ddfc37c8474cfb2271947e3a6284cbfef5e36a252f0
wtss_outputs.tar,results/rerun_2026-09-28/_logs/dl_clip.log,10,ae5c6b48682df74c33dc4d50938d7b93157ec7eed67936aff69b022efd487d49
wtss_outputs.tar,results/rerun_2026-09-28/_logs/dl_cxr.log,469,1f6d007f72144bd1d3a34e8e7fc6c77e245b53884cfc4b44f9da30980968d72e
wtss_outputs.tar,results/rerun_2026-09-28/_logs/e10_hair.log,1509,33ef68855568cdc06eba35e15a94e1d0ee5e58569818207db4865640aff0f73a
wtss_outputs.tar,results/rerun_2026-09-28/_logs/e12_contrast.log,1360,5bc885b96d6b177c71940cb1456bc8cfde4cfaaf7c91363d468fdd56292ac9cd
wtss_outputs.tar,results/rerun_2026-09-28/_logs/e7_e14.log,849,0a1024736e1b09dd50ba98a848af1c8c95a7a0a0e0e879ff4f980a97ee4b0b2d
wtss_outputs.tar,results/rerun_2026-09-28/_logs/emb_capsule.log,2601,376d523ed3585b11ec6b01a3c38daefed809cabaf680c3ef8e2cb59d4446c4ca
wtss_outputs.tar,results/rerun_2026-09-28/_logs/emb_groups.log,505,dc51cbc5bee2537e6de56c11c440d67fe82713a3ca346b45051d068c687762f5
wtss_outputs.tar,results/rerun_2026-09-28/_logs/emb_ovary.log,2595,716b6d13cd9978af950f322b39f84428f37c0f0a153a3586ff39af32f2e451d9
wtss_outputs.tar,results/rerun_2026-09-28/_logs/emb_thyroid.log,2598,2906a65227ec4d477650068264f46bfc77ea6a462b61d32eb2cc7537c4ee0b76
wtss_outputs.tar,results/rerun_2026-09-28/_logs/finish.log,123,f8a9486efde60428b493d45586ee2b7a3d813b20b6a0531999dea5fad0f6acb4
wtss_outputs.tar,results/rerun_2026-09-28/_logs/finish_A.log,1604,575a793f1fb70fc3d376aeddc8485b5c7cb7e2dd033d422c4462611c634edf6c
wtss_outputs.tar,results/rerun_2026-09-28/_logs/fix_isic_matched.log,2053,321e49268854b16af8aa02b576983943cec4bcdce26d07b591fe2549d906aaed
wtss_outputs.tar,results/rerun_2026-09-28/_logs/fix_isic_matched05.log,2080,a0c4bfac5f51bc3d48ce9a90fd833dc8136830bfe2620b08706a2b0fa21bd35c
wtss_outputs.tar,results/rerun_2026-09-28/_logs/fix_isic_repro.log,2044,a650d34ac485fec305d871276330033c6365274a5260c77dd706d08643bcc906
wtss_outputs.tar,results/rerun_2026-09-28/_logs/fix_isic_scale_dinol518.log,2057,088909c38b582bb309fa7fa8675b0a1d483d448d5ab7459b757b559b51c7f686
wtss_outputs.tar,results/rerun_2026-09-28/_logs/fix_isic_scale_dinos518.log,2055,105276f8beede1b1839960b57299de6b1819ae41eb63a12c67b983f95b0bed5a
wtss_outputs.tar,results/rerun_2026-09-28/_logs/ft_cap_r50.log,13208,e128c81f88ab1d0feb18d890e155291167efce9cb6906487acbbcc3fae976bca
wtss_outputs.tar,results/rerun_2026-09-28/_logs/ft_thy_r50.log,32463,6ebf905159014bed6416cb44a7431c80667e5c346c00ef29c1e4d684739bf812
wtss_outputs.tar,results/rerun_2026-09-28/_logs/ft_thy_r50_post.log,3147,4a0d64d3f74dd9a3688f19f67251ebcb6734c745bcb4fcdc8ebf9794992c1864
wtss_outputs.tar,results/rerun_2026-09-28/_logs/ft_thy_vit.log,47186,b9c7b40a2956c8c685f7b0f904b54c85f141bf888a86360c829fe64163e83221
wtss_outputs.tar,results/rerun_2026-09-28/_logs/jtt_cap.log,2214,cf7064541eff7ad79d9e7b986e5afbcc2283035c42970bd47dc617a2fbcc0915
wtss_outputs.tar,results/rerun_2026-09-28/_logs/jtt_thy.log,2210,36f1348a2d79f4a9c8829b12d7b0e5c93f48fd8166ac48f29c209d61d4bf63b8
wtss_outputs.tar,results/rerun_2026-09-28/_logs/lama_rerun.log,9122,bfb592cd6037509ccf98476f11019044dfe50b284af14d3a1c75a5938d3f8ea3
wtss_outputs.tar,results/rerun_2026-09-28/_logs/leakage.log,3529,15132729a6b99f5f473ab13eaf6f2e5dfe6bdcb381ce4919fbc727ab8b76dbf3
wtss_outputs.tar,results/rerun_2026-09-28/_logs/literature.log,729,feb43852e202a485ead46acb4f2c2e2f3990c9bb92f96ceb2ce429e458d95b6d
wtss_outputs.tar,results/rerun_2026-09-28/_logs/mechanism_crossed.log,316,75db864177ed01305d63959faa169f02a677679640b21d463661b6a268337494
wtss_outputs.tar,results/rerun_2026-09-28/_logs/mechanism_figure.log,3644,3a06382f2cccbdad461c6e6ae662cb5886545cfe1d98ba7d31aa2bad2a72e1ff
wtss_outputs.tar,results/rerun_2026-09-28/_logs/op_crossed_all.log,132,23ffc3f4b85e385794c529fd2e5010f970ff2c38966c43f220596683e8a09d2d
wtss_outputs.tar,results/rerun_2026-09-28/_logs/primary_claims.log,5213,381c38a031281c4ea3c54ae5b6998500f0a23304d7bb9bfbd15d0fd9472caae9
wtss_outputs.tar,results/rerun_2026-09-28/_logs/protect_capsule_tmpl.log,2353,f3c83ba00eda3831bf11cb52cf1469326058d4db594a5c74008958e327002aef
wtss_outputs.tar,results/rerun_2026-09-28/_logs/protect_thyroid_generic.log,2351,27ce4c3c9a0a48a4e101ff7187ada1903293370ee56958460be8bb5f77518bd3
wtss_outputs.tar,results/rerun_2026-09-28/_logs/registry_final.log,3592,330ef6472f3e0a54df8fd5d7ba8e25e7be50c47db5ba91fa60013098eeff4dda
wtss_outputs.tar,results/rerun_2026-09-28/_logs/review2_summary.log,3394,1ffb87a942b2462a4c810926595a3447b2970dffda40e86f44a0ccdf4b3d2509
wtss_outputs.tar,results/rerun_2026-09-28/_logs/review2_summary_final.log,7591,a34a3431c827fa21594b4686af66ee43b4132c99df88f204d00a877e8384f88a
wtss_outputs.tar,results/rerun_2026-09-28/_logs/review2_summary_final2.log,8553,cf6c84b8630630f88cf7d3f1eaee92243386c33a1cde0223a8126f5a60cc25a9
wtss_outputs.tar,results/rerun_2026-09-28/_logs/review2_summary_late.log,16578,b5511b42df6d55f525ede612b6cf689930890b58073dd9b2cd2e3388ef163d3e
wtss_outputs.tar,results/rerun_2026-09-28/_logs/scale_capsule_dinol518.log,3334,d10d2108dc56ddfbcb593abc60a372f938907647d11047a78b46af3c68446814
wtss_outputs.tar,results/rerun_2026-09-28/_logs/scale_capsule_dinos518.log,3331,91ab6ff793da8c5bf2ea9a93ab25f329cfce82bd05f5e90de5ac0d25921c2a67
wtss_outputs.tar,results/rerun_2026-09-28/_logs/scale_compare.log,5873,0c47cfc62a9255d783630a0a7961eddaf49d480086496bd766c9e8c57b24d651
wtss_outputs.tar,results/rerun_2026-09-28/_logs/scale_ovary_dinol518.log,3329,535c6327e8880e0582004665a09910e1cb52ef794c96e00946a68599fd0852dd
wtss_outputs.tar,results/rerun_2026-09-28/_logs/scale_ovary_dinos518.log,3326,b57b031f7647818ab63242dcc0188975a591e47c2d6a92a3deaae15a9555115f
wtss_outputs.tar,results/rerun_2026-09-28/_logs/scale_thyroid_dinol518.log,3327,1097d9674b0e88940d46f33fa891db8cbb49c798b26d098c7ae5a81f5674cba1
wtss_outputs.tar,results/rerun_2026-09-28/_logs/scale_thyroid_dinos518.log,3329,3aa343f40b49d284ad3bf53f662c9c7e999256ff64b1dc01232d07ca8c2b3be7
wtss_outputs.tar,results/rerun_2026-09-28/_logs/sens_capsule_strictB.log,119066,37abe5dd8f42b22e17561ba635941203be1cb789134343c9c35c80ed804e4a54
wtss_outputs.tar,results/rerun_2026-09-28/_logs/sens_ovary_px50.log,2339,ea0a18cd3cccf05357ab865fbbfd9cccf5894895308ae01d71643edb4eded34b
wtss_outputs.tar,results/rerun_2026-09-28/_logs/sens_ovary_strictloc.log,2354,a63fe798e06368ba2ed3c1ec0dfda23045de8ee4629fb16df70632c10e8eb0df
wtss_outputs.tar,results/rerun_2026-09-28/_logs/sens_thyroid_px50.log,2340,6cdccec0c97c154808bd3ccb40b1b62f66401fe4b82101444b35472e6b316c0d
wtss_outputs.tar,results/rerun_2026-09-28/_logs/sens_thyroid_strictloc.log,2351,b1c531bd4effc13410a2d62c4b5cd4ad88396bcd395bebd6aaa687042879a5be
wtss_outputs.tar,results/rerun_2026-09-28/_logs/splice_cap.log,2296,d357f58e124ab9005f71299104d52b3e5ef3566d28f6ca6a4d910f95dc2b5e6a
wtss_outputs.tar,results/rerun_2026-09-28/_logs/splice_isic.log,3276,7283efaa43dfb726f50e585fd686cc89bd64f6c2aa49162e5e781492b63cdf9d
wtss_outputs.tar,results/rerun_2026-09-28/_logs/splice_thy.log,2295,b176184029c1bb02100d8783fbb730b241d4ac023dd5f0261a0d744074f0ad5e
wtss_outputs.tar,results/rerun_2026-09-28/_logs/summary_ledger.log,11079,c2ff51b5972e7932d0b93d583ee064fd23b302f46294ac4faee5fa84108df495
wtss_outputs.tar,results/rerun_2026-09-28/_logs/syn_cap_dino.log,8036,33d128b27fcae39679e284ee961ebdaa54df5dc179294b4018b14620c3fc415e
wtss_outputs.tar,results/rerun_2026-09-28/_logs/syn_cap_med.log,7726,5f21b481a957560f048a32154921829e2e43889645a445021aa3bd97e82dc4ff
wtss_outputs.tar,results/rerun_2026-09-28/_logs/syn_cxr_dino.log,8042,a637a36b378860a061c4ae0644905311054a821c2d51a5fa4a46bf5e7550ed2e
wtss_outputs.tar,results/rerun_2026-09-28/_logs/syn_cxr_raddino.log,7386,d2c68f21bbd6402a35a61ad25b53f6865f080464299a525716267f878dd9ecd4
wtss_outputs.tar,results/rerun_2026-09-28/_logs/syn_isic_dermlip224.log,7754,ed4a103a673355f355e29f15c413246faa2dbb7e287973798c3875df582f8b8c
wtss_outputs.tar,results/rerun_2026-09-28/_logs/syn_isic_dilation.log,2497,87e57a71c30f80b8009baf9f36fb97f4a37f85b8523a1c26f28803a5011c76fe
wtss_outputs.tar,results/rerun_2026-09-28/_logs/syn_isic_dino224.log,7455,befc13af5ee2d9fdd6f5c096ea441da2cd63029b1f9bebc75bc55dff8baa3869
wtss_outputs.tar,results/rerun_2026-09-28/_logs/syn_isic_main.log,4869,1c4b16ecf17f370a6ee4e19a35892f7b7f0b91cb36726addf438aa4b673a0ff6
wtss_outputs.tar,results/rerun_2026-09-28/_logs/syn_isic_occlusion.log,1674,577b203187ed6f4eaf33855506515addd36c5ed308b29ddc75ce50ca41d5b7ac
wtss_outputs.tar,results/rerun_2026-09-28/_logs/syn_isic_proposed.log,5529,47e54a45eee2adc0dd8215293646c8941b3b79ecf6b84239fed00ae0d5e23e0b
wtss_outputs.tar,results/rerun_2026-09-28/_logs/syn_isic_stress.log,4795,9caa18e79e8d57c1bd14ca4f97145de53421c424b06d17c5b4f0ef2ea6f947f2
wtss_outputs.tar,results/rerun_2026-09-28/_logs/syn_ov_dino.log,8022,9129520e6a7df761f3c7e308fe2f12126c73206f56a150d8960d3121018775a8
wtss_outputs.tar,results/rerun_2026-09-28/_logs/syn_thy_dino.log,8066,75874d2148f8e2c59efff24d005402af80279ef9acd5111e9ced2a43758f0110
wtss_outputs.tar,results/rerun_2026-09-28/_logs/syn_thy_med.log,7755,d19152aef8967c891d04a4b7d2ab51c943adb53874ff66ed192a108b5a8325c6
wtss_outputs.tar,results/rerun_2026-09-28/_logs/t_cap_main.log,5413,a2a210451568ffabf38994a85d007529e0322209529b56f0d064d7d46707b7a2
wtss_outputs.tar,results/rerun_2026-09-28/_logs/t_cap_med_main.log,11542,a63d9ff06467860c7e6463837710c0a881e431487752a73dab400f2b93d04c14
wtss_outputs.tar,results/rerun_2026-09-28/_logs/t_isic_spec.log,6353,97750b8480ac55c27cd712bf559a4866105c28cf4f4524c83213e1beb785cd38
wtss_outputs.tar,results/rerun_2026-09-28/_logs/t_isic_spec_dermlip.log,5633,68021bf70cae3de78ab7dfe3a7c620552927a17ec0389f4b7d923db46be7594c
wtss_outputs.tar,results/rerun_2026-09-28/_logs/t_ov_main.log,5411,830ee9b18aa5e8e259963658b8cfb55033b3398fb564ad4b07c110f1e6205f75
wtss_outputs.tar,results/rerun_2026-09-28/_logs/t_thy_main.log,5412,8b49973d870b5701490e34cc3279207fdcabba2b728eb7ad501f0aca9162df56
wtss_outputs.tar,results/rerun_2026-09-28/_logs/t_thy_med_main.log,13769,0608227e27b9ac5ddb7ab42ea31564a1deb7b4d45a94a3bf27398ca427f0b006
wtss_outputs.tar,results/rerun_2026-09-28/_logs/text_dirs.log,876,9beb3595b731e9dc180f4d0c0cc6e67ef4d983fb83ee955c17806f95481f4d99
wtss_outputs.tar,results/rerun_2026-09-28/_logs/theory_predict.log,4218,093c6d4d04e34904071e32fa51449e2d14788dfbab6027ec2770cb0168c9ee85
wtss_outputs.tar,results/rerun_2026-09-28/_logs/theory_with_cxr.log,4411,655c7c87bdaea0c52534ac367561fd050032ca89262fa708c9b6da970af1040b
wtss_outputs.tar,results/rerun_2026-09-28/_logs/u_cap_cnx.log,3976,5fbc00ccb9cbd0201066b2f34591eb694af39c7816ed6ee2172fc151765a200e
wtss_outputs.tar,results/rerun_2026-09-28/_logs/u_cap_med.log,4243,dc61b186bc01ade4e0fdda00d57b8d5bf145403f14c8fcb59a34a1f3128aa03b
wtss_outputs.tar,results/rerun_2026-09-28/_logs/u_cap_univ.log,5626,4c5a4698f8be1e002b806d8a246a8e1af656c244e3e0ffb0e4f790c73638c5d2
wtss_outputs.tar,results/rerun_2026-09-28/_logs/u_isic_univ.log,5717,8aeae933d7657b00b82d81b535002682673a3994a7ec6973cbec8b05e17d42f9
wtss_outputs.tar,results/rerun_2026-09-28/_logs/u_isic_univ_dermlip.log,3937,68ae9ce4c81a3efba48af35a85fd0e3f98cd98abb82e670ece344ce7d52cb0e1
wtss_outputs.tar,results/rerun_2026-09-28/_logs/u_ov_med.log,4313,f03e5bc8857ae92822e29b405e144773f7712ff8a8000842d97495c0261fdc7f
wtss_outputs.tar,results/rerun_2026-09-28/_logs/u_ov_univ.log,5675,16eac3b61f1f3e150a838d238b218633ace6584293c1195d6fa3735cc6e47f51
wtss_outputs.tar,results/rerun_2026-09-28/_logs/u_thy_cnx.log,3972,c653ba7caf2b2fd5c9140b933478436ef55ea213885d63425133b5bc6c5008e6
wtss_outputs.tar,results/rerun_2026-09-28/_logs/u_thy_med.log,4316,f41f5010cbef4688f169d6b097d04ead1d25dfdde082d6f4d5d601b5119e125e
wtss_outputs.tar,results/rerun_2026-09-28/_logs/u_thy_univ.log,5675,2665c326c305704d94736058085259d203f025ec9ed4351a330523d43bd216d6
wtss_outputs.tar,results/rerun_2026-09-28/_logs/umte_ablation.log,14004,fdc95f7698f09bbe83c70c716d242851b2ffece1abf7981d78680d52d23e439d
wtss_outputs.tar,results/rerun_2026-09-28/_logs/zero_shot.log,2450,3443d28857769ffe5c396f725bc75fafb39b23128880839b5c0198c200a20939
wtss_outputs.tar,results/round4/logs/R10.log,10795,e6fc88cb677554767021b564c1634a802232a20c83ee500da424414a7822e914
wtss_outputs.tar,results/round4/logs/R10_prepare.log,531,3f60f9919060e20a9ce76c051dc66691479045b05846c425316e15cbdc13729f
wtss_outputs.tar,results/round4/logs/R11.log,2128,34454ac92bc97b69010667f07a88c32431662f6024a3dea08337f1538c4d9327
wtss_outputs.tar,results/round4/logs/R8_capsule.log,3965,3fa85eb3c1758f339fee8d829c29a4b2f13e88e3e5116bc56369f8e1e315ca7c
wtss_outputs.tar,results/round4/logs/R8_isic.log,4127,e4a34af960cf90cbad7666be2608ed8a4abe7ea7a273661d33d5c467d192dce6
wtss_outputs.tar,results/round4/logs/R8_ovary.log,2887,9e76000df79d94b3897a16ca29c66b98fd8eddabc160b7a2a0c3f46acf40f24f
wtss_outputs.tar,results/round4/logs/R8_summary.log,5891,d7905ccc5636e14843af97c291b3d9064e52d5a93d409598e8be26451faf7600
wtss_outputs.tar,results/round4/logs/R8_thyroid.log,4118,6a70e5447e367956a9d98c3ba9175f29317c3b4cb8517a2bfad79b6fe270b43c
wtss_outputs.tar,results/round4/logs/R9_capsule.log,2281,c9f5748827a882a491819356bd0fd3575e495de7324dcb9ae8509bedb3cc2422
wtss_outputs.tar,results/round4/logs/R9_counts_capsule.log,1173,93c71de4714b50217fb532341a1c668443061792e66b83b443b4201d3faac51b
wtss_outputs.tar,results/round4/logs/R9_counts_isic.log,1174,6220a7be0e0f039be4ae208ff042b128179533b9dd39c47a2737c4a54c685540
wtss_outputs.tar,results/round4/logs/R9_counts_ovary.log,1305,d6562f3db2949e300a746653f540fd7377f4aac109e13f306981003a385eb889
wtss_outputs.tar,results/round4/logs/R9_counts_thyroid.log,1173,df87797c7748a66639b998e0f08ee97419d85c070a7e73570aeeab24fa2034a8
wtss_outputs.tar,results/round4/logs/R9_isic.log,2523,6eb52c33aa22453dcb02b456895fd6421c83eaa1d0bb81b54d470cef6b6c4f19
wtss_outputs.tar,results/round4/logs/R9_ovary.log,2698,f0cab7557ae68240bc9291e0e349bf7de5106ea8b45a2c73d2f86e0e8527bd6e
wtss_outputs.tar,results/round4/logs/R9_summary.log,2185,4bffb57a00c133ba4fc0b45a11740583135d5cd2f7f47ac6af3c45025d0a59ed
wtss_outputs.tar,results/round4/logs/R9_thyroid.log,2527,43848f125c51dd17fee7c6da234e3d8415a20488bde8845750ab7527e2de021a
wtss_outputs.tar,results/round4/logs/smoke/R10.log,10036,137cf1cbc861f80df097c7711b497f69dfe35199df6c80fb13cbae18c0ef99b8
wtss_outputs.tar,results/round4/logs/smoke/R10_prepare.log,517,0a2df2bc137f59f9065afdfb7152b49eaf56872e71a78ca007423da8f863522d
wtss_outputs.tar,results/round4/logs/smoke/R8_capsule.log,3530,3da6fac9fb1f2116c25457f330f748dd719e9cea8c04963a4dfcfc883de112e2
wtss_outputs.tar,results/round4/logs/smoke/R8_isic.log,3777,5cb38015d0de2dbc671cfa94fa35d57da5140bd9ef284a042dbdbb103c9236db
wtss_outputs.tar,results/round4/logs/smoke/R8_ovary.log,3523,33a118027984145dcb0fba8bc46cfef963a17dd57b4914ea8093519a6bad8af9
wtss_outputs.tar,results/round4/logs/smoke/R8_summary.log,5904,c76d9f4f749585d5da2188bbb4c43cfbf20e59bb54b9b1e3e82fe9d19c1d6a78
wtss_outputs.tar,results/round4/logs/smoke/R8_thyroid.log,3530,a5f94113e934870e7e16eedc0a560189fdd88bff8a270bf4271f894a3fffd43f
wtss_outputs.tar,results/round4/logs/smoke/R9_capsule.log,1529,3db7aeb8be3f9ec3f95eddba5a028f866882ec564259f8e8c9400411f8dbd4e3
wtss_outputs.tar,results/round4/logs/smoke/R9_counts_capsule.log,1170,9b81c6ada328d1bc43f107926ef3aa8c1600d379079b466c77bc2464b9cda048
wtss_outputs.tar,results/round4/logs/smoke/R9_counts_isic.log,1182,8e4d525a9d23f093419df137d8cf730892e239547b59cf897768929008379f61
wtss_outputs.tar,results/round4/logs/smoke/R9_counts_ovary.log,1182,fb751ae8f6995bf84791b4aec0b29475b380e3ae6447fe37915d676389644fc6
wtss_outputs.tar,results/round4/logs/smoke/R9_counts_thyroid.log,1174,aeda542189bb26af976de4178d4179b52d72a597d95a84650e2b827b5ba7678d
wtss_outputs.tar,results/round4/logs/smoke/R9_isic.log,1769,a499791d7923fd48b15e49fdd7b3824d3939353078364547fc515763ba90872f
wtss_outputs.tar,results/round4/logs/smoke/R9_ovary.log,2348,e0b2587a152943d24fb92e19e524db544b2fbf4071f4e63645afaa29733bb158
wtss_outputs.tar,results/round4/logs/smoke/R9_summary.log,2217,1ea8baa66700cad341a04f0bf1444dbaf088fbcaa94ae0109750a1591d2608cd
wtss_outputs.tar,results/round4/logs/smoke/R9_thyroid.log,1775,ce53bc69a47c7610a4d8ae9b4a46eed4fd81a76ec04c5370383061bbbf654603
wtss_outputs.tar,results/round6/logs/A0_medgemma.log,3199,7a3f72f07d222c917eb936fbaac1af65b4aad6a4ffc3b83a5d24f140d7b684d4
wtss_outputs.tar,results/round6/logs/A0_sources.log,1607,f3a8f3dc7196e12a8ad316adcea90e3a142d12100a19a186263d51d4f259a55e
wtss_outputs.tar,results/round6/logs/A1_capsule.log,93,7cff13c6eedd4697fed864a0031bbd4f1909b86ec8d1165a9e360b59d1635568
wtss_outputs.tar,results/round6/logs/A1_isic.log,97,1a5cc2794474d9c7202a24d187dbb8d618d5a0d4a6a7a2e1b787d26194ed2734
wtss_outputs.tar,results/round6/logs/A1_ovary.log,91,cc1ba71408df6c92ea75f8ca92dc49aa04ca5797a51b57fd81cae3f7f487a3a4
wtss_outputs.tar,results/round6/logs/A1_thyroid.log,96,49d83cd033694be9ce33c4e71e75c9cac4d5790b0f43b5fc73577d5beb297fe9
wtss_outputs.tar,results/round6/logs/A2_capsule.log,767,ab5d3768a889d34c737c8e1b3e246985f07a899ea032584cbed2b6fdb9ba6d24
wtss_outputs.tar,results/round6/logs/A2_isic.log,1019,9737a72417ebffed0c99c2d1a317b90b10bef479cba3f1ca9f450a3bdc02fc70
wtss_outputs.tar,results/round6/logs/A2_ovary.log,762,162d7edf3586b2ddc085d6c4499701bdcf98e358fdbb570ad50b81e823fdb6d9
wtss_outputs.tar,results/round6/logs/A2_summary.log,350,618990b3b201cfb195a1885855f052f0974d396d2abbb85404133e6c723ac5cd
wtss_outputs.tar,results/round6/logs/A2_thyroid.log,57,cddf1ae089a6499a472c0d8f88f2f17417e9dd5a3fbe97477422c8415d2ce13e
wtss_outputs.tar,results/round6/logs/A3_bias.log,1953,00975e5c943ab8a71525274b9d22db77afb87121bbcfc4c90fea5a1aceb6b169
wtss_outputs.tar,results/round6/logs/A4_analyse.log,160,59f6a039840aeb0d325bce3837a16447b6d49fff28711795fee2386848678dee
wtss_outputs.tar,results/round6/logs/A4_medgemma.log,18391,710091315081f3d0675cc54afcc00d7e689f323d7f596bd1a1c830a69a67d9a9
wtss_outputs.tar,results/round6/logs/A4_rating_check.log,110,a329503372d1ed417247cb82b00b1bb5f03cc0145acca7cda1efcadc2d904de6
wtss_outputs.tar,results/round6/logs/A4b.log,176,41ee03700596bf4aa53a441eccd2ee502ddecd65e01deebe39b57f64e51f2872
wtss_outputs.tar,results/round6/logs/B1_select.log,4281,0f6b532d65ae1f34e97769899425012befe089d9d8d1490c491e2300b907ba08
wtss_outputs.tar,results/round6/logs/B2_analyse.log,869,1e08187101d426fc6d2f01a5dd4bac69b1999e3569262f743a90447e7b40ee27
wtss_outputs.tar,results/round6/logs/B2_natural.log,8211,c3e50dd46b42ba56b840c62ddd5863cc69eae0b9b6156d206797635604e59b31
wtss_outputs.tar,results/round6/logs/B2_traps.log,24873,4f79620eca8f32e0a1d650d8a98122ded49732339af50ad9d2b3366d2b6321a9
wtss_outputs.tar,results/round6/logs/E1_consensus.log,768,a7064030af4a186f1c08e77e5d651b80879e171cab05bf024621b5662a30a05d
wtss_outputs.tar,results/round6/logs/E2_ft3_confirmed.log,2188,9f57df0ab739a491f763f188362e8073421f14dee7ce94a9c6337b6bb97a235a
wtss_outputs.tar,results/round6/logs/pytest.log,99,ae82b5243759ecfc6908f7aa7e10f59a17b47ddc94d75485349532de0706c923
wtss_outputs.tar,results/round6/logs/summary.log,16747,142134cb29e57d4ed6c10ab2bfbefb6cc46df322d290e732be3a815f0d15bb51
wtss_outputs.tar,results/round7/logs/E1_E2.log,3343,390048180cbc9dce8e1ac7f5a1d180a85129cc35a8d4be6f13dcad32bf212ffc
wtss_outputs.tar,results/round7/logs/TM.log,414,b0df81a31aac0fd7c6bc0d93e07fd4677edcc2ac2cf1c3a17e365e34f71997bb
wtss_outputs.tar,results/round7/logs/pytest.log,99,67586a8f343d29a0ceb645410a6cdce809d68930b07469185efc60a9083940d8
wtss_outputs.tar,results/round7/logs/smoke.log,414,0297bda7395fbe5ccbde0cf15f30e805569b39a285a675e89c6025fef5686cf1
wtss_outputs.tar,results/round8/logs/analyse.log,135,819c0928bf4d881c1eca08bc29a7df3f6a3fa224f9ba5e3f202fc9860825b84f
wtss_outputs.tar,results/round8/logs/conf_ft_natural.log,7690,6df5978bfe8dea5073984b0ecb22df0936fc9daa6e349a407cc108319d32d4c3
wtss_outputs.tar,results/round8/logs/conf_ft_traps.log,33760,47898a87caca625a82fb185617b04d3732d9a1238a80cacb4854f04f548ff98f
wtss_outputs.tar,results/round8/logs/conf_natural_capsule.log,273,7898ca07d9e55e5789fad79e841b0cdd72d926d3dda0cdbfc9a8f52d07f68abb
wtss_outputs.tar,results/round8/logs/conf_natural_isic2020.log,276,2a25a5e2583846fb9fa51d79dcaa0b299342faff83547ab26a526d02195f7c54
wtss_outputs.tar,results/round8/logs/conf_natural_isic_BCN.log,276,428d8ac0cfbb200ee1203687538e3ac02b4d4ec9b0ed257d84037ac617a96013
wtss_outputs.tar,results/round8/logs/conf_natural_isic_HAM.log,276,a134802a945c7d2a757dfee4f8b10faad4005990af930b25a29894b991fd695e
wtss_outputs.tar,results/round8/logs/conf_natural_isic_MSK.log,275,b1fd04f12e7ceee89b407c807b6aa7771c12201d022687113f247f6ad1ad173c
wtss_outputs.tar,results/round8/logs/conf_natural_thyroid.log,273,77cbe7cbf9bb454c0d0caaca1b65cac85fc7a9840b6b1f4155eaaf2aae35cbf1
wtss_outputs.tar,results/round8/logs/conf_sweep_capsule.log,182,64a717a18915ee59e5519162bb4c8550297f7dad3769a310779bd63413e8d8cc
wtss_outputs.tar,results/round8/logs/conf_sweep_isic2018.log,185,7ec829257ef04fbcffa7f90c95973ad90150e6b73c414c651200d002ce3ca0e0
wtss_outputs.tar,results/round8/logs/conf_sweep_ovary.log,177,4ce4e1922cb66c64a2c1fd76414080474de9afd99c894f06baba23ac1d5a92e3
wtss_outputs.tar,results/round8/logs/conf_sweep_thyroid.log,183,fb85849895f069e6665fe2d04b1bb08bf6eed13a69e67b86374a26cd19978982
wtss_outputs.tar,results/round8/logs/conf_trap_capsule_convnext384.log,277,def8e0c8957c84f9689ca13b3f1cdacd3bc2375ee5230ca29ab3ed111f4f18f6
wtss_outputs.tar,results/round8/logs/conf_trap_capsule_dino518.log,269,b1a9a705925a8052c550c6baf3819b7f1dd33b5da8b5488c1672752a66eb2c53
wtss_outputs.tar,results/round8/logs/conf_trap_capsule_medsiglip448.log,279,481662e4cf3eb96c08f1070f0c9b082e6dbe50dd88ee5f8b79fbc9db0c061302
wtss_outputs.tar,results/round8/logs/conf_trap_isic_dino518.log,264,9d2271f3dedd79230a3e7d3dccf7ee2f8e441e094f194f2d1ed8d9780a8094de
wtss_outputs.tar,results/round8/logs/conf_trap_ovary_dino518.log,264,f41d1ff5bdf9635667155af595b6e2587d308a40507224f9a2df282250976959
wtss_outputs.tar,results/round8/logs/conf_trap_ovary_medsiglip448.log,274,0a91c5e7c8caae413f5ce8541a81c06a6aae983bbb9089f0561fdc5e6db2d618
wtss_outputs.tar,results/round8/logs/conf_trap_thyroid_convnext384.log,278,6c9f97eabb993b939b3d985b62af834dc2f67bd850f91727ce1f8b495ae97348
wtss_outputs.tar,results/round8/logs/conf_trap_thyroid_dino518.log,270,9fe5c1644b13b47a12266a2918cab5ab90704b3c55cbfe2525699ebc613e5246
wtss_outputs.tar,results/round8/logs/conf_trap_thyroid_medsiglip448.log,280,074f937e72a1885be8a0631dc14c90b62af493b4c930a4fd7d9620e99f2a8d7e
wtss_outputs.tar,results/round8/logs/criterion.log,60,9f7e6a7f1afe2f304c2043efb3cdb88ec89af236bead9cc4ea835017a2d5dd99
wtss_outputs.tar,results/round8/logs/decomposition.log,392,ff9da36b632340194c232419fea6938a0c7edc5766b4b32f320832be73739ab5
wtss_outputs.tar,results/round8/logs/decomposition_smoke.log,165,3a19a196b03f94dce1e6cd767807471196bf9d306c90ed21d26e96dc575260d8
wtss_outputs.tar,results/round8/logs/dev_trap_capsule_convnext384.log,269,59acfbee04d53d4b05f317d60631781ae6e67df4523e35724bd436d7a03cde06
wtss_outputs.tar,results/round8/logs/dev_trap_capsule_dino518.log,261,0fb71603714acab12490efaae3625480815b9fb588e3de1ddf45d20f8dc9df84
wtss_outputs.tar,results/round8/logs/dev_trap_capsule_medsiglip448.log,271,2c0a4e082d0d4f3567f8fef41f261acbc459ee43ce92ba77a631011b970369fc
wtss_outputs.tar,results/round8/logs/dev_trap_isic_dino518.log,255,cade4fba87122806d8404ed8cdfba5e9ac341dfd8fd714d294d1c9fbdf02b0e4
wtss_outputs.tar,results/round8/logs/dev_trap_thyroid_convnext384.log,269,5939f0057e3e39091026ec4ebbb489e1c7abc88afadbce82da23dff6ea91f2e1
wtss_outputs.tar,results/round8/logs/dev_trap_thyroid_dino518.log,261,d0c717b19719c079fdca62df7353b53f9f319eb6e86d985f83e724bbb02f9f29
wtss_outputs.tar,results/round8/logs/dev_trap_thyroid_medsiglip448.log,271,1c4f2932f050790b8fd66e719a500f17417d0fe61674b2ab07ee6ab796b8e297
wtss_outputs.tar,results/round8/logs/freeze.log,337,7f5b3b768905397e01a4e002d483390547bd5767a3826b28db89bbb9ad1361c6
wtss_outputs.tar,results/round8/logs/locrand_extract_capsule.log,1064,321ead48942d913e97b97b56dca294b0cbf3f80c07c152216e709b18701a525b
wtss_outputs.tar,results/round8/logs/locrand_extract_isic2019.log,1067,0face77fbe4929a5781b3ffd0c7b4f329f74e27e3c20ca52413ddd3a7e538e1d
wtss_outputs.tar,results/round8/logs/locrand_extract_ovary.log,1060,da86fd567953fe3cbb84d59f216f144e04f919e681cbc26bbf80bf79c286a6b0
wtss_outputs.tar,results/round8/logs/locrand_extract_thyroid.log,1080,7296a4ab5580615d46d538809d3a9cd38d9386e300cd3d70153c7d4935e73e2f
wtss_outputs.tar,results/round8/logs/locrand_placements_capsule.log,280,c82f26065d9fa66a88e3209460ae56192d41afb605f4a92929fba33ee49992db
wtss_outputs.tar,results/round8/logs/locrand_placements_isic2019.log,286,3237bd1ea471f1581ccae4ef907fdd04684770788a5cab3edab21ae5d18bf42f
wtss_outputs.tar,results/round8/logs/locrand_placements_ovary.log,260,ff3b7deb54e801ce71161254f79481b9f4128b0d314c16c79e0074c95563a7a4
wtss_outputs.tar,results/round8/logs/locrand_placements_thyroid.log,272,287ed28599252f8f1549519d7502e7c72484a9c3780a5cf86b984abfa17536d2
wtss_outputs.tar,results/round8/logs/locrand_probe_capsule.log,535,6b2a548a076395e4ef529a6a9e66f813fb5d44d2b0e7ec6a4ac22f785a17aa45
wtss_outputs.tar,results/round8/logs/locrand_probe_isic2019.log,542,e7bd04576974381df97c575e69fd95077c00865f85bab847ae944d0765dc9429
wtss_outputs.tar,results/round8/logs/locrand_probe_ovary.log,534,a1d78bb769d5fd033def79a0135ab1edaa4d4202b879467ef3a7eb00d504cbbe
wtss_outputs.tar,results/round8/logs/locrand_probe_thyroid.log,538,9377f5b7ea030f552c4e5388d6046cd0b5d9e3c331f3cb6348de4f9cf292a65d
wtss_outputs.tar,results/round8/logs/pytest.log,99,1cf805759897b80b16e6dc75eb6b19a92e455d6bda4358a20d0b1fc093e6c684
wtss_outputs.tar,results/round8/logs/run_all.log,59720,9d672809755443b6736a49acb53ccae5ce3740d88c18ef8c1cfce18431ad9203
wtss_outputs.tar,results/round8/logs/scoreboard.log,175,cca174397325fd9d396399dd85a5949a60dbda5f9eaaf2687f41e6c576f266ea
wtss_outputs.tar,results/round8/logs/scoreboard_resume.log,60,3e737f6a9117cec194b02103b357f8668fae9adb86a8a8cd0bf25efab8948548
wtss_outputs.tar,results/round8/logs/scoreboard_smoke.log,178,bed9289538017f2acd047d353afc1917216ca5f07516c4206ebbd4a2515df870
wtss_outputs.tar,results/round8/logs/tables.log,181,68ade47573de3f9df43dd47f0a231dccb5e60114fe217cae4fc9c1a6445b01ad
wtss_outputs.tar,results/round9/logs/analyse.log,111,bbc2ef930ae980deb425f5e65d4ecd7aa2764ddf632b1347de1c62e5938d1252
wtss_outputs.tar,results/round9/logs/natural_capsule.log,266,c77aa7c145c01081d871d61a742af5e46879af7dbb1d48bd848fb29bbc1de992
wtss_outputs.tar,results/round9/logs/natural_isic2020.log,270,6804a2d21daf55584ca70c7978b583ed234d832269b49b356acd3c7d7cf0e4df
wtss_outputs.tar,results/round9/logs/natural_isic_BCN.log,269,62a7fe597f04d8d8e1d7933377a97221251d656411be822b2dd8321c1e027fb4
wtss_outputs.tar,results/round9/logs/natural_isic_HAM.log,269,59723e1769c7d3d6d0ded2e2d1eca5f67685cf84a120ff455041d0ffd043f324
wtss_outputs.tar,results/round9/logs/natural_isic_MSK.log,269,20bb9262bb31b5ee03453d869a8be36120fa72308eb6b9cf0debe01eab292896
wtss_outputs.tar,results/round9/logs/natural_thyroid.log,266,a5d3a3ad5617e9d049794b7a6fe4aa86e9ee0eea3df122633e66585adddeb8c0
wtss_outputs.tar,results/round9/logs/pytest.log,99,1373c6cf1b1238685d05ccf4c9b0c9623c2a02ecd49567ba80d09a2d8cebf65c
wtss_outputs.tar,results/round9/logs/run_all.log,4983,f228ad7b2c69fa94393dbc322d3f8654fef5a9b9c9f3c6db43ec931c5b267779
wtss_outputs.tar,results/round9/logs/trap_capsule_convnext384.log,270,f17930d270850ec1775268c97f3054e930aa2ac7e7828451155aca2697de45fb
wtss_outputs.tar,results/round9/logs/trap_capsule_dino518.log,262,00916c1149d6e6e70d26fa8359db86179a44985badded3ca2796db656acdd387
wtss_outputs.tar,results/round9/logs/trap_capsule_medsiglip448.log,272,e4f123cefcf685bf23d476b0760b9e35a1939100e2b0b5c26d1ef7fe148e4d80
wtss_outputs.tar,results/round9/logs/trap_isic_dino518.log,256,12d18c9d229ee57ce333dae1d3c4db54abe1891ed95d9604fa223564b71ceceb
wtss_outputs.tar,results/round9/logs/trap_ovary_dino518.log,258,ffd9ffd2e29e598e859b2f4dfba6c1c634d5e5237bb24f2483724bc7ea42077a
wtss_outputs.tar,results/round9/logs/trap_ovary_medsiglip448.log,268,7bc3c6b8d965ce640088040b9b130f1925398668266d0e39831515001d08c67d
wtss_outputs.tar,results/round9/logs/trap_thyroid_convnext384.log,270,808c4323af13aa9852279950b5442cc6ac481c18d9bc2c8f762adfdbef755bbe
wtss_outputs.tar,results/round9/logs/trap_thyroid_dino518.log,262,dc6787e91278e8b64152c6d42f6e2321742e92a6c2a3f788cbb961cc9cc6d35b
wtss_outputs.tar,results/round9/logs/trap_thyroid_medsiglip448.log,272,a6803754f340c66ddfbb021c84d3739c33eaa0a66f9de9a47d310faaa55ef4a6
wtss_outputs.tar,results/round9_search/logs/baselines.log,934,ba9831aeff59b2b03d7b7dd122d816920e1e6f24b9327b2513c206c7ab557bec
wtss_outputs.tar,results/round9_search/logs/full_ba.log,1417,bf7d09f23b59c66c0ccc25e8d836e706039e72b5c6a2dada41ba03dc43d2fabc
wtss_outputs.tar,results/round9_search/logs/full_cmc_ba.log,1431,dd5af9b4296045b7189be10ede33c89ee812f485cde4e5fff1533766b12f8ee6
wtss_outputs.tar,results/round9_search/logs/mask_ba.log,1421,71b6fde3929c9d775dc591f0077aa5e2eb7c2bc6fec4249771958adf3e97ca1f
wtss_outputs.tar,results/round9_search/logs/mask_cfc.log,1593,21aa1bd597e1fbf84c095822a5df6ae64ba640ef789ea59b37f68ea15330d52a
wtss_outputs.tar,results/round9_search/logs/mask_cmc_ba.log,1442,bfb84ef7ea4d1a0eec9f763d0e4624448efc03a00d7cefefcbe3ff75c154aa2d
wtss_outputs.tar,results/round9_search/logs/mask_cnc.log,1530,1e908fe7faaa00536c0a3fc0a6fe9100462e4657857ba14919fa2d4440ad81d7
wtss_outputs.tar,results/round9_search/logs/mask_condadv.log,1268,491184704a9c85b6370a0397517039a4a1778517352835332bbd61b8f531885c
wtss_outputs.tar,results/round9_search/logs/mask_irm.log,1181,d6785ae6d55a1609229d87fc0b4f7285afa5f00000f8366ba58ef8556db48db5
wtss_outputs.tar,results/round9_search/logs/mask_la.log,1161,aaaffbd24dd8c8845399c1a20d3e1a36505355dbd83da3a369101ced4b99bca1
wtss_outputs.tar,results/round9_search/logs/mask_moments.log,1311,89fdb4147469c34ae3230574dc9216e217aeb9606c9193c39733eea2fee1bb24
wtss_outputs.tar,results/round9_search/logs/mask_poe.log,1143,4253d09347b9841c3267c304718047ea18db4408897995cd6573f56f4ce0af32
wtss_outputs.tar,results/round9_search/logs/mask_vrex.log,1194,ad69759817ca92ff247bf5dd121e7f26badaa9fcd3d5f6fc5b195aeb1db9c754
wtss_outputs.tar,results/round9_search/run_search.log,904,dd1cb9718b19c91e39b227eba837796891417880305a72e03ac189d0f85cde23
wtss_private_keys.tar,keys/KEY_open_after_review.csv,,4b5db1521f1fc2140a8aa4b89a6e628d37150ce2fda241aff03a15167dcd5043
wtss_private_keys.tar,keys/a4b_a4b_key.csv,,1f6ae8beb59e2c6ff7fc403db69992292e23f6bf318f1825492a776e085be3f0
wtss_private_keys.tar,rating/pass1.csv,,221e728782656f34c5df5f234d547248364f46b2536aa1b6b1184bcb949e01a0
