family,cohort,estimate,ci95_lo,ci95_hi,p,source,p_holm,p_bh,supported_holm_0.05
P1 location crossover,ISIC hair (DINOv2),0.1448228208100459,0.1048201919579473,0.1805600498802621,0.0001,spec_e13/dino518_spec,0.0016,0.0001333333333333,True
P1 location crossover,Thyroid (DINOv2),0.2299537417686947,0.2035162178892433,0.2554512362430768,0.0001,thyroid/dino518_main,0.0016,0.0001333333333333,True
P1 location crossover,Capsule (DINOv2),0.368436623473971,0.3398485774213536,0.3967276508611075,0.0001,capsule/dino518_main,0.0016,0.0001333333333333,True
P1 location crossover,Ovary (DINOv2),0.1704932062355172,0.1155959959173248,0.2243913757239709,0.0001,ovary/dino518_main,0.0016,0.0001333333333333,True
P2 U-MtE (protected) > mask,ISIC hair,0.0408082888068956,0.029723064342022,0.053932198990042,0.0001,spec_e13/dino518_spec_protect_generic,0.0016,0.0001333333333333,True
P2 U-MtE (protected) > mask,Thyroid,0.2166984584266306,0.1743408586693384,0.2565107996390776,0.0001,thyroid/dino518_protect_generic,0.0016,0.0001333333333333,True
P2 U-MtE (protected) > mask,Capsule,-0.0104890620804609,-0.0205468842427061,-0.0008130262374354,0.03,capsule/dino518_protect_generic,0.09,0.0342857142857142,False
P2 U-MtE (protected) > mask,Ovary,0.0430742509769865,0.0255605184740462,0.0611357343190083,0.0001,ovary/dino518_universal,0.0016,0.0001333333333333,True
P3 erase > augment,ISIC hair,0.0452768804446009,0.0365411770529861,0.0539926421261209,0.0001,spec_e13/dino518_spec_ablation,0.0016,0.0001333333333333,True
P3 erase > augment,Thyroid,0.206589564792535,0.1816801178797659,0.2351935627060957,0.0001,thyroid/dino518_ablation,0.0016,0.0001333333333333,True
P3 erase > augment,Capsule,-0.1298589446667692,-0.146875149845758,-0.1100813930947285,0.0001,capsule/dino518_universal,0.0016,0.0001333333333333,False
P3 erase > augment,Ovary,0.0348621363438992,0.010449896714033,0.0593987338648213,0.0056,ovary/dino518_universal,0.0224,0.0068923076923076,True
P4 U-MtE+balanced > balanced,ISIC hair,-0.0126437221550285,-0.0405825647626995,0.0177503930476491,0.423,spec_e13/dino518_spec_universal,0.423,0.423,False
P4 U-MtE+balanced > balanced,Thyroid,0.1124203043654917,0.0897841627577809,0.1341708361552457,0.0001,thyroid/dino518_universal,0.0016,0.0001333333333333,True
P4 U-MtE+balanced > balanced,Capsule,0.081548542702139,0.0636807720765801,0.1002714646636186,0.0001,capsule/dino518_universal,0.0016,0.0001333333333333,True
P4 U-MtE+balanced > balanced,Ovary,0.0282267694311766,8.436256496894855e-05,0.0571578635589044,0.0494,ovary/dino518_universal,0.0988,0.0526933333333333,False
