method,overlap,env,seed,auc
balanced,0.0,clean,42,0.7617096445221446
balanced,0.0,clean,123,0.7802392919580421
balanced,0.0,clean,456,0.7637128496503496
balanced,0.0,clean,789,0.7369336392773893
balanced,0.0,clean,2026,0.7738472465034967
balanced,0.0,test_corr,42,0.8205128205128206
balanced,0.0,test_corr,123,0.8213505244755244
balanced,0.0,test_corr,456,0.8147035256410258
balanced,0.0,test_corr,789,0.7845006555944056
balanced,0.0,test_corr,2026,0.8288352272727273
balanced,0.0,test_rev,42,0.7028882575757575
balanced,0.0,test_rev,123,0.7291302447552448
balanced,0.0,test_rev,456,0.7150349650349651
balanced,0.0,test_rev,789,0.6878551136363638
balanced,0.0,test_rev,2026,0.7015315413752913
balanced,1.0,clean,42,0.7573572261072261
balanced,1.0,clean,123,0.7912296037296037
balanced,1.0,clean,456,0.7606625145687645
balanced,1.0,clean,789,0.7686389131701632
balanced,1.0,clean,2026,0.7722628933566432
balanced,1.0,test_corr,42,0.8385052447552446
balanced,1.0,test_corr,123,0.8483846882284383
balanced,1.0,test_corr,456,0.8220243298368298
balanced,1.0,test_corr,789,0.840317234848485
balanced,1.0,test_corr,2026,0.845980842074592
balanced,1.0,test_rev,42,0.6694893648018648
balanced,1.0,test_rev,123,0.6916794143356644
balanced,1.0,test_rev,456,0.685669798951049
balanced,1.0,test_rev,789,0.664098921911422
balanced,1.0,test_rev,2026,0.6674679487179487
dfr,0.0,clean,42,0.7387365238927739
dfr,0.0,clean,123,0.7230113636363638
dfr,0.0,clean,456,0.7109648164335663
dfr,0.0,clean,789,0.7072224650349651
dfr,0.0,clean,2026,0.7227108828671328
dfr,0.0,test_corr,42,0.7301136363636364
dfr,0.0,test_corr,123,0.7111378205128207
dfr,0.0,test_corr,456,0.706821824009324
dfr,0.0,test_corr,789,0.7068036130536131
dfr,0.0,test_corr,2026,0.7228747814685315
dfr,0.0,test_rev,42,0.7535875582750583
dfr,0.0,test_rev,123,0.7486159673659675
dfr,0.0,test_rev,456,0.7202706148018647
dfr,0.0,test_rev,789,0.7066123980186481
dfr,0.0,test_rev,2026,0.7322078962703964
dfr,1.0,clean,42,0.7346572698135199
dfr,1.0,clean,123,0.7154265005827507
dfr,1.0,clean,456,0.7120210518648019
dfr,1.0,clean,789,0.706575976107226
dfr,1.0,clean,2026,0.7148346445221445
dfr,1.0,test_corr,42,0.7206439393939396
dfr,1.0,test_corr,123,0.6961319930069929
dfr,1.0,test_corr,456,0.6975524475524476
dfr,1.0,test_corr,789,0.7211356351981352
dfr,1.0,test_corr,2026,0.7030521561771562
dfr,1.0,test_rev,42,0.7587594696969697
dfr,1.0,test_rev,123,0.7355678175990676
dfr,1.0,test_rev,456,0.7246503496503496
dfr,1.0,test_rev,789,0.6951303904428903
dfr,1.0,test_rev,2026,0.730031687062937
erm,0.0,clean,42,0.7568564248251748
erm,0.0,clean,123,0.7622741841491841
erm,0.0,clean,456,0.7541247814685315
erm,0.0,clean,789,0.7569930069930069
erm,0.0,clean,2026,0.7628114073426574
erm,0.0,test_corr,42,0.8729603729603731
erm,0.0,test_corr,123,0.8673787150349651
erm,0.0,test_corr,456,0.8719860868298368
erm,0.0,test_corr,789,0.8654028263403263
erm,0.0,test_corr,2026,0.8667504370629371
erm,0.0,test_rev,42,0.5448080565268065
erm,0.0,test_rev,123,0.5492424242424242
erm,0.0,test_rev,456,0.5453543851981352
erm,0.0,test_rev,789,0.5337995337995337
erm,0.0,test_rev,2026,0.519321824009324
erm,1.0,clean,42,0.7724905303030303
erm,1.0,clean,123,0.779975233100233
erm,1.0,clean,456,0.7681199009324009
erm,1.0,clean,789,0.7740748834498834
erm,1.0,clean,2026,0.7828798805361306
erm,1.0,test_corr,42,0.9101289335664335
erm,1.0,test_corr,123,0.8992114656177157
erm,1.0,test_corr,456,0.902188956876457
erm,1.0,test_corr,789,0.9049114947552448
erm,1.0,test_corr,2026,0.905503350815851
erm,1.0,test_rev,42,0.45072115384615385
erm,1.0,test_rev,123,0.47346663752913754
erm,1.0,test_rev,456,0.47214634324009325
erm,1.0,test_rev,789,0.44104203088578087
erm,1.0,test_rev,2026,0.43509615384615385
inpaint,0.0,clean,42,0.7820785984848483
inpaint,0.0,clean,123,0.769549460955711
inpaint,0.0,clean,456,0.7309513403263403
inpaint,0.0,clean,789,0.7836083187645687
inpaint,0.0,clean,2026,0.7684750145687647
inpaint,0.0,test_corr,42,0.8247923951048952
inpaint,0.0,test_corr,123,0.8096864073426574
inpaint,0.0,test_corr,456,0.7874599358974359
inpaint,0.0,test_corr,789,0.8214233682983683
inpaint,0.0,test_corr,2026,0.8106606934731936
inpaint,0.0,test_rev,42,0.7316433566433567
inpaint,0.0,test_rev,123,0.7188410547785549
inpaint,0.0,test_rev,456,0.6841218677156177
inpaint,0.0,test_rev,789,0.7338559877622378
inpaint,0.0,test_rev,2026,0.7108191287878787
inpaint,1.0,clean,42,0.7755226544289044
inpaint,1.0,clean,123,0.7802483974358975
inpaint,1.0,clean,456,0.7800936043123543
inpaint,1.0,clean,789,0.7779538170163169
inpaint,1.0,clean,2026,0.7767883158508159
inpaint,1.0,test_corr,42,0.8501420454545454
inpaint,1.0,test_corr,123,0.8465818036130536
inpaint,1.0,test_corr,456,0.8465818036130537
inpaint,1.0,test_corr,789,0.8422658071095571
inpaint,1.0,test_corr,2026,0.84517956002331
inpaint,1.0,test_rev,42,0.6532725087412588
inpaint,1.0,test_rev,123,0.6647545163170163
inpaint,1.0,test_rev,456,0.6714470425407926
inpaint,1.0,test_rev,789,0.6598830856643357
inpaint,1.0,test_rev,2026,0.6394594988344989
mask,0.0,clean,42,0.7162824155011656
mask,0.0,clean,123,0.7162550990675991
mask,0.0,clean,456,0.7162824155011656
mask,0.0,clean,789,0.716291520979021
mask,0.0,clean,2026,0.7162733100233101
mask,0.0,test_corr,42,0.7163097319347319
mask,0.0,test_corr,123,0.7162550990675991
mask,0.0,test_corr,456,0.7163097319347319
mask,0.0,test_corr,789,0.7163006264568765
mask,0.0,test_corr,2026,0.7162733100233101
mask,0.0,test_rev,42,0.7162824155011656
mask,0.0,test_rev,123,0.7162459935897436
mask,0.0,test_rev,456,0.7163006264568764
mask,0.0,test_rev,789,0.7162642045454546
mask,0.0,test_rev,2026,0.7162642045454546
mask,1.0,clean,42,0.6752258158508159
mask,1.0,clean,123,0.674142263986014
mask,1.0,clean,456,0.6561407342657343
mask,1.0,clean,789,0.6769922785547785
mask,1.0,clean,2026,0.6760453088578089
mask,1.0,test_corr,42,0.8595024766899767
mask,1.0,test_corr,123,0.8306654283216782
mask,1.0,test_corr,456,0.8344897290209791
mask,1.0,test_corr,789,0.8461993735431236
mask,1.0,test_corr,2026,0.8391881555944056
mask,1.0,test_rev,42,0.37067489801864806
mask,1.0,test_rev,123,0.39084353146853146
mask,1.0,test_rev,456,0.3969988344988345
mask,1.0,test_rev,789,0.3840144230769231
mask,1.0,test_rev,2026,0.35397545163170163
