source,cell,env,arm,auroc,ci95_lo,ci95_hi
trap/thyroid,trapA,clean,afr,0.6849,0.6613,0.7078
trap/thyroid,trapA,test_corr,afr,0.9077,0.8915,0.9223
trap/thyroid,trapA,test_rev,afr,0.3995,0.3749,0.4244
trap/thyroid,trapA,clean,balanced,0.7108,0.6888,0.7318
trap/thyroid,trapA,test_corr,balanced,0.7511,0.7113,0.7863
trap/thyroid,trapA,test_rev,balanced,0.6696,0.6413,0.6979
trap/thyroid,trapA,clean,ens,0.7788,0.7583,0.7987
trap/thyroid,trapA,test_corr,ens,0.8657,0.8442,0.8859
trap/thyroid,trapA,test_rev,ens,0.6849,0.6578,0.7123
trap/thyroid,trapA,clean,erm,0.6072,0.5834,0.6314
trap/thyroid,trapA,test_corr,erm,0.8745,0.8556,0.8931
trap/thyroid,trapA,test_rev,erm,0.2887,0.2672,0.3108
trap/thyroid,trapA,clean,full_cmc,0.6825,0.6606,0.7039
trap/thyroid,trapA,test_corr,full_cmc,0.8839,0.8637,0.9021
trap/thyroid,trapA,test_rev,full_cmc,0.4402,0.4158,0.4655
trap/thyroid,trapA,clean,groupdro,0.7664,0.7439,0.7882
trap/thyroid,trapA,test_corr,groupdro,0.8717,0.8526,0.8900
trap/thyroid,trapA,test_rev,groupdro,0.6457,0.6203,0.6716
trap/thyroid,trapA,clean,locrand,0.7056,0.6818,0.7283
trap/thyroid,trapA,test_corr,locrand,0.8943,0.8773,0.9102
trap/thyroid,trapA,test_rev,locrand,0.4703,0.4437,0.4973
trap/thyroid,trapA,clean,locrand_loc,0.7144,0.6871,0.7408
trap/thyroid,trapA,test_corr,locrand_loc,0.8476,0.8191,0.8741
trap/thyroid,trapA,test_rev,locrand_loc,0.5640,0.5345,0.5943
trap/thyroid,trapA,clean,mask,0.6849,0.6613,0.7078
trap/thyroid,trapA,test_corr,mask,0.9077,0.8915,0.9223
trap/thyroid,trapA,test_rev,mask,0.3995,0.3749,0.4244
trap/thyroid,trapA,clean,mask_bal,0.7920,0.7731,0.8107
trap/thyroid,trapA,test_corr,mask_bal,0.8071,0.7751,0.8359
trap/thyroid,trapA,test_rev,mask_bal,0.7800,0.7538,0.8059
trap/thyroid,trapA,clean,mask_balanced,0.7929,0.7739,0.8116
trap/thyroid,trapA,test_corr,mask_balanced,0.8063,0.7737,0.8360
trap/thyroid,trapA,test_rev,mask_balanced,0.7827,0.7555,0.8093
trap/thyroid,trapA,clean,mask_cfs,0.6935,0.6687,0.7173
trap/thyroid,trapA,test_corr,mask_cfs,0.8342,0.8095,0.8576
trap/thyroid,trapA,test_rev,mask_cfs,0.5439,0.5089,0.5825
trap/thyroid,trapA,clean,mask_cmc,0.7804,0.7587,0.8010
trap/thyroid,trapA,test_corr,mask_cmc,0.8323,0.8055,0.8573
trap/thyroid,trapA,test_rev,mask_cmc,0.7295,0.7060,0.7535
trap/thyroid,trapA,clean,mask_dfr,0.7864,0.7681,0.8044
trap/thyroid,trapA,test_corr,mask_dfr,0.7337,0.7041,0.7626
trap/thyroid,trapA,test_rev,mask_dfr,0.8314,0.8145,0.8481
trap/thyroid,trapA,clean,selector_v2,0.7875,0.7687,0.8060
trap/thyroid,trapA,test_corr,selector_v2,0.8076,0.7793,0.8338
trap/thyroid,trapA,test_rev,selector_v2,0.7723,0.7491,0.7964
trap/thyroid,trapA,clean,umte,0.7233,0.7010,0.7452
trap/thyroid,trapA,test_corr,umte,0.8169,0.7911,0.8418
trap/thyroid,trapA,test_rev,umte,0.6239,0.5800,0.6647
trap/thyroid,trapA,clean,umte_balanced,0.7999,0.7793,0.8193
trap/thyroid,trapA,test_corr,umte_balanced,0.8077,0.7814,0.8325
trap/thyroid,trapA,test_rev,umte_balanced,0.7928,0.7721,0.8134
trap/thyroid,trapA,clean,umte_protect,0.7045,0.6793,0.7286
trap/thyroid,trapA,test_corr,umte_protect,0.7487,0.7106,0.7860
trap/thyroid,trapA,test_rev,umte_protect,0.6599,0.6040,0.7099
trap/thyroid,trapB,clean,afr,0.7684,0.7342,0.8012
trap/thyroid,trapB,test_corr,afr,0.7893,0.7469,0.8303
trap/thyroid,trapB,test_rev,afr,0.7438,0.7112,0.7747
trap/thyroid,trapB,clean,balanced,0.6402,0.6043,0.6744
trap/thyroid,trapB,test_corr,balanced,0.6346,0.5826,0.6843
trap/thyroid,trapB,test_rev,balanced,0.6543,0.6193,0.6881
trap/thyroid,trapB,clean,ens,0.7819,0.7473,0.8144
trap/thyroid,trapB,test_corr,ens,0.7843,0.7397,0.8265
trap/thyroid,trapB,test_rev,ens,0.7732,0.7426,0.8024
trap/thyroid,trapB,clean,erm,0.6047,0.5648,0.6442
trap/thyroid,trapB,test_corr,erm,0.7891,0.7462,0.8294
trap/thyroid,trapB,test_rev,erm,0.4084,0.3704,0.4469
trap/thyroid,trapB,clean,full_cmc,0.7684,0.7342,0.8012
trap/thyroid,trapB,test_corr,full_cmc,0.7893,0.7469,0.8303
trap/thyroid,trapB,test_rev,full_cmc,0.7438,0.7112,0.7747
trap/thyroid,trapB,clean,groupdro,0.7775,0.7444,0.8092
trap/thyroid,trapB,test_corr,groupdro,0.7835,0.7398,0.8246
trap/thyroid,trapB,test_rev,groupdro,0.7630,0.7316,0.7926
trap/thyroid,trapB,clean,locrand,0.7751,0.7405,0.8081
trap/thyroid,trapB,test_corr,locrand,0.7861,0.7431,0.8275
trap/thyroid,trapB,test_rev,locrand,0.7565,0.7253,0.7861
trap/thyroid,trapB,clean,locrand_loc,0.7684,0.7342,0.8012
trap/thyroid,trapB,test_corr,locrand_loc,0.7893,0.7469,0.8303
trap/thyroid,trapB,test_rev,locrand_loc,0.7438,0.7112,0.7747
trap/thyroid,trapB,clean,mask,0.7684,0.7342,0.8012
trap/thyroid,trapB,test_corr,mask,0.7893,0.7469,0.8303
trap/thyroid,trapB,test_rev,mask,0.7438,0.7112,0.7747
trap/thyroid,trapB,clean,mask_bal,0.7797,0.7442,0.8134
trap/thyroid,trapB,test_corr,mask_bal,0.7788,0.7333,0.8215
trap/thyroid,trapB,test_rev,mask_bal,0.7746,0.7452,0.8027
trap/thyroid,trapB,clean,mask_balanced,0.7847,0.7498,0.8175
trap/thyroid,trapB,test_corr,mask_balanced,0.7705,0.7242,0.8135
trap/thyroid,trapB,test_rev,mask_balanced,0.7890,0.7603,0.8161
trap/thyroid,trapB,clean,mask_cfs,0.7831,0.7493,0.8151
trap/thyroid,trapB,test_corr,mask_cfs,0.7999,0.7590,0.8393
trap/thyroid,trapB,test_rev,mask_cfs,0.7600,0.7281,0.7908
trap/thyroid,trapB,clean,mask_cmc,0.7771,0.7420,0.8103
trap/thyroid,trapB,test_corr,mask_cmc,0.7877,0.7452,0.8287
trap/thyroid,trapB,test_rev,mask_cmc,0.7589,0.7279,0.7888
trap/thyroid,trapB,clean,mask_dfr,0.7624,0.7267,0.7962
trap/thyroid,trapB,test_corr,mask_dfr,0.7289,0.6825,0.7744
trap/thyroid,trapB,test_rev,mask_dfr,0.7769,0.7461,0.8066
trap/thyroid,trapB,clean,selector_v2,0.7821,0.7480,0.8151
trap/thyroid,trapB,test_corr,selector_v2,0.7795,0.7356,0.8216
trap/thyroid,trapB,test_rev,selector_v2,0.7737,0.7445,0.8015
trap/thyroid,trapB,clean,umte,0.7672,0.7342,0.7989
trap/thyroid,trapB,test_corr,umte,0.7908,0.7495,0.8305
trap/thyroid,trapB,test_rev,umte,0.7437,0.7102,0.7763
trap/thyroid,trapB,clean,umte_balanced,0.7752,0.7409,0.8081
trap/thyroid,trapB,test_corr,umte_balanced,0.7703,0.7248,0.8129
trap/thyroid,trapB,test_rev,umte_balanced,0.7746,0.7430,0.8046
trap/thyroid,trapB,clean,umte_protect,0.7640,0.7290,0.7976
trap/thyroid,trapB,test_corr,umte_protect,0.7716,0.7264,0.8152
trap/thyroid,trapB,test_rev,umte_protect,0.7498,0.7153,0.7823
trap/thyroid,trapA,min_rev_corr,afr,0.3995,0.3749,0.4244
trap/thyroid,trapA,min_rev_corr,balanced,0.6696,0.6413,0.6978
trap/thyroid,trapA,min_rev_corr,ens,0.6849,0.6578,0.7123
trap/thyroid,trapA,min_rev_corr,erm,0.2887,0.2672,0.3108
trap/thyroid,trapA,min_rev_corr,full_cmc,0.4402,0.4158,0.4655
trap/thyroid,trapA,min_rev_corr,groupdro,0.6457,0.6203,0.6716
trap/thyroid,trapA,min_rev_corr,locrand,0.4703,0.4437,0.4973
trap/thyroid,trapA,min_rev_corr,locrand_loc,0.5640,0.5345,0.5943
trap/thyroid,trapA,min_rev_corr,mask,0.3995,0.3749,0.4244
trap/thyroid,trapA,min_rev_corr,mask_bal,0.7800,0.7537,0.8008
trap/thyroid,trapA,min_rev_corr,mask_balanced,0.7827,0.7552,0.8034
trap/thyroid,trapA,min_rev_corr,mask_cfs,0.5439,0.5089,0.5825
trap/thyroid,trapA,min_rev_corr,mask_cmc,0.7295,0.7060,0.7535
trap/thyroid,trapA,min_rev_corr,mask_dfr,0.7337,0.7041,0.7626
trap/thyroid,trapA,min_rev_corr,selector_v2,0.7723,0.7491,0.7948
trap/thyroid,trapA,min_rev_corr,umte,0.6239,0.5800,0.6647
trap/thyroid,trapA,min_rev_corr,umte_balanced,0.7928,0.7714,0.8103
trap/thyroid,trapA,min_rev_corr,umte_protect,0.6599,0.6040,0.7096
trap/thyroid,trapB,min_rev_corr,afr,0.7438,0.7111,0.7742
trap/thyroid,trapB,min_rev_corr,balanced,0.6346,0.5826,0.6639
trap/thyroid,trapB,min_rev_corr,ens,0.7732,0.7355,0.7968
trap/thyroid,trapB,min_rev_corr,erm,0.4084,0.3704,0.4469
trap/thyroid,trapB,min_rev_corr,full_cmc,0.7438,0.7111,0.7742
trap/thyroid,trapB,min_rev_corr,groupdro,0.7630,0.7296,0.7901
trap/thyroid,trapB,min_rev_corr,locrand,0.7565,0.7246,0.7839
trap/thyroid,trapB,min_rev_corr,locrand_loc,0.7438,0.7111,0.7742
trap/thyroid,trapB,min_rev_corr,mask,0.7438,0.7111,0.7742
trap/thyroid,trapB,min_rev_corr,mask_bal,0.7746,0.7320,0.7965
trap/thyroid,trapB,min_rev_corr,mask_balanced,0.7705,0.7242,0.8020
trap/thyroid,trapB,min_rev_corr,mask_cfs,0.7600,0.7278,0.7898
trap/thyroid,trapB,min_rev_corr,mask_cmc,0.7589,0.7270,0.7869
trap/thyroid,trapB,min_rev_corr,mask_dfr,0.7289,0.6825,0.7721
trap/thyroid,trapB,min_rev_corr,selector_v2,0.7737,0.7344,0.7962
trap/thyroid,trapB,min_rev_corr,umte,0.7437,0.7099,0.7756
trap/thyroid,trapB,min_rev_corr,umte_balanced,0.7703,0.7245,0.7951
trap/thyroid,trapB,min_rev_corr,umte_protect,0.7498,0.7134,0.7796
trap/capsule,trapA,clean,afr,0.8501,0.8240,0.8741
trap/capsule,trapA,test_corr,afr,0.9653,0.9530,0.9759
trap/capsule,trapA,test_rev,afr,0.6673,0.6285,0.7056
trap/capsule,trapA,clean,balanced,0.8426,0.8172,0.8676
trap/capsule,trapA,test_corr,balanced,0.9132,0.8860,0.9381
trap/capsule,trapA,test_rev,balanced,0.7666,0.7339,0.7984
trap/capsule,trapA,clean,ens,0.8933,0.8707,0.9136
trap/capsule,trapA,test_corr,ens,0.9608,0.9449,0.9738
trap/capsule,trapA,test_rev,ens,0.8023,0.7668,0.8349
trap/capsule,trapA,clean,erm,0.7898,0.7609,0.8171
trap/capsule,trapA,test_corr,erm,0.9414,0.9183,0.9614
trap/capsule,trapA,test_rev,erm,0.5867,0.5486,0.6250
trap/capsule,trapA,clean,full_cmc,0.8474,0.8209,0.8718
trap/capsule,trapA,test_corr,full_cmc,0.9568,0.9427,0.9692
trap/capsule,trapA,test_rev,full_cmc,0.6868,0.6477,0.7244
trap/capsule,trapA,clean,groupdro,0.9039,0.8850,0.9214
trap/capsule,trapA,test_corr,groupdro,0.9616,0.9470,0.9737
trap/capsule,trapA,test_rev,groupdro,0.8283,0.7995,0.8559
trap/capsule,trapA,clean,locrand,0.8492,0.8231,0.8732
trap/capsule,trapA,test_corr,locrand,0.9643,0.9516,0.9754
trap/capsule,trapA,test_rev,locrand,0.6693,0.6301,0.7081
trap/capsule,trapA,clean,locrand_loc,0.8492,0.8227,0.8731
trap/capsule,trapA,test_corr,locrand_loc,0.9647,0.9525,0.9753
trap/capsule,trapA,test_rev,locrand_loc,0.6685,0.6294,0.7074
trap/capsule,trapA,clean,mask,0.8501,0.8240,0.8741
trap/capsule,trapA,test_corr,mask,0.9653,0.9530,0.9759
trap/capsule,trapA,test_rev,mask,0.6673,0.6285,0.7056
trap/capsule,trapA,clean,mask_bal,0.9011,0.8803,0.9201
trap/capsule,trapA,test_corr,mask_bal,0.9554,0.9361,0.9709
trap/capsule,trapA,test_rev,mask_bal,0.8336,0.8029,0.8629
trap/capsule,trapA,clean,mask_balanced,0.9037,0.8818,0.9232
trap/capsule,trapA,test_corr,mask_balanced,0.9514,0.9309,0.9678
trap/capsule,trapA,test_rev,mask_balanced,0.8472,0.8163,0.8757
trap/capsule,trapA,clean,mask_cfs,0.8502,0.8241,0.8740
trap/capsule,trapA,test_corr,mask_cfs,0.9655,0.9533,0.9760
trap/capsule,trapA,test_rev,mask_cfs,0.6672,0.6285,0.7054
trap/capsule,trapA,clean,mask_cmc,0.8984,0.8747,0.9192
trap/capsule,trapA,test_corr,mask_cmc,0.9612,0.9478,0.9729
trap/capsule,trapA,test_rev,mask_cmc,0.8200,0.7815,0.8547
trap/capsule,trapA,clean,mask_dfr,0.8915,0.8699,0.9111
trap/capsule,trapA,test_corr,mask_dfr,0.8942,0.8663,0.9195
trap/capsule,trapA,test_rev,mask_dfr,0.8870,0.8639,0.9088
trap/capsule,trapA,clean,selector_v2,0.9033,0.8820,0.9225
trap/capsule,trapA,test_corr,selector_v2,0.9559,0.9358,0.9714
trap/capsule,trapA,test_rev,selector_v2,0.8417,0.8096,0.8706
trap/capsule,trapA,clean,umte,0.8107,0.7823,0.8368
trap/capsule,trapA,test_corr,umte,0.9657,0.9537,0.9754
trap/capsule,trapA,test_rev,umte,0.5481,0.5055,0.5902
trap/capsule,trapA,clean,umte_balanced,0.8991,0.8746,0.9203
trap/capsule,trapA,test_corr,umte_balanced,0.9407,0.9214,0.9579
trap/capsule,trapA,test_rev,umte_balanced,0.8546,0.8168,0.8867
trap/capsule,trapA,clean,umte_protect,0.8458,0.8203,0.8696
trap/capsule,trapA,test_corr,umte_protect,0.9636,0.9510,0.9746
trap/capsule,trapA,test_rev,umte_protect,0.6643,0.6257,0.7028
trap/capsule,trapB,clean,afr,0.9270,0.9104,0.9420
trap/capsule,trapB,test_corr,afr,0.9624,0.9497,0.9732
trap/capsule,trapB,test_rev,afr,0.8818,0.8546,0.9075
trap/capsule,trapB,clean,balanced,0.7733,0.7447,0.8006
trap/capsule,trapB,test_corr,balanced,0.8757,0.8483,0.9020
trap/capsule,trapB,test_rev,balanced,0.6576,0.6132,0.6998
trap/capsule,trapB,clean,ens,0.9318,0.9154,0.9464
trap/capsule,trapB,test_corr,ens,0.9563,0.9406,0.9693
trap/capsule,trapB,test_rev,ens,0.9023,0.8775,0.9252
trap/capsule,trapB,clean,erm,0.7020,0.6673,0.7347
trap/capsule,trapB,test_corr,erm,0.9165,0.8957,0.9353
trap/capsule,trapB,test_rev,erm,0.4136,0.3732,0.4538
trap/capsule,trapB,clean,full_cmc,0.9270,0.9104,0.9420
trap/capsule,trapB,test_corr,full_cmc,0.9624,0.9497,0.9732
trap/capsule,trapB,test_rev,full_cmc,0.8818,0.8546,0.9075
trap/capsule,trapB,clean,groupdro,0.9322,0.9158,0.9468
trap/capsule,trapB,test_corr,groupdro,0.9549,0.9386,0.9687
trap/capsule,trapB,test_rev,groupdro,0.9051,0.8818,0.9268
trap/capsule,trapB,clean,locrand,0.9276,0.9112,0.9425
trap/capsule,trapB,test_corr,locrand,0.9592,0.9459,0.9708
trap/capsule,trapB,test_rev,locrand,0.8869,0.8588,0.9128
trap/capsule,trapB,clean,locrand_loc,0.9270,0.9104,0.9420
trap/capsule,trapB,test_corr,locrand_loc,0.9624,0.9497,0.9732
trap/capsule,trapB,test_rev,locrand_loc,0.8818,0.8546,0.9075
trap/capsule,trapB,clean,mask,0.9270,0.9104,0.9420
trap/capsule,trapB,test_corr,mask,0.9624,0.9497,0.9732
trap/capsule,trapB,test_rev,mask,0.8818,0.8546,0.9075
trap/capsule,trapB,clean,mask_bal,0.9302,0.9138,0.9450
trap/capsule,trapB,test_corr,mask_bal,0.9517,0.9347,0.9663
trap/capsule,trapB,test_rev,mask_bal,0.9042,0.8794,0.9271
trap/capsule,trapB,clean,mask_balanced,0.9315,0.9146,0.9464
trap/capsule,trapB,test_corr,mask_balanced,0.9508,0.9336,0.9652
trap/capsule,trapB,test_rev,mask_balanced,0.9087,0.8852,0.9306
trap/capsule,trapB,clean,mask_cfs,0.9250,0.9080,0.9404
trap/capsule,trapB,test_corr,mask_cfs,0.9614,0.9481,0.9725
trap/capsule,trapB,test_rev,mask_cfs,0.8789,0.8507,0.9052
trap/capsule,trapB,clean,mask_cmc,0.9342,0.9184,0.9482
trap/capsule,trapB,test_corr,mask_cmc,0.9598,0.9459,0.9717
trap/capsule,trapB,test_rev,mask_cmc,0.9034,0.8780,0.9265
trap/capsule,trapB,clean,mask_dfr,0.9005,0.8813,0.9180
trap/capsule,trapB,test_corr,mask_dfr,0.9072,0.8841,0.9281
trap/capsule,trapB,test_rev,mask_dfr,0.8831,0.8549,0.9087
trap/capsule,trapB,clean,selector_v2,0.9302,0.9138,0.9448
trap/capsule,trapB,test_corr,selector_v2,0.9526,0.9365,0.9666
trap/capsule,trapB,test_rev,selector_v2,0.9026,0.8778,0.9257
trap/capsule,trapB,clean,umte,0.9145,0.8971,0.9302
trap/capsule,trapB,test_corr,umte,0.9567,0.9437,0.9684
trap/capsule,trapB,test_rev,umte,0.8617,0.8317,0.8895
trap/capsule,trapB,clean,umte_balanced,0.9136,0.8924,0.9325
trap/capsule,trapB,test_corr,umte_balanced,0.9367,0.9141,0.9558
trap/capsule,trapB,test_rev,umte_balanced,0.8856,0.8563,0.9118
trap/capsule,trapB,clean,umte_protect,0.9113,0.8924,0.9281
trap/capsule,trapB,test_corr,umte_protect,0.9515,0.9364,0.9648
trap/capsule,trapB,test_rev,umte_protect,0.8579,0.8277,0.8867
trap/capsule,trapA,min_rev_corr,afr,0.6673,0.6285,0.7056
trap/capsule,trapA,min_rev_corr,balanced,0.7666,0.7339,0.7984
trap/capsule,trapA,min_rev_corr,ens,0.8023,0.7668,0.8349
trap/capsule,trapA,min_rev_corr,erm,0.5867,0.5486,0.6250
trap/capsule,trapA,min_rev_corr,full_cmc,0.6868,0.6477,0.7244
trap/capsule,trapA,min_rev_corr,groupdro,0.8283,0.7995,0.8559
trap/capsule,trapA,min_rev_corr,locrand,0.6693,0.6301,0.7081
trap/capsule,trapA,min_rev_corr,locrand_loc,0.6685,0.6294,0.7074
trap/capsule,trapA,min_rev_corr,mask,0.6673,0.6285,0.7056
trap/capsule,trapA,min_rev_corr,mask_bal,0.8336,0.8029,0.8629
trap/capsule,trapA,min_rev_corr,mask_balanced,0.8472,0.8163,0.8757
trap/capsule,trapA,min_rev_corr,mask_cfs,0.6672,0.6285,0.7054
trap/capsule,trapA,min_rev_corr,mask_cmc,0.8200,0.7815,0.8547
trap/capsule,trapA,min_rev_corr,mask_dfr,0.8870,0.8613,0.9043
trap/capsule,trapA,min_rev_corr,selector_v2,0.8417,0.8096,0.8706
trap/capsule,trapA,min_rev_corr,umte,0.5481,0.5055,0.5902
trap/capsule,trapA,min_rev_corr,umte_balanced,0.8546,0.8168,0.8867
trap/capsule,trapA,min_rev_corr,umte_protect,0.6643,0.6257,0.7028
trap/capsule,trapB,min_rev_corr,afr,0.8818,0.8546,0.9075
trap/capsule,trapB,min_rev_corr,balanced,0.6576,0.6132,0.6998
trap/capsule,trapB,min_rev_corr,ens,0.9023,0.8775,0.9252
trap/capsule,trapB,min_rev_corr,erm,0.4136,0.3732,0.4538
trap/capsule,trapB,min_rev_corr,full_cmc,0.8818,0.8546,0.9075
trap/capsule,trapB,min_rev_corr,groupdro,0.9051,0.8818,0.9268
trap/capsule,trapB,min_rev_corr,locrand,0.8869,0.8588,0.9128
trap/capsule,trapB,min_rev_corr,locrand_loc,0.8818,0.8546,0.9075
trap/capsule,trapB,min_rev_corr,mask,0.8818,0.8546,0.9075
trap/capsule,trapB,min_rev_corr,mask_bal,0.9042,0.8794,0.9271
trap/capsule,trapB,min_rev_corr,mask_balanced,0.9087,0.8852,0.9305
trap/capsule,trapB,min_rev_corr,mask_cfs,0.8789,0.8507,0.9052
trap/capsule,trapB,min_rev_corr,mask_cmc,0.9034,0.8780,0.9265
trap/capsule,trapB,min_rev_corr,mask_dfr,0.8831,0.8549,0.9069
trap/capsule,trapB,min_rev_corr,selector_v2,0.9026,0.8778,0.9257
trap/capsule,trapB,min_rev_corr,umte,0.8617,0.8317,0.8895
trap/capsule,trapB,min_rev_corr,umte_balanced,0.8856,0.8563,0.9118
trap/capsule,trapB,min_rev_corr,umte_protect,0.8579,0.8277,0.8867
trap/ovary,trapA,clean,afr,0.7029,0.6673,0.7384
trap/ovary,trapA,test_corr,afr,0.8636,0.8330,0.8914
trap/ovary,trapA,test_rev,afr,0.5202,0.4752,0.5653
trap/ovary,trapA,clean,balanced,0.7105,0.6770,0.7431
trap/ovary,trapA,test_corr,balanced,0.7287,0.6847,0.7721
trap/ovary,trapA,test_rev,balanced,0.6979,0.6533,0.7405
trap/ovary,trapA,clean,ens,0.7494,0.7168,0.7812
trap/ovary,trapA,test_corr,ens,0.8436,0.8092,0.8755
trap/ovary,trapA,test_rev,ens,0.6525,0.6078,0.6962
trap/ovary,trapA,clean,erm,0.6257,0.5888,0.6614
trap/ovary,trapA,test_corr,erm,0.8088,0.7731,0.8431
trap/ovary,trapA,test_rev,erm,0.4315,0.3863,0.4750
trap/ovary,trapA,clean,full_cmc,0.7029,0.6673,0.7384
trap/ovary,trapA,test_corr,full_cmc,0.8636,0.8330,0.8914
trap/ovary,trapA,test_rev,full_cmc,0.5202,0.4752,0.5653
trap/ovary,trapA,clean,groupdro,0.7336,0.7012,0.7651
trap/ovary,trapA,test_corr,groupdro,0.8744,0.8451,0.9004
trap/ovary,trapA,test_rev,groupdro,0.5813,0.5365,0.6250
trap/ovary,trapA,clean,locrand,0.7235,0.6865,0.7587
trap/ovary,trapA,test_corr,locrand,0.8713,0.8408,0.8993
trap/ovary,trapA,test_rev,locrand,0.5538,0.5081,0.5997
trap/ovary,trapA,clean,locrand_loc,0.7029,0.6673,0.7384
trap/ovary,trapA,test_corr,locrand_loc,0.8636,0.8330,0.8914
trap/ovary,trapA,test_rev,locrand_loc,0.5202,0.4752,0.5653
trap/ovary,trapA,clean,mask,0.7029,0.6673,0.7384
trap/ovary,trapA,test_corr,mask,0.8636,0.8330,0.8914
trap/ovary,trapA,test_rev,mask,0.5202,0.4752,0.5653
trap/ovary,trapA,clean,mask_bal,0.7534,0.7211,0.7845
trap/ovary,trapA,test_corr,mask_bal,0.8275,0.7902,0.8623
trap/ovary,trapA,test_rev,mask_bal,0.6816,0.6384,0.7241
trap/ovary,trapA,clean,mask_balanced,0.7534,0.7211,0.7845
trap/ovary,trapA,test_corr,mask_balanced,0.8275,0.7902,0.8623
trap/ovary,trapA,test_rev,mask_balanced,0.6816,0.6384,0.7241
trap/ovary,trapA,clean,mask_cfs,0.7308,0.6964,0.7640
trap/ovary,trapA,test_corr,mask_cfs,0.8723,0.8415,0.9005
trap/ovary,trapA,test_rev,mask_cfs,0.5689,0.5208,0.6156
trap/ovary,trapA,clean,mask_cmc,0.7457,0.7140,0.7766
trap/ovary,trapA,test_corr,mask_cmc,0.8454,0.8131,0.8755
trap/ovary,trapA,test_rev,mask_cmc,0.6385,0.5900,0.6859
trap/ovary,trapA,clean,mask_dfr,0.7648,0.7312,0.7982
trap/ovary,trapA,test_corr,mask_dfr,0.7902,0.7519,0.8261
trap/ovary,trapA,test_rev,mask_dfr,0.7344,0.6940,0.7742
trap/ovary,trapA,clean,selector_v2,0.7029,0.6673,0.7384
trap/ovary,trapA,test_corr,selector_v2,0.8636,0.8330,0.8914
trap/ovary,trapA,test_rev,selector_v2,0.5202,0.4752,0.5653
trap/ovary,trapA,clean,umte,0.7370,0.7022,0.7699
trap/ovary,trapA,test_corr,umte,0.8700,0.8394,0.8981
trap/ovary,trapA,test_rev,umte,0.5880,0.5428,0.6323
trap/ovary,trapA,clean,umte_balanced,0.7688,0.7361,0.8005
trap/ovary,trapA,test_corr,umte_balanced,0.8145,0.7770,0.8486
trap/ovary,trapA,test_rev,umte_balanced,0.7329,0.6932,0.7712
trap/ovary,trapA,clean,umte_protect,0.7372,0.7027,0.7713
trap/ovary,trapA,test_corr,umte_protect,0.8694,0.8392,0.8972
trap/ovary,trapA,test_rev,umte_protect,0.5860,0.5401,0.6317
trap/ovary,trapB,clean,afr,0.7533,0.7102,0.7934
trap/ovary,trapB,test_corr,afr,0.7664,0.7123,0.8174
trap/ovary,trapB,test_rev,afr,0.7162,0.6575,0.7719
trap/ovary,trapB,clean,balanced,0.6987,0.6546,0.7437
trap/ovary,trapB,test_corr,balanced,0.7225,0.6683,0.7738
trap/ovary,trapB,test_rev,balanced,0.6793,0.6178,0.7387
trap/ovary,trapB,clean,ens,0.7676,0.7266,0.8062
trap/ovary,trapB,test_corr,ens,0.7611,0.7090,0.8100
trap/ovary,trapB,test_rev,ens,0.7561,0.7004,0.8089
trap/ovary,trapB,clean,erm,0.6374,0.5860,0.6880
trap/ovary,trapB,test_corr,erm,0.8109,0.7636,0.8539
trap/ovary,trapB,test_rev,erm,0.4421,0.3763,0.5072
trap/ovary,trapB,clean,full_cmc,0.7533,0.7102,0.7934
trap/ovary,trapB,test_corr,full_cmc,0.7664,0.7123,0.8174
trap/ovary,trapB,test_rev,full_cmc,0.7162,0.6575,0.7719
trap/ovary,trapB,clean,groupdro,0.7705,0.7265,0.8110
trap/ovary,trapB,test_corr,groupdro,0.8057,0.7542,0.8517
trap/ovary,trapB,test_rev,groupdro,0.7169,0.6580,0.7723
trap/ovary,trapB,clean,locrand,0.7414,0.6981,0.7825
trap/ovary,trapB,test_corr,locrand,0.7616,0.7112,0.8089
trap/ovary,trapB,test_rev,locrand,0.6995,0.6392,0.7560
trap/ovary,trapB,clean,locrand_loc,0.7533,0.7102,0.7934
trap/ovary,trapB,test_corr,locrand_loc,0.7664,0.7123,0.8174
trap/ovary,trapB,test_rev,locrand_loc,0.7162,0.6575,0.7719
trap/ovary,trapB,clean,mask,0.7533,0.7102,0.7934
trap/ovary,trapB,test_corr,mask,0.7664,0.7123,0.8174
trap/ovary,trapB,test_rev,mask,0.7162,0.6575,0.7719
trap/ovary,trapB,clean,mask_bal,0.7651,0.7243,0.8036
trap/ovary,trapB,test_corr,mask_bal,0.7520,0.6995,0.8024
trap/ovary,trapB,test_rev,mask_bal,0.7596,0.7050,0.8116
trap/ovary,trapB,clean,mask_balanced,0.7651,0.7243,0.8036
trap/ovary,trapB,test_corr,mask_balanced,0.7520,0.6995,0.8024
trap/ovary,trapB,test_rev,mask_balanced,0.7596,0.7050,0.8116
trap/ovary,trapB,clean,mask_cfs,0.7735,0.7313,0.8130
trap/ovary,trapB,test_corr,mask_cfs,0.7979,0.7469,0.8454
trap/ovary,trapB,test_rev,mask_cfs,0.7348,0.6754,0.7910
trap/ovary,trapB,clean,mask_cmc,0.7509,0.7081,0.7914
trap/ovary,trapB,test_corr,mask_cmc,0.7649,0.7121,0.8146
trap/ovary,trapB,test_rev,mask_cmc,0.7138,0.6546,0.7700
trap/ovary,trapB,clean,mask_dfr,0.7410,0.6948,0.7867
trap/ovary,trapB,test_corr,mask_dfr,0.6939,0.6353,0.7490
trap/ovary,trapB,test_rev,mask_dfr,0.7727,0.7184,0.8246
trap/ovary,trapB,clean,selector_v2,0.7533,0.7102,0.7934
trap/ovary,trapB,test_corr,selector_v2,0.7664,0.7123,0.8174
trap/ovary,trapB,test_rev,selector_v2,0.7162,0.6575,0.7719
trap/ovary,trapB,clean,umte,0.7687,0.7261,0.8088
trap/ovary,trapB,test_corr,umte,0.7912,0.7391,0.8395
trap/ovary,trapB,test_rev,umte,0.7369,0.6795,0.7904
trap/ovary,trapB,clean,umte_balanced,0.7608,0.7163,0.8031
trap/ovary,trapB,test_corr,umte_balanced,0.7572,0.7030,0.8088
trap/ovary,trapB,test_rev,umte_balanced,0.7528,0.6984,0.8041
trap/ovary,trapB,clean,umte_protect,0.7570,0.7152,0.7969
trap/ovary,trapB,test_corr,umte_protect,0.7603,0.7046,0.8124
trap/ovary,trapB,test_rev,umte_protect,0.7388,0.6835,0.7926
trap/ovary,trapA,min_rev_corr,afr,0.5202,0.4752,0.5653
trap/ovary,trapA,min_rev_corr,balanced,0.6979,0.6532,0.7343
trap/ovary,trapA,min_rev_corr,ens,0.6525,0.6078,0.6962
trap/ovary,trapA,min_rev_corr,erm,0.4315,0.3863,0.4750
trap/ovary,trapA,min_rev_corr,full_cmc,0.5202,0.4752,0.5653
trap/ovary,trapA,min_rev_corr,groupdro,0.5813,0.5365,0.6250
trap/ovary,trapA,min_rev_corr,locrand,0.5538,0.5081,0.5997
trap/ovary,trapA,min_rev_corr,locrand_loc,0.5202,0.4752,0.5653
trap/ovary,trapA,min_rev_corr,mask,0.5202,0.4752,0.5653
trap/ovary,trapA,min_rev_corr,mask_bal,0.6816,0.6384,0.7241
trap/ovary,trapA,min_rev_corr,mask_balanced,0.6816,0.6384,0.7241
trap/ovary,trapA,min_rev_corr,mask_cfs,0.5689,0.5208,0.6156
trap/ovary,trapA,min_rev_corr,mask_cmc,0.6385,0.5900,0.6859
trap/ovary,trapA,min_rev_corr,mask_dfr,0.7344,0.6940,0.7740
trap/ovary,trapA,min_rev_corr,selector_v2,0.5202,0.4752,0.5653
trap/ovary,trapA,min_rev_corr,umte,0.5880,0.5428,0.6323
trap/ovary,trapA,min_rev_corr,umte_balanced,0.7329,0.6932,0.7712
trap/ovary,trapA,min_rev_corr,umte_protect,0.5860,0.5401,0.6317
trap/ovary,trapB,min_rev_corr,afr,0.7162,0.6574,0.7680
trap/ovary,trapB,min_rev_corr,balanced,0.6793,0.6178,0.7295
trap/ovary,trapB,min_rev_corr,ens,0.7561,0.6967,0.7890
trap/ovary,trapB,min_rev_corr,erm,0.4421,0.3763,0.5072
trap/ovary,trapB,min_rev_corr,full_cmc,0.7162,0.6574,0.7680
trap/ovary,trapB,min_rev_corr,groupdro,0.7169,0.6580,0.7721
trap/ovary,trapB,min_rev_corr,locrand,0.6995,0.6392,0.7536
trap/ovary,trapB,min_rev_corr,locrand_loc,0.7162,0.6574,0.7680
trap/ovary,trapB,min_rev_corr,mask,0.7162,0.6574,0.7680
trap/ovary,trapB,min_rev_corr,mask_bal,0.7520,0.6943,0.7859
trap/ovary,trapB,min_rev_corr,mask_balanced,0.7520,0.6943,0.7859
trap/ovary,trapB,min_rev_corr,mask_cfs,0.7348,0.6754,0.7889
trap/ovary,trapB,min_rev_corr,mask_cmc,0.7138,0.6546,0.7663
trap/ovary,trapB,min_rev_corr,mask_dfr,0.6939,0.6353,0.7480
trap/ovary,trapB,min_rev_corr,selector_v2,0.7162,0.6574,0.7680
trap/ovary,trapB,min_rev_corr,umte,0.7369,0.6795,0.7873
trap/ovary,trapB,min_rev_corr,umte_balanced,0.7528,0.6934,0.7865
trap/ovary,trapB,min_rev_corr,umte_protect,0.7388,0.6822,0.7796
trap/isic,trapA,clean,afr,0.7142,0.6855,0.7428
trap/isic,trapA,test_corr,afr,0.9229,0.9122,0.9334
trap/isic,trapA,test_rev,afr,0.4512,0.4081,0.4959
trap/isic,trapA,clean,balanced,0.7971,0.7729,0.8206
trap/isic,trapA,test_corr,balanced,0.8530,0.8305,0.8738
trap/isic,trapA,test_rev,balanced,0.7376,0.6991,0.7744
trap/isic,trapA,clean,ens,0.7542,0.7271,0.7810
trap/isic,trapA,test_corr,ens,0.8932,0.8794,0.9072
trap/isic,trapA,test_rev,ens,0.5969,0.5536,0.6409
trap/isic,trapA,clean,erm,0.7393,0.7106,0.7679
trap/isic,trapA,test_corr,erm,0.9214,0.9094,0.9329
trap/isic,trapA,test_rev,erm,0.5057,0.4624,0.5502
trap/isic,trapA,clean,full_cmc,0.7865,0.7586,0.8136
trap/isic,trapA,test_corr,full_cmc,0.8746,0.8549,0.8930
trap/isic,trapA,test_rev,full_cmc,0.6909,0.6407,0.7402
trap/isic,trapA,clean,groupdro,0.7542,0.7277,0.7804
trap/isic,trapA,test_corr,groupdro,0.8758,0.8609,0.8909
trap/isic,trapA,test_rev,groupdro,0.6228,0.5821,0.6642
trap/isic,trapA,clean,locrand,0.7187,0.6900,0.7476
trap/isic,trapA,test_corr,locrand,0.9211,0.9100,0.9319
trap/isic,trapA,test_rev,locrand,0.4681,0.4244,0.5131
trap/isic,trapA,clean,locrand_loc,0.7214,0.6928,0.7504
trap/isic,trapA,test_corr,locrand_loc,0.9187,0.9075,0.9299
trap/isic,trapA,test_rev,locrand_loc,0.4799,0.4358,0.5252
trap/isic,trapA,clean,mask,0.7142,0.6855,0.7428
trap/isic,trapA,test_corr,mask,0.9229,0.9122,0.9334
trap/isic,trapA,test_rev,mask,0.4512,0.4081,0.4959
trap/isic,trapA,clean,mask_bal,0.7579,0.7315,0.7839
trap/isic,trapA,test_corr,mask_bal,0.8512,0.8327,0.8692
trap/isic,trapA,test_rev,mask_bal,0.6639,0.6238,0.7045
trap/isic,trapA,clean,mask_balanced,0.7579,0.7315,0.7839
trap/isic,trapA,test_corr,mask_balanced,0.8512,0.8327,0.8692
trap/isic,trapA,test_rev,mask_balanced,0.6639,0.6238,0.7045
trap/isic,trapA,clean,mask_cfs,0.7209,0.6927,0.7494
trap/isic,trapA,test_corr,mask_cfs,0.9235,0.9128,0.9340
trap/isic,trapA,test_rev,mask_cfs,0.4638,0.4195,0.5095
trap/isic,trapA,clean,mask_cmc,0.7536,0.7266,0.7806
trap/isic,trapA,test_corr,mask_cmc,0.8606,0.8346,0.8840
trap/isic,trapA,test_rev,mask_cmc,0.6444,0.6016,0.6878
trap/isic,trapA,clean,mask_cmc_uncontra,0.7498,0.7212,0.7779
trap/isic,trapA,test_corr,mask_cmc_uncontra,0.8796,0.8651,0.8939
trap/isic,trapA,test_rev,mask_cmc_uncontra,0.6109,0.5635,0.6582
trap/isic,trapA,clean,mask_dfr,0.7170,0.6913,0.7424
trap/isic,trapA,test_corr,mask_dfr,0.7739,0.7491,0.7973
trap/isic,trapA,test_rev,mask_dfr,0.6610,0.6246,0.6979
trap/isic,trapA,clean,selector_v2,0.7764,0.7515,0.8009
trap/isic,trapA,test_corr,selector_v2,0.8561,0.8358,0.8755
trap/isic,trapA,test_rev,selector_v2,0.7036,0.6667,0.7404
trap/isic,trapA,clean,umte,0.7298,0.7015,0.7586
trap/isic,trapA,test_corr,umte,0.9174,0.9061,0.9285
trap/isic,trapA,test_rev,umte,0.4919,0.4470,0.5379
trap/isic,trapA,clean,umte_balanced,0.7718,0.7447,0.7975
trap/isic,trapA,test_corr,umte_balanced,0.8589,0.8378,0.8784
trap/isic,trapA,test_rev,umte_balanced,0.6790,0.6383,0.7193
trap/isic,trapA,clean,umte_protect,0.7119,0.6827,0.7415
trap/isic,trapA,test_corr,umte_protect,0.9030,0.8892,0.9168
trap/isic,trapA,test_rev,umte_protect,0.4806,0.4360,0.5255
trap/isic,trapB,clean,afr,0.7312,0.7040,0.7572
trap/isic,trapB,test_corr,afr,0.8135,0.7947,0.8316
trap/isic,trapB,test_rev,afr,0.6364,0.5969,0.6759
trap/isic,trapB,clean,balanced,0.7615,0.7347,0.7871
trap/isic,trapB,test_corr,balanced,0.7950,0.7682,0.8211
trap/isic,trapB,test_rev,balanced,0.7338,0.6964,0.7707
trap/isic,trapB,clean,ens,0.7496,0.7235,0.7748
trap/isic,trapB,test_corr,ens,0.7828,0.7636,0.8013
trap/isic,trapB,test_rev,ens,0.7094,0.6705,0.7476
trap/isic,trapB,clean,erm,0.7273,0.7008,0.7527
trap/isic,trapB,test_corr,erm,0.8995,0.8867,0.9117
trap/isic,trapB,test_rev,erm,0.5217,0.4790,0.5655
trap/isic,trapB,clean,full_cmc,0.7519,0.7246,0.7792
trap/isic,trapB,test_corr,full_cmc,0.8298,0.8092,0.8496
trap/isic,trapB,test_rev,full_cmc,0.6652,0.6242,0.7068
trap/isic,trapB,clean,groupdro,0.7439,0.7181,0.7689
trap/isic,trapB,test_corr,groupdro,0.8053,0.7874,0.8225
trap/isic,trapB,test_rev,groupdro,0.6765,0.6344,0.7170
trap/isic,trapB,clean,locrand,0.7388,0.7131,0.7641
trap/isic,trapB,test_corr,locrand,0.8081,0.7878,0.8276
trap/isic,trapB,test_rev,locrand,0.6597,0.6199,0.6994
trap/isic,trapB,clean,locrand_loc,0.7312,0.7040,0.7572
trap/isic,trapB,test_corr,locrand_loc,0.8135,0.7947,0.8316
trap/isic,trapB,test_rev,locrand_loc,0.6364,0.5969,0.6759
trap/isic,trapB,clean,mask,0.7312,0.7040,0.7572
trap/isic,trapB,test_corr,mask,0.8135,0.7947,0.8316
trap/isic,trapB,test_rev,mask,0.6364,0.5969,0.6759
trap/isic,trapB,clean,mask_bal,0.7430,0.7170,0.7678
trap/isic,trapB,test_corr,mask_bal,0.7612,0.7402,0.7814
trap/isic,trapB,test_rev,mask_bal,0.7210,0.6836,0.7569
trap/isic,trapB,clean,mask_balanced,0.7433,0.7171,0.7680
trap/isic,trapB,test_corr,mask_balanced,0.7475,0.7256,0.7688
trap/isic,trapB,test_rev,mask_balanced,0.7346,0.6954,0.7724
trap/isic,trapB,clean,mask_cfs,0.7358,0.7066,0.7637
trap/isic,trapB,test_corr,mask_cfs,0.8115,0.7914,0.8308
trap/isic,trapB,test_rev,mask_cfs,0.6465,0.6062,0.6865
trap/isic,trapB,clean,mask_cmc,0.7440,0.7180,0.7696
trap/isic,trapB,test_corr,mask_cmc,0.7948,0.7720,0.8170
trap/isic,trapB,test_rev,mask_cmc,0.6815,0.6432,0.7193
trap/isic,trapB,clean,mask_cmc_uncontra,0.7435,0.7174,0.7691
trap/isic,trapB,test_corr,mask_cmc_uncontra,0.7904,0.7679,0.8126
trap/isic,trapB,test_rev,mask_cmc_uncontra,0.6852,0.6454,0.7248
trap/isic,trapB,clean,mask_dfr,0.6836,0.6494,0.7151
trap/isic,trapB,test_corr,mask_dfr,0.6499,0.6283,0.6715
trap/isic,trapB,test_rev,mask_dfr,0.7126,0.6743,0.7509
trap/isic,trapB,clean,selector_v2,0.7470,0.7214,0.7728
trap/isic,trapB,test_corr,selector_v2,0.7757,0.7433,0.8123
trap/isic,trapB,test_rev,selector_v2,0.7154,0.6803,0.7503
trap/isic,trapB,clean,umte,0.7290,0.6986,0.7596
trap/isic,trapB,test_corr,umte,0.7999,0.7771,0.8230
trap/isic,trapB,test_rev,umte,0.6461,0.6047,0.6880
trap/isic,trapB,clean,umte_balanced,0.7552,0.7304,0.7794
trap/isic,trapB,test_corr,umte_balanced,0.7564,0.7333,0.7782
trap/isic,trapB,test_rev,umte_balanced,0.7562,0.7216,0.7896
trap/isic,trapB,clean,umte_protect,0.7068,0.6759,0.7379
trap/isic,trapB,test_corr,umte_protect,0.7661,0.7412,0.7930
trap/isic,trapB,test_rev,umte_protect,0.6389,0.5961,0.6821
trap/isic,trapA,min_rev_corr,afr,0.4512,0.4081,0.4959
trap/isic,trapA,min_rev_corr,balanced,0.7376,0.6991,0.7744
trap/isic,trapA,min_rev_corr,ens,0.5969,0.5536,0.6409
trap/isic,trapA,min_rev_corr,erm,0.5057,0.4624,0.5502
trap/isic,trapA,min_rev_corr,full_cmc,0.6909,0.6407,0.7402
trap/isic,trapA,min_rev_corr,groupdro,0.6228,0.5821,0.6642
trap/isic,trapA,min_rev_corr,locrand,0.4681,0.4244,0.5131
trap/isic,trapA,min_rev_corr,locrand_loc,0.4799,0.4358,0.5252
trap/isic,trapA,min_rev_corr,mask,0.4512,0.4081,0.4959
trap/isic,trapA,min_rev_corr,mask_bal,0.6639,0.6238,0.7045
trap/isic,trapA,min_rev_corr,mask_balanced,0.6639,0.6238,0.7045
trap/isic,trapA,min_rev_corr,mask_cfs,0.4638,0.4195,0.5095
trap/isic,trapA,min_rev_corr,mask_cmc,0.6444,0.6016,0.6878
trap/isic,trapA,min_rev_corr,mask_cmc_uncontra,0.6109,0.5635,0.6582
trap/isic,trapA,min_rev_corr,mask_dfr,0.6610,0.6246,0.6979
trap/isic,trapA,min_rev_corr,selector_v2,0.7036,0.6667,0.7404
trap/isic,trapA,min_rev_corr,umte,0.4919,0.4470,0.5379
trap/isic,trapA,min_rev_corr,umte_balanced,0.6790,0.6383,0.7193
trap/isic,trapA,min_rev_corr,umte_protect,0.4806,0.4360,0.5255
trap/isic,trapB,min_rev_corr,afr,0.6364,0.5969,0.6759
trap/isic,trapB,min_rev_corr,balanced,0.7338,0.6964,0.7707
trap/isic,trapB,min_rev_corr,ens,0.7094,0.6705,0.7476
trap/isic,trapB,min_rev_corr,erm,0.5217,0.4790,0.5655
trap/isic,trapB,min_rev_corr,full_cmc,0.6652,0.6242,0.7068
trap/isic,trapB,min_rev_corr,groupdro,0.6765,0.6344,0.7170
trap/isic,trapB,min_rev_corr,locrand,0.6597,0.6199,0.6994
trap/isic,trapB,min_rev_corr,locrand_loc,0.6364,0.5969,0.6759
trap/isic,trapB,min_rev_corr,mask,0.6364,0.5969,0.6759
trap/isic,trapB,min_rev_corr,mask_bal,0.7210,0.6836,0.7557
trap/isic,trapB,min_rev_corr,mask_balanced,0.7346,0.6954,0.7576
trap/isic,trapB,min_rev_corr,mask_cfs,0.6465,0.6062,0.6865
trap/isic,trapB,min_rev_corr,mask_cmc,0.6815,0.6432,0.7193
trap/isic,trapB,min_rev_corr,mask_cmc_uncontra,0.6852,0.6454,0.7248
trap/isic,trapB,min_rev_corr,mask_dfr,0.6499,0.6283,0.6714
trap/isic,trapB,min_rev_corr,selector_v2,0.7154,0.6803,0.7500
trap/isic,trapB,min_rev_corr,umte,0.6461,0.6047,0.6880
trap/isic,trapB,min_rev_corr,umte_balanced,0.7562,0.7212,0.7698
trap/isic,trapB,min_rev_corr,umte_protect,0.6389,0.5961,0.6821
natural/thyroid,all,clean,afr,0.7305,0.6889,0.7706
natural/thyroid,all,clean,balanced,0.7213,0.6812,0.7610
natural/thyroid,all,clean,ens,0.7257,0.6843,0.7660
natural/thyroid,all,clean,erm,0.7393,0.6998,0.7781
natural/thyroid,all,clean,full_cmc,0.7305,0.6889,0.7706
natural/thyroid,all,clean,groupdro,0.7169,0.6748,0.7579
natural/thyroid,all,clean,locrand,0.7300,0.6885,0.7695
natural/thyroid,all,clean,locrand_loc,0.7295,0.6884,0.7689
natural/thyroid,all,clean,mask,0.7305,0.6889,0.7706
natural/thyroid,all,clean,mask_bal,0.7229,0.6813,0.7633
natural/thyroid,all,clean,mask_balanced,0.7222,0.6808,0.7628
natural/thyroid,all,clean,mask_cfs,0.7338,0.6919,0.7741
natural/thyroid,all,clean,mask_cmc,0.7286,0.6871,0.7686
natural/thyroid,all,clean,mask_dfr,0.6910,0.6477,0.7344
natural/thyroid,all,clean,selector_v2,0.7286,0.6871,0.7686
natural/thyroid,all,clean,umte,0.7397,0.6987,0.7791
natural/thyroid,all,clean,umte_balanced,0.7316,0.6907,0.7718
natural/thyroid,all,clean,umte_protect,0.7106,0.6680,0.7519
natural/thyroid,easy,clean,afr,0.8380,0.7921,0.8806
natural/thyroid,easy,clean,balanced,0.7392,0.6843,0.7915
natural/thyroid,easy,clean,ens,0.8076,0.7581,0.8541
natural/thyroid,easy,clean,erm,0.8048,0.7557,0.8504
natural/thyroid,easy,clean,full_cmc,0.8380,0.7921,0.8806
natural/thyroid,easy,clean,groupdro,0.7601,0.7061,0.8115
natural/thyroid,easy,clean,locrand,0.8288,0.7829,0.8724
natural/thyroid,easy,clean,locrand_loc,0.8211,0.7721,0.8664
natural/thyroid,easy,clean,mask,0.8380,0.7921,0.8806
natural/thyroid,easy,clean,mask_bal,0.7964,0.7448,0.8452
natural/thyroid,easy,clean,mask_balanced,0.7919,0.7415,0.8401
natural/thyroid,easy,clean,mask_cfs,0.8401,0.7949,0.8825
natural/thyroid,easy,clean,mask_cmc,0.7782,0.7266,0.8280
natural/thyroid,easy,clean,mask_dfr,0.7613,0.7001,0.8210
natural/thyroid,easy,clean,selector_v2,0.7782,0.7266,0.8280
natural/thyroid,easy,clean,umte,0.8355,0.7899,0.8776
natural/thyroid,easy,clean,umte_balanced,0.7993,0.7502,0.8455
natural/thyroid,easy,clean,umte_protect,0.8518,0.8075,0.8929
natural/thyroid,hard,clean,afr,0.5784,0.5077,0.6474
natural/thyroid,hard,clean,balanced,0.7180,0.6548,0.7786
natural/thyroid,hard,clean,ens,0.6162,0.5463,0.6840
natural/thyroid,hard,clean,erm,0.6705,0.6044,0.7345
natural/thyroid,hard,clean,full_cmc,0.5784,0.5077,0.6474
natural/thyroid,hard,clean,groupdro,0.6593,0.5913,0.7256
natural/thyroid,hard,clean,locrand,0.5939,0.5227,0.6627
natural/thyroid,hard,clean,locrand_loc,0.6027,0.5306,0.6726
natural/thyroid,hard,clean,mask,0.5784,0.5077,0.6474
natural/thyroid,hard,clean,mask_bal,0.6262,0.5563,0.6940
natural/thyroid,hard,clean,mask_balanced,0.6314,0.5621,0.6985
natural/thyroid,hard,clean,mask_cfs,0.5845,0.5134,0.6534
natural/thyroid,hard,clean,mask_cmc,0.6629,0.5948,0.7280
natural/thyroid,hard,clean,mask_dfr,0.6084,0.5406,0.6740
natural/thyroid,hard,clean,selector_v2,0.6629,0.5948,0.7280
natural/thyroid,hard,clean,umte,0.6130,0.5408,0.6822
natural/thyroid,hard,clean,umte_balanced,0.6533,0.5837,0.7207
natural/thyroid,hard,clean,umte_protect,0.5062,0.4322,0.5796
natural/capsule,all,clean,afr,0.9718,0.9633,0.9793
natural/capsule,all,clean,balanced,0.9036,0.8873,0.9176
natural/capsule,all,clean,ens,0.9710,0.9624,0.9788
natural/capsule,all,clean,erm,0.9073,0.8937,0.9200
natural/capsule,all,clean,full_cmc,0.9718,0.9633,0.9793
natural/capsule,all,clean,groupdro,0.9660,0.9574,0.9740
natural/capsule,all,clean,locrand,0.9716,0.9631,0.9790
natural/capsule,all,clean,locrand_loc,0.9702,0.9609,0.9785
natural/capsule,all,clean,mask,0.9718,0.9633,0.9793
natural/capsule,all,clean,mask_bal,0.9704,0.9615,0.9783
natural/capsule,all,clean,mask_balanced,0.9691,0.9607,0.9766
natural/capsule,all,clean,mask_cfs,0.9722,0.9638,0.9796
natural/capsule,all,clean,mask_cmc,0.9718,0.9631,0.9794
natural/capsule,all,clean,mask_dfr,0.8605,0.8194,0.8950
natural/capsule,all,clean,selector_v2,0.9682,0.9599,0.9755
natural/capsule,all,clean,umte,0.9647,0.9558,0.9721
natural/capsule,all,clean,umte_balanced,0.9634,0.9536,0.9717
natural/capsule,all,clean,umte_protect,0.9566,0.9483,0.9647
natural/capsule,easy,clean,afr,0.9726,0.9561,0.9835
natural/capsule,easy,clean,balanced,0.8998,0.8643,0.9308
natural/capsule,easy,clean,ens,0.9703,0.9531,0.9820
natural/capsule,easy,clean,erm,0.8965,0.8603,0.9276
natural/capsule,easy,clean,full_cmc,0.9726,0.9561,0.9835
natural/capsule,easy,clean,groupdro,0.9610,0.9433,0.9740
natural/capsule,easy,clean,locrand,0.9726,0.9557,0.9834
natural/capsule,easy,clean,locrand_loc,0.9706,0.9528,0.9824
natural/capsule,easy,clean,mask,0.9726,0.9561,0.9835
natural/capsule,easy,clean,mask_bal,0.9694,0.9521,0.9816
natural/capsule,easy,clean,mask_balanced,0.9655,0.9457,0.9786
natural/capsule,easy,clean,mask_cfs,0.9738,0.9589,0.9838
natural/capsule,easy,clean,mask_cmc,0.9684,0.9510,0.9806
natural/capsule,easy,clean,mask_dfr,0.8530,0.7655,0.9197
natural/capsule,easy,clean,selector_v2,0.9670,0.9480,0.9799
natural/capsule,easy,clean,umte,0.9711,0.9509,0.9839
natural/capsule,easy,clean,umte_balanced,0.9648,0.9437,0.9788
natural/capsule,easy,clean,umte_protect,0.9536,0.9376,0.9665
natural/capsule,hard,clean,afr,0.9670,0.9490,0.9822
natural/capsule,hard,clean,balanced,0.9476,0.9240,0.9673
natural/capsule,hard,clean,ens,0.9714,0.9560,0.9844
natural/capsule,hard,clean,erm,0.9455,0.9208,0.9658
natural/capsule,hard,clean,full_cmc,0.9670,0.9490,0.9822
natural/capsule,hard,clean,groupdro,0.9710,0.9557,0.9845
natural/capsule,hard,clean,locrand,0.9665,0.9486,0.9817
natural/capsule,hard,clean,locrand_loc,0.9668,0.9488,0.9818
natural/capsule,hard,clean,mask,0.9670,0.9490,0.9822
natural/capsule,hard,clean,mask_bal,0.9717,0.9561,0.9848
natural/capsule,hard,clean,mask_balanced,0.9740,0.9591,0.9870
natural/capsule,hard,clean,mask_cfs,0.9672,0.9497,0.9820
natural/capsule,hard,clean,mask_cmc,0.9736,0.9585,0.9859
natural/capsule,hard,clean,mask_dfr,0.8994,0.8326,0.9516
natural/capsule,hard,clean,selector_v2,0.9674,0.9528,0.9805
natural/capsule,hard,clean,umte,0.9594,0.9434,0.9733
natural/capsule,hard,clean,umte_balanced,0.9705,0.9548,0.9836
natural/capsule,hard,clean,umte_protect,0.9549,0.9298,0.9751
natural/isic_BCN,all,clean,afr,0.7594,0.7485,0.7702
natural/isic_BCN,all,clean,balanced,0.7821,0.7716,0.7929
natural/isic_BCN,all,clean,ens,0.7630,0.7523,0.7737
natural/isic_BCN,all,clean,erm,0.7864,0.7759,0.7974
natural/isic_BCN,all,clean,full_cmc,0.7632,0.7503,0.7763
natural/isic_BCN,all,clean,groupdro,0.7611,0.7503,0.7719
natural/isic_BCN,all,clean,locrand,0.7604,0.7498,0.7710
natural/isic_BCN,all,clean,locrand_loc,0.7577,0.7468,0.7685
natural/isic_BCN,all,clean,mask,0.7594,0.7485,0.7702
natural/isic_BCN,all,clean,mask_bal,0.7627,0.7520,0.7734
natural/isic_BCN,all,clean,mask_balanced,0.7629,0.7521,0.7736
natural/isic_BCN,all,clean,mask_cfs,0.7613,0.7502,0.7725
natural/isic_BCN,all,clean,mask_cmc,0.7548,0.7439,0.7657
natural/isic_BCN,all,clean,mask_dfr,0.7220,0.7105,0.7332
natural/isic_BCN,all,clean,selector_v2,0.7603,0.7468,0.7744
natural/isic_BCN,all,clean,umte,0.7646,0.7540,0.7752
natural/isic_BCN,all,clean,umte_balanced,0.7689,0.7584,0.7792
natural/isic_BCN,all,clean,umte_protect,0.7458,0.7341,0.7574
natural/isic_BCN,easy,clean,afr,0.8235,0.8084,0.8379
natural/isic_BCN,easy,clean,balanced,0.8192,0.8042,0.8341
natural/isic_BCN,easy,clean,ens,0.8089,0.7933,0.8244
natural/isic_BCN,easy,clean,erm,0.8389,0.8247,0.8529
natural/isic_BCN,easy,clean,full_cmc,0.8177,0.8024,0.8330
natural/isic_BCN,easy,clean,groupdro,0.7951,0.7795,0.8102
natural/isic_BCN,easy,clean,locrand,0.8242,0.8093,0.8385
natural/isic_BCN,easy,clean,locrand_loc,0.8210,0.8059,0.8356
natural/isic_BCN,easy,clean,mask,0.8235,0.8084,0.8379
natural/isic_BCN,easy,clean,mask_bal,0.8042,0.7876,0.8201
natural/isic_BCN,easy,clean,mask_balanced,0.8030,0.7870,0.8187
natural/isic_BCN,easy,clean,mask_cfs,0.8247,0.8094,0.8392
natural/isic_BCN,easy,clean,mask_cmc,0.7866,0.7698,0.8026
natural/isic_BCN,easy,clean,mask_dfr,0.7549,0.7157,0.7842
natural/isic_BCN,easy,clean,selector_v2,0.7911,0.7728,0.8082
natural/isic_BCN,easy,clean,umte,0.8281,0.8136,0.8423
natural/isic_BCN,easy,clean,umte_balanced,0.8101,0.7946,0.8254
natural/isic_BCN,easy,clean,umte_protect,0.8009,0.7844,0.8166
natural/isic_BCN,hard,clean,afr,0.6848,0.6677,0.7017
natural/isic_BCN,hard,clean,balanced,0.7389,0.7236,0.7546
natural/isic_BCN,hard,clean,ens,0.7123,0.6951,0.7289
natural/isic_BCN,hard,clean,erm,0.7192,0.7023,0.7363
natural/isic_BCN,hard,clean,full_cmc,0.6991,0.6720,0.7311
natural/isic_BCN,hard,clean,groupdro,0.7232,0.7065,0.7395
natural/isic_BCN,hard,clean,locrand,0.6860,0.6692,0.7028
natural/isic_BCN,hard,clean,locrand_loc,0.6846,0.6675,0.7016
natural/isic_BCN,hard,clean,mask,0.6848,0.6677,0.7017
natural/isic_BCN,hard,clean,mask_bal,0.7176,0.7003,0.7345
natural/isic_BCN,hard,clean,mask_balanced,0.7196,0.7021,0.7363
natural/isic_BCN,hard,clean,mask_cfs,0.6870,0.6702,0.7040
natural/isic_BCN,hard,clean,mask_cmc,0.7211,0.7050,0.7370
natural/isic_BCN,hard,clean,mask_dfr,0.6778,0.6513,0.7067
natural/isic_BCN,hard,clean,selector_v2,0.7262,0.7052,0.7473
natural/isic_BCN,hard,clean,umte,0.6878,0.6694,0.7062
natural/isic_BCN,hard,clean,umte_balanced,0.7225,0.7046,0.7403
natural/isic_BCN,hard,clean,umte_protect,0.6831,0.6659,0.7004
natural/isic_HAM,all,clean,afr,0.7909,0.7752,0.8065
natural/isic_HAM,all,clean,balanced,0.7495,0.7335,0.7653
natural/isic_HAM,all,clean,ens,0.7942,0.7785,0.8095
natural/isic_HAM,all,clean,erm,0.7541,0.7383,0.7696
natural/isic_HAM,all,clean,full_cmc,0.7532,0.7376,0.7686
natural/isic_HAM,all,clean,groupdro,0.7903,0.7754,0.8051
natural/isic_HAM,all,clean,locrand,0.7909,0.7752,0.8064
natural/isic_HAM,all,clean,locrand_loc,0.7914,0.7757,0.8070
natural/isic_HAM,all,clean,mask,0.7909,0.7752,0.8065
natural/isic_HAM,all,clean,mask_bal,0.7938,0.7784,0.8092
natural/isic_HAM,all,clean,mask_balanced,0.7932,0.7777,0.8086
natural/isic_HAM,all,clean,mask_cfs,0.7909,0.7752,0.8065
natural/isic_HAM,all,clean,mask_cmc,0.7883,0.7723,0.8041
natural/isic_HAM,all,clean,mask_dfr,0.7342,0.6893,0.7674
natural/isic_HAM,all,clean,selector_v2,0.7532,0.7376,0.7686
natural/isic_HAM,all,clean,umte,0.8013,0.7867,0.8154
natural/isic_HAM,all,clean,umte_balanced,0.8066,0.7918,0.8207
natural/isic_HAM,all,clean,umte_protect,0.7818,0.7650,0.7979
natural/isic_HAM,easy,clean,afr,0.8569,0.8324,0.8799
natural/isic_HAM,easy,clean,balanced,0.8053,0.7782,0.8312
natural/isic_HAM,easy,clean,ens,0.8386,0.8121,0.8637
natural/isic_HAM,easy,clean,erm,0.8353,0.8113,0.8580
natural/isic_HAM,easy,clean,full_cmc,0.8091,0.7829,0.8343
natural/isic_HAM,easy,clean,groupdro,0.7965,0.7680,0.8236
natural/isic_HAM,easy,clean,locrand,0.8565,0.8317,0.8795
natural/isic_HAM,easy,clean,locrand_loc,0.8551,0.8306,0.8782
natural/isic_HAM,easy,clean,mask,0.8569,0.8324,0.8799
natural/isic_HAM,easy,clean,mask_bal,0.8360,0.8095,0.8613
natural/isic_HAM,easy,clean,mask_balanced,0.8299,0.8025,0.8559
natural/isic_HAM,easy,clean,mask_cfs,0.8569,0.8324,0.8799
natural/isic_HAM,easy,clean,mask_cmc,0.8069,0.7749,0.8372
natural/isic_HAM,easy,clean,mask_dfr,0.7734,0.7208,0.8200
natural/isic_HAM,easy,clean,selector_v2,0.8091,0.7829,0.8343
natural/isic_HAM,easy,clean,umte,0.8586,0.8357,0.8802
natural/isic_HAM,easy,clean,umte_balanced,0.8374,0.8094,0.8642
natural/isic_HAM,easy,clean,umte_protect,0.8678,0.8444,0.8896
natural/isic_HAM,hard,clean,afr,0.7171,0.6917,0.7422
natural/isic_HAM,hard,clean,balanced,0.7099,0.6854,0.7334
natural/isic_HAM,hard,clean,ens,0.7549,0.7305,0.7786
natural/isic_HAM,hard,clean,erm,0.6787,0.6549,0.7021
natural/isic_HAM,hard,clean,full_cmc,0.7106,0.6880,0.7331
natural/isic_HAM,hard,clean,groupdro,0.7983,0.7764,0.8190
natural/isic_HAM,hard,clean,locrand,0.7175,0.6923,0.7425
natural/isic_HAM,hard,clean,locrand_loc,0.7205,0.6964,0.7444
natural/isic_HAM,hard,clean,mask,0.7171,0.6917,0.7422
natural/isic_HAM,hard,clean,mask_bal,0.7581,0.7344,0.7809
natural/isic_HAM,hard,clean,mask_balanced,0.7655,0.7411,0.7890
natural/isic_HAM,hard,clean,mask_cfs,0.7171,0.6917,0.7422
natural/isic_HAM,hard,clean,mask_cmc,0.7787,0.7452,0.8083
natural/isic_HAM,hard,clean,mask_dfr,0.6964,0.6409,0.7404
natural/isic_HAM,hard,clean,selector_v2,0.7106,0.6880,0.7331
natural/isic_HAM,hard,clean,umte,0.7385,0.7162,0.7601
natural/isic_HAM,hard,clean,umte_balanced,0.7821,0.7598,0.8031
natural/isic_HAM,hard,clean,umte_protect,0.6854,0.6581,0.7133
natural/isic_MSK,all,clean,afr,0.7824,0.7601,0.8037
natural/isic_MSK,all,clean,balanced,0.7652,0.7430,0.7866
natural/isic_MSK,all,clean,ens,0.7802,0.7578,0.8016
natural/isic_MSK,all,clean,erm,0.7679,0.7459,0.7895
natural/isic_MSK,all,clean,full_cmc,0.7622,0.7401,0.7838
natural/isic_MSK,all,clean,groupdro,0.7720,0.7497,0.7930
natural/isic_MSK,all,clean,locrand,0.7825,0.7602,0.8038
natural/isic_MSK,all,clean,locrand_loc,0.7835,0.7612,0.8046
natural/isic_MSK,all,clean,mask,0.7824,0.7601,0.8037
natural/isic_MSK,all,clean,mask_bal,0.7768,0.7543,0.7983
natural/isic_MSK,all,clean,mask_balanced,0.7768,0.7543,0.7983
natural/isic_MSK,all,clean,mask_cfs,0.7827,0.7605,0.8040
natural/isic_MSK,all,clean,mask_cmc,0.7803,0.7581,0.8012
natural/isic_MSK,all,clean,mask_dfr,0.7373,0.6986,0.7712
natural/isic_MSK,all,clean,selector_v2,0.7622,0.7401,0.7838
natural/isic_MSK,all,clean,umte,0.7764,0.7540,0.7979
natural/isic_MSK,all,clean,umte_balanced,0.7691,0.7460,0.7910
natural/isic_MSK,all,clean,umte_protect,0.7801,0.7582,0.8012
natural/isic_MSK,easy,clean,afr,0.9153,0.8839,0.9437
natural/isic_MSK,easy,clean,balanced,0.8007,0.7466,0.8501
natural/isic_MSK,easy,clean,ens,0.8973,0.8626,0.9293
natural/isic_MSK,easy,clean,erm,0.8313,0.7797,0.8771
natural/isic_MSK,easy,clean,full_cmc,0.7740,0.7186,0.8249
natural/isic_MSK,easy,clean,groupdro,0.8595,0.8150,0.9005
natural/isic_MSK,easy,clean,locrand,0.9154,0.8839,0.9437
natural/isic_MSK,easy,clean,locrand_loc,0.9135,0.8823,0.9419
natural/isic_MSK,easy,clean,mask,0.9153,0.8839,0.9437
natural/isic_MSK,easy,clean,mask_bal,0.8868,0.8507,0.9204
natural/isic_MSK,easy,clean,mask_balanced,0.8868,0.8507,0.9204
natural/isic_MSK,easy,clean,mask_cfs,0.9166,0.8854,0.9447
natural/isic_MSK,easy,clean,mask_cmc,0.8702,0.8301,0.9075
natural/isic_MSK,easy,clean,mask_dfr,0.8230,0.7606,0.8773
natural/isic_MSK,easy,clean,selector_v2,0.7740,0.7186,0.8249
natural/isic_MSK,easy,clean,umte,0.9149,0.8823,0.9435
natural/isic_MSK,easy,clean,umte_balanced,0.8892,0.8524,0.9224
natural/isic_MSK,easy,clean,umte_protect,0.8947,0.8582,0.9272
natural/isic_MSK,hard,clean,afr,0.6233,0.5759,0.6703
natural/isic_MSK,hard,clean,balanced,0.7248,0.6825,0.7643
natural/isic_MSK,hard,clean,ens,0.6571,0.6106,0.7027
natural/isic_MSK,hard,clean,erm,0.6882,0.6436,0.7300
natural/isic_MSK,hard,clean,full_cmc,0.7494,0.7098,0.7864
natural/isic_MSK,hard,clean,groupdro,0.7035,0.6593,0.7468
natural/isic_MSK,hard,clean,locrand,0.6236,0.5762,0.6707
natural/isic_MSK,hard,clean,locrand_loc,0.6286,0.5809,0.6759
natural/isic_MSK,hard,clean,mask,0.6233,0.5759,0.6703
natural/isic_MSK,hard,clean,mask_bal,0.6678,0.6218,0.7125
natural/isic_MSK,hard,clean,mask_balanced,0.6678,0.6218,0.7125
natural/isic_MSK,hard,clean,mask_cfs,0.6235,0.5759,0.6708
natural/isic_MSK,hard,clean,mask_cmc,0.6937,0.6482,0.7374
natural/isic_MSK,hard,clean,mask_dfr,0.6623,0.6140,0.7082
natural/isic_MSK,hard,clean,selector_v2,0.7494,0.7098,0.7864
natural/isic_MSK,hard,clean,umte,0.6136,0.5653,0.6616
natural/isic_MSK,hard,clean,umte_balanced,0.6525,0.6049,0.6991
natural/isic_MSK,hard,clean,umte_protect,0.6636,0.6162,0.7099
natural/isic2020,all,clean,afr,0.8065,0.7870,0.8253
natural/isic2020,all,clean,balanced,0.7812,0.7597,0.8017
natural/isic2020,all,clean,ens,0.7984,0.7787,0.8176
natural/isic2020,all,clean,erm,0.7947,0.7740,0.8141
natural/isic2020,all,clean,full_cmc,0.7741,0.7520,0.7950
natural/isic2020,all,clean,groupdro,0.7806,0.7598,0.8006
natural/isic2020,all,clean,locrand,0.8065,0.7869,0.8253
natural/isic2020,all,clean,locrand_loc,0.8057,0.7862,0.8243
natural/isic2020,all,clean,mask,0.8065,0.7870,0.8253
natural/isic2020,all,clean,mask_bal,0.7955,0.7755,0.8149
natural/isic2020,all,clean,mask_balanced,0.7930,0.7733,0.8122
natural/isic2020,all,clean,mask_cfs,0.8075,0.7881,0.8262
natural/isic2020,all,clean,mask_cmc,0.7855,0.7648,0.8051
natural/isic2020,all,clean,mask_dfr,0.7588,0.7380,0.7788
natural/isic2020,all,clean,selector_v2,0.7741,0.7520,0.7950
natural/isic2020,all,clean,umte,0.7908,0.7698,0.8104
natural/isic2020,all,clean,umte_balanced,0.7719,0.7511,0.7922
natural/isic2020,all,clean,umte_protect,0.8043,0.7854,0.8229
natural/isic2020,easy,clean,afr,0.8463,0.8069,0.8830
natural/isic2020,easy,clean,balanced,0.7380,0.6807,0.7931
natural/isic2020,easy,clean,ens,0.8129,0.7677,0.8548
natural/isic2020,easy,clean,erm,0.7902,0.7398,0.8380
natural/isic2020,easy,clean,full_cmc,0.7189,0.6593,0.7768
natural/isic2020,easy,clean,groupdro,0.7556,0.7065,0.8017
natural/isic2020,easy,clean,locrand,0.8461,0.8067,0.8828
natural/isic2020,easy,clean,locrand_loc,0.8417,0.8007,0.8799
natural/isic2020,easy,clean,mask,0.8463,0.8069,0.8830
natural/isic2020,easy,clean,mask_bal,0.8035,0.7581,0.8461
natural/isic2020,easy,clean,mask_balanced,0.7974,0.7495,0.8418
natural/isic2020,easy,clean,mask_cfs,0.8481,0.8091,0.8841
natural/isic2020,easy,clean,mask_cmc,0.7299,0.6756,0.7810
natural/isic2020,easy,clean,mask_dfr,0.7755,0.7258,0.8232
natural/isic2020,easy,clean,selector_v2,0.7189,0.6593,0.7768
natural/isic2020,easy,clean,umte,0.8223,0.7779,0.8638
natural/isic2020,easy,clean,umte_balanced,0.7632,0.7117,0.8110
natural/isic2020,easy,clean,umte_protect,0.8560,0.8176,0.8918
natural/isic2020,hard,clean,afr,0.7311,0.7035,0.7575
natural/isic2020,hard,clean,balanced,0.8179,0.7968,0.8370
natural/isic2020,hard,clean,ens,0.7613,0.7347,0.7861
natural/isic2020,hard,clean,erm,0.7862,0.7635,0.8074
natural/isic2020,hard,clean,full_cmc,0.8218,0.8012,0.8407
natural/isic2020,hard,clean,groupdro,0.7909,0.7667,0.8141
natural/isic2020,hard,clean,locrand,0.7313,0.7039,0.7576
natural/isic2020,hard,clean,locrand_loc,0.7338,0.7055,0.7603
natural/isic2020,hard,clean,mask,0.7311,0.7035,0.7575
natural/isic2020,hard,clean,mask_bal,0.7663,0.7401,0.7910
natural/isic2020,hard,clean,mask_balanced,0.7695,0.7429,0.7943
natural/isic2020,hard,clean,mask_cfs,0.7331,0.7059,0.7591
natural/isic2020,hard,clean,mask_cmc,0.8090,0.7870,0.8305
natural/isic2020,hard,clean,mask_dfr,0.7268,0.6891,0.7603
natural/isic2020,hard,clean,selector_v2,0.8218,0.8012,0.8407
natural/isic2020,hard,clean,umte,0.7341,0.7067,0.7602
natural/isic2020,hard,clean,umte_balanced,0.7737,0.7491,0.7971
natural/isic2020,hard,clean,umte_protect,0.6912,0.6574,0.7224
